citing_patent,citing_title,citing_assignee,citing_url
US-2006218055-A1,Enhancing Touch and Feel on the Internet,HARRIS SCOTT C,https://patents.google.com/patent/US20060218055A1
US-2006155605-A1,Rich media personal selling system,"HAIGHTON PETER, MCLEOD DONALD G, ROOYEN HENRI V",https://patents.google.com/patent/US20060155605A1
US-8335986-B2,Previewing different types of documents,"CARLEN CONRAD, COFFMAN PATRICK, STAAKE RYAN, SARNOFF MATTHEW, APPLE INC",https://patents.google.com/patent/US8335986B2
US-8850361-B2,Enhancing touch and feel on the internet,HARRIS SCOTT C,https://patents.google.com/patent/US8850361B2
US-10409854-B2,Image selection based on text topic and image explanatory value,HEWLETT PACKARD DEVELOPMENT CO,https://patents.google.com/patent/US10409854B2
US-7593015-B2,System and method for sequencing media objects,KYOCERA WIRELESS CORP,https://patents.google.com/patent/US7593015B2
US-2009259681-A1,Automatic generation and publication of online documentation,ORACLE INT CORP,https://patents.google.com/patent/US20090259681A1
US-2016216858-A1,Method and program product for an interactive e-book,KHAN MANZURUL,https://patents.google.com/patent/US20160216858A1
US-2006017736-A1,Animation packager for an on-line book,MCKEETH JAMES A,https://patents.google.com/patent/US20060017736A1
US-2007178039-A1,Crystals for a semiconductor radiation detector and method for making the crystals,GEN ELECTRIC,https://patents.google.com/patent/US20070178039A1
US-2011055691-A1,Previewing different types of documents,APPLE INC,https://patents.google.com/patent/US20110055691A1
US-2005168485-A1,System for combining a sequence of images with computer-generated 3D graphics,Nattress Thomas G.,https://patents.google.com/patent/US20050168485A1
US-8086505-B2,Enhancing touch and feel on the internet,"HARRIS SCOTT C, ILLINOIS COMP RES LLC",https://patents.google.com/patent/US8086505B2
US-7652669-B2,Animation packager for an on-line book,MICRON TECHNOLOGY INC,https://patents.google.com/patent/US7652669B2
US-2004070689-A1,"Image processing method, image processing apparatus, and printing apparatus",CANON KK,https://patents.google.com/patent/US20040070689A1
US-7019741-B2,Methods and systems for simulating animation of web-based data files,GEN ELECTRIC,https://patents.google.com/patent/US7019741B2
US-2009055290-A1,Enhancing Touch and Feel on the Internet,HARRIS SCOTT C,https://patents.google.com/patent/US20090055290A1
US-8463821-B2,Automatic generation and publication of online documentation,"LUBBERS JEDIDJA, KUMAR VIVEK, SIDHU RAVINDER PAL SINGH, BANDY THERESA M ROBERTSON, CREWS ROBERT, GILCHRIST EDGAR S, PALANI ARUMUGAM THIRAVALLUR, REDDY PHANEENDRA, ROMERO ANTONIO, ORACLE INT CORP",https://patents.google.com/patent/US8463821B2
US-2004130551-A1,Animation packager for an on-line book,Mckeeth James A.,https://patents.google.com/patent/US20040130551A1
US-8943395-B2,Previewing different types of documents,APPLE INC,https://patents.google.com/patent/US8943395B2
US-7111252-B1,Enhancing touch and feel on the internet,HARRIS SCOTT C,https://patents.google.com/patent/US7111252B1
US-7847806-B2,"Image processing method, image processing apparatus, and printing apparatus",CANON KK,https://patents.google.com/patent/US7847806B2
US-8103973-B2,Enhancing touch and feel on the internet,"HARRIS SCOTT C, ILLINOIS COMP RES LLC",https://patents.google.com/patent/US8103973B2
US-6661419-B2,Animation packager for an on-line book,MICRON TECHNOLOGY INC,https://patents.google.com/patent/US6661419B2
US-2005104886-A1,System and method for sequencing media objects,Sumita Rao,https://patents.google.com/patent/US20050104886A1
US-2006229952-A1,Enhancing Touch and Feel on the Internet,HARRIS SCOTT C,https://patents.google.com/patent/US20060229952A1
US-9582824-B2,Enhancing touch and feel on the Internet,HARRIS SCOTT C,https://patents.google.com/patent/US9582824B2
US-8738471-B2,Enhancing touch and feel on the internet,HARRIS SCOTT C,https://patents.google.com/patent/US8738471B2
US-2003093382-A1,Method for producing/selling book using network and producing/selling system,"Yasunori Himeno, Toshihiro Takagi, Toru Yagi",https://patents.google.com/patent/US20030093382A1
US-2006178952-A1,Enhancing Touch and Feel on the Internet,HARRIS SCOTT C,https://patents.google.com/patent/US20060178952A1
US-2010073382-A1,System and method for sequencing media objects,KYOCERA WIRELESS CORP,https://patents.google.com/patent/US20100073382A1
US-7617135-B2,Enhancing touch and feel on the internet,ILLINOIS COMP RES LLC,https://patents.google.com/patent/US7617135B2
US-2009112839-A1,Media Enhancement Mechanism,YAHOO INC,https://patents.google.com/patent/US20090112839A1
US-2007088726-A1,System and method for assisted entry of database schema data,"DAOS BRENDA, WU VINCENT, LOGASUNDARAM KARTHIK C, SINGH HARPREET",https://patents.google.com/patent/US20070088726A1
US-7053899-B2,Animation packager for an on-line book,MICRON TECHNOLOGY INC,https://patents.google.com/patent/US7053899B2
US-2008301578-A1,"Methods, Systems, and Computer Program Products for Navigating a Sequence of Illustrative Scenes within a Digital Production",OLSON PETER JONATHAN,https://patents.google.com/patent/US20080301578A1
US-8290929-B2,Media enhancement mechanism using embed code,"FISHER ROBERTO WARREN, KALABOUKIS CHRIS, MARTINEZ RONALD, ROGERS IAN C, YAHOO INC",https://patents.google.com/patent/US8290929B2
US-2009055289-A1,Enhancing Touch and Feel on the Internet,HARRIS SCOTT C,https://patents.google.com/patent/US20090055289A1
US-11113127-B2,Command line output redirection,MICRON TECHNOLOGY INC,https://patents.google.com/patent/US11113127B2
US-9953143-B2,Software identifier based correlation,"YEE JOHN LEONG, ALONZO JASON ARON, APTE UMESH MADHAV, ORACLE INT CORP",https://patents.google.com/patent/US9953143B2
US-9300838-B2,Image transmission apparatus,"YOSHIURA SYOUICHIROU, OKAMOTO YUJI, FUJIWARA KATSUYOSHI, UEDA NAOFUMI, SHARP KK",https://patents.google.com/patent/US9300838B2
US-2006176501-A1,Image transmission apparatus,"YOSHIURA SYOUICHIROU, OKAMOTO YUJI, FUJIWARA KATSUYOSHI, UEDA NAOFUMI",https://patents.google.com/patent/US20060176501A1
US-2004017906-A1,Method of disconnecting a computer modem or other telephone enabled system from a telephone line to prevent unauthorized calls,EASTMAN KODAK CO,https://patents.google.com/patent/US20040017906A1
US-6718025-B2,System and method for toll notification when placing a call,BELLSOUTH INTELLECT PTY CORP,https://patents.google.com/patent/US6718025B2
US-2010058470-A1,Mobile terminal to prevent virus infection and method of controlling operation of the mobile terminal,KIM TAE YONG,https://patents.google.com/patent/US20100058470A1
US-2003185373-A1,System and method for toll notification when placing a call,"Boughman Glenn Ralph, Kropenick Wendy Kay",https://patents.google.com/patent/US20030185373A1
US-9936085-B2,Image transmission apparatus,SHARP KK,https://patents.google.com/patent/US9936085B2
US-8621633-B2,Mobile terminal to prevent virus infection and method of controlling operation of the mobile terminal,"KIM TAE YONG, LG ELECTRONICS INC",https://patents.google.com/patent/US8621633B2
US-6570973-B1,System and method for toll notification when placing a call,BELLSOUTH INTELLECT PTY CORP,https://patents.google.com/patent/US6570973B1
US-8737988-B2,Service provider identifier,AT & T IP I LP,https://patents.google.com/patent/US8737988B2
US-9391808-B2,Phonecasting systems and methods,"KAUFMAN MATTHEW, SHARP MICHAEL, COLEMAN CHRISTOPHER",https://patents.google.com/patent/US9391808B2
US-8385915-B2,Service provider identifier,"AT & T IP I LP, PETRONELLI ANTHONY PAUL",https://patents.google.com/patent/US8385915B2
DE-10253374-B4,0,BLOECHL BERNHARD,https://patents.google.com/patent/DE10253374B4
US-2004186725-A1,Apparatus and method for preventing unauthorized use of an information processing device,NEC CORP,https://patents.google.com/patent/US20040186725A1
US-2006246876-A1,System for notifying a cellular telephone user that a call involves another telephone located outside of a defined service charge range of user&#39;s network,"AWADA FAISAL M, BROWN JOE N, BURKES PHILIP B, ESPINOZA VICTOR JR",https://patents.google.com/patent/US20060246876A1
GB-2422980-A,Modem to telephone line interlock,BLANSHARD GEORGE,https://patents.google.com/patent/GB2422980A
US-2007015507-A1,Service provider identifier,PETRONELLI ANTHONY P,https://patents.google.com/patent/US20070015507A1
US-10560589-B2,Image transmission apparatus,SHARP KK,https://patents.google.com/patent/US10560589B2
US-2008107102-A1,Phonecasting systems and methods,BANDTONES LLC,https://patents.google.com/patent/US20080107102A1
US-2015209501-A1,Safety features for medical devices requiring assistance and supervision,NXSTAGE MEDICAL INC,https://patents.google.com/patent/US20150209501A1
US-2004238630-A1,Systems and methods for determining an authorization threshold,"Cassandra Mollett, Bethscheider Alan Jay, Brauckman Susan Diane, Walker David A., Smith David Wayne",https://patents.google.com/patent/US20040238630A1
US-7082483-B2,System and apparatus for compressing and decompressing data stored to a portable data storage device,TREK TECHNOLOGY SINGAPORE PTE,https://patents.google.com/patent/US7082483B2
US-2006200628-A1,Portable data storage device,"CHENG CHONG S, POO TENG P",https://patents.google.com/patent/US20060200628A1
US-2008320128-A1,"Method, system and service for structured data filtering, aggregation, and dissemination",ALCATEL LUCENT,https://patents.google.com/patent/US20080320128A1
US-9305108-B2,Semantic selection and purpose facilitation,GOOGLE INC,https://patents.google.com/patent/US9305108B2
US-2006259652-A1,System and apparatus for compressing and decompressing data stored to a portable data storage device,TREK 2000 INT LTD,https://patents.google.com/patent/US20060259652A1
US-7941669-B2,Method and apparatus for enabling a user to select an authentication method,AMERICAN EXPRESS TRAVEL RELATE,https://patents.google.com/patent/US7941669B2
US-11154776-B2,Semantic gaming and application transformation,IDHL HOLDINGS INC,https://patents.google.com/patent/US11154776B2
US-7549161-B2,Portable device having biometrics-based authentication capabilities,TREK 2000 INT LTD,https://patents.google.com/patent/US7549161B2
US-7877612-B2,System and method for controlling user access to an electronic device,MICRON TECHNOLOGY INC,https://patents.google.com/patent/US7877612B2
US-7191941-B1,Systems and methods for determining a need for authorization,FIRST DATA CORP,https://patents.google.com/patent/US7191941B1
CN-106775353-A,A kind of method that utilization mouse action unlocks desktop operating system screen,ISOFT INFRASTRUCTURE SOFTWARE CO LTD,https://patents.google.com/patent/CN106775353A
US-2010005522-A1,Digital transmission system (DTS) for computer security,DAROGA BEHRUZ NADER,https://patents.google.com/patent/US20100005522A1
US-10782792-B2,3D pointing devices with orientation compensation and improved usability,IDHL HOLDINGS INC,https://patents.google.com/patent/US10782792B2
US-2005182962-A1,Computer security peripheral,"Paul Given, Farleigh Scott E.",https://patents.google.com/patent/US20050182962A1
US-2002174287-A1,Portable data storage device capable of being directly connected via USB plug to a computer,Cheng Chong Seng,https://patents.google.com/patent/US20020174287A1
US-2004139255-A1,Portable data storage device,CHENG CHONG SENG,https://patents.google.com/patent/US20040139255A1
US-2003174167-A1,System and apparatus for accessing and transporting electronic communications using a portable data storage device,"Poo Teng Pin, Low Kim Seah",https://patents.google.com/patent/US20030174167A1
US-11783939-B2,Safety features for medical devices requiring assistance and supervision,NXSTAGE MEDICAL INC,https://patents.google.com/patent/US11783939B2
US-12112849-B2,Safety features for medical devices requiring assistance and supervision,NXSTAGE MEDICAL INC,https://patents.google.com/patent/US12112849B2
US-7725725-B1,User-selectable signatures,ODOM GARY,https://patents.google.com/patent/US7725725B1
US-7631121-B2,System and apparatus for compressing and decompressing data stored to a portable data storage device,TREK 2000 INT LTD,https://patents.google.com/patent/US7631121B2
GB-2458426-A,Password protection system and method,INVICTA NETWORKS INC,https://patents.google.com/patent/GB2458426A
US-7350078-B1,User selection of computer login,ODOM GARY,https://patents.google.com/patent/US7350078B1
US-10534899-B2,Utilizing inputs for accessing devices,BLACKBERRY LTD,https://patents.google.com/patent/US10534899B2
US-2018061010-A1,"Protecting individuals privacy in public through visual opt-out, signal detection, and marker detection",IBM,https://patents.google.com/patent/US20180061010A1
US-9946356-B2,3D pointing devices with orientation compensation and improved usability,"IDHL HOLDINGS INC, INTERDIGITAL PATENT HOLDINGS INC",https://patents.google.com/patent/US9946356B2
US-10331869-B2,System and method for controlling user access to an electronic device,MICRON TECHNOLOGY INC,https://patents.google.com/patent/US10331869B2
US-8890827-B1,Selected content refinement mechanisms,GOOGLE INC,https://patents.google.com/patent/US8890827B1
US-9465929-B2,System and method for controlling user access to an electronic device,MICRON TECHNOLOGY INC,https://patents.google.com/patent/US9465929B2
US-2004025031-A1,Method and apparatus of storage anti-piracy key encryption (SAKE) device to control data access for networks,"Ooi Chin Shyan Raymond, Lim Lay Chuan, Poo Teng Pin, Henry Tan",https://patents.google.com/patent/US20040025031A1
US-2017063876-A1,Systems and methods for protecting messages utilizing a hidden restriction mechanism,CYBERLINK CORP,https://patents.google.com/patent/US20170063876A1
US-8429415-B1,User-selectable signatures,"ODOM GARY, Tierra Intelectual Borinquen",https://patents.google.com/patent/US8429415B1
US-2003149816-A1,Portable data storage and image recording device capable of direct connection to a computer USB port,"Poo Teng Pin, Kuan Mun Kwong",https://patents.google.com/patent/US20030149816A1
US-9910974-B2,Method for controlling user access to an electronic device,MICRON TECHNOLOGY INC,https://patents.google.com/patent/US9910974B2
US-2013069778-A1,Safety features for medical devices requiring assistance and supervision,"BURBANK JEFFREY H, TREU DENNIS M, BRUGGER JAMES M, NXSTAGE MEDICAL INC",https://patents.google.com/patent/US20130069778A1
US-2012174214-A1,Enhancing biometric security of a system,"HUANG ZUO, ZHANG QUNZHONG, GUI KAI, KOHLENBERG TOBIAS M, INTEL CORP",https://patents.google.com/patent/US20120174214A1
US-9201914-B2,"Method, system and service for structured data filtering, aggregation, and dissemination","BOU-DIAB BASHAR SAID, RABINOVITCH PETER, ALCATEL LUCENT",https://patents.google.com/patent/US9201914B2
US-8429416-B2,Method and apparatus of storage anti-piracy key encryption (SAKE) device to control data access for networks,"OOI CHIN SHYAN RAYMOND, LIM LAY CHUAN, POO TENG PIN, TAN HENRY, TREK 2000 INT LTD",https://patents.google.com/patent/US8429416B2
US-9501583-B2,Referent based search suggestions,GOOGLE INC,https://patents.google.com/patent/US9501583B2
US-2014156999-A1,User selectable signature,"ODOM GARY, TIERRA INTELECTUAL BORINQUEN INC",https://patents.google.com/patent/US20140156999A1
US-8359659-B2,Method and apparatus for protecting private information on a user apparatus,"CREATIVE TECH LTD, SIM WONG HOO, LEE TECK CHEE, TAN AIK TAT, CHOO GUAN CHUAN",https://patents.google.com/patent/US8359659B2
US-9258301-B2,Advanced authentication techniques,"SKY SOCKET LLC, AIRWATCH LLC",https://patents.google.com/patent/US9258301B2
US-12423401-B2,Device and method for authenticating a user of a first electronic device connected to a second electronic device by using a relative characteristic parameter,ORANGE,https://patents.google.com/patent/US12423401B2
US-2006279552-A1,"Information processing apparatus, method and program",TONOUCHI YOJIRO,https://patents.google.com/patent/US20060279552A1
US-2006230203-A1,A portable data storage device having a secure mode of operation,TREK TECHNOLOGY SINGAPORE PTE,https://patents.google.com/patent/US20060230203A1
US-2003005337-A1,Portable device having biometrics-based authentication capabilities,"Poo Teng Pin, Lim Lay Chuan",https://patents.google.com/patent/US20030005337A1
US-2013314336-A1,Methods of rhythm touch unlock and related electronic device,WISTRON CORP,https://patents.google.com/patent/US20130314336A1
US-9026798-B2,User selectable signature,TIERRA INTELECTUAL BORINQUEN INC,https://patents.google.com/patent/US9026798B2
US-7039759-B2,Portable data storage device,TREK TECHNOLOGY SINGAPORE PTE,https://patents.google.com/patent/US7039759B2
US-7489299-B2,User interface devices and methods employing accelerometers,HILLCREST LAB INC,https://patents.google.com/patent/US7489299B2
US-7769638-B1,Systems and methods for verifying authorization for electronic commerce,FIRST DATA CORP,https://patents.google.com/patent/US7769638B1
US-2022375592-A1,Safety Features for Medical Devices Requiring Assistance and Supervision,NXSTAGE MEDICAL INC,https://patents.google.com/patent/US20220375592A1
US-8856897-B2,Method and apparatus for enabling a user to select an authentication method,SORA APPLIC LLC,https://patents.google.com/patent/US8856897B2
US-10169558-B2,Enhancing biometric security of a system,"HUANG ZUO, ZHANG QUNZHONG, GUI KAI, KOHLENBERG TOBIAS M, INTEL CORP",https://patents.google.com/patent/US10169558B2
US-2016224777-A1,User Authentication For Mobile Devices Using Behavioral Analysis,MCAFEE INC,https://patents.google.com/patent/US20160224777A1
US-7650470-B2,Method and devices for data transfer,TREK 2000 INTERNATIONAL LTD,https://patents.google.com/patent/US7650470B2
US-8209462-B2,Portable data storage device,"CHENG CHONG SENG, POO TENG PIN, TREK 2000 INT LTD",https://patents.google.com/patent/US8209462B2
US-2010050268-A1,Password protection system and method,INVICTA NETWORKS INC,https://patents.google.com/patent/US20100050268A1
US-2005274797-A1,Systems and methods for determining an authorization,"MOLLETT CASSANDRA, BETHSCHEIDER ALAN J, BRAUCKMAN SUSAN D, WALKER DAVID A, SMITH DAVID W",https://patents.google.com/patent/US20050274797A1
US-2003005336-A1,Portable device having biometrics-based authentication capabilities,"Poo Teng Pin, Lim Lay Chuan",https://patents.google.com/patent/US20030005336A1
US-2002087894-A1,Method and apparatus for enabling a user to select an authentication method,"Foley James M., Johnson Rick D., Anant Nambiar",https://patents.google.com/patent/US20020087894A1
FR-3111503-A1,0,ORANGE,https://patents.google.com/patent/FR3111503A1
US-8176547-B2,System and method for controlling user access to an electronic device,"MCKEETH JAMES, MICRON TECHNOLOGY INC",https://patents.google.com/patent/US8176547B2
US-6935559-B2,Systems and methods for determining an authorization threshold,FIRST DATA CORP,https://patents.google.com/patent/US6935559B2
US-8214886-B2,Method and apparatus for enabling a user to select an authentication method,"FOLEY JAMES M, JOHNSON RICK D, NAMBIAR ANANT, AMERICAN EXPRESS TRAVEL RELATE",https://patents.google.com/patent/US8214886B2
US-9024746-B2,Safety features for medical devices requiring assistance and supervision,"BURBANK JEFFREY H, TREU DENNIS M, BRUGGER JAMES M, NXSTAGE MEDICAL INC",https://patents.google.com/patent/US9024746B2
US-8296831-B2,Method and apparatus for enabling a user to select an authentication method,"FOLEY JAMES M, JOHNSON RICK D, NAMBIAR ANANT, AMERICAN EXPRESS TRAVEL RELATE",https://patents.google.com/patent/US8296831B2
US-8352745-B2,System and method for controlling user access to an electronic device,"MICRON TECHNOLOGY INC, MCKEETH JAMES",https://patents.google.com/patent/US8352745B2
US-2005044382-A1,System and method for user authentication,Mckeeth James,https://patents.google.com/patent/US20050044382A1
US-8839416-B2,System and method for controlling user access to an electronic device,MICRON TECHNOLOGY INC,https://patents.google.com/patent/US8839416B2
US-2005174324-A1,User interface devices and methods employing accelerometers,HILLCREST COMMUNICATIONS INC,https://patents.google.com/patent/US20050174324A1
US-2008059660-A1,Portable data storage device,TREK 2000 INT LTD,https://patents.google.com/patent/US20080059660A1
US-11157091-B2,3D pointing devices and methods,IDHL HOLDINGS INC,https://patents.google.com/patent/US11157091B2
US-10311221-B2,System and method for controlling user access to an electronic device,MICRON TECHNOLOGY INC,https://patents.google.com/patent/US10311221B2
US-2005022005-A1,System and method for controlling user access to an electronic device,Mckeeth James,https://patents.google.com/patent/US20050022005A1
US-11689525-B2,System and apparatus for biometric identification of a unique user and authorization of the unique user,BRAIN TUNNELGENIX TECH CORP,https://patents.google.com/patent/US11689525B2
US-8145913-B1,System and method for password protection,"ZAITSEV OLEG V, KASPERSKY LAB ZAO",https://patents.google.com/patent/US8145913B1
US-12192196-B1,System and apparatus for biometric identification of a unique user and authorization of the unique user,BRAIN TUNNELGENIX TECH CORP,https://patents.google.com/patent/US12192196B1
WO-2021260314-A1,Device and method for authenticating a user of a first electronic device connected to a second electronic device,ORANGE,https://patents.google.com/patent/WO2021260314A1
US-9032316-B1,Value-based presentation of user-selectable computing actions,GOOGLE INC,https://patents.google.com/patent/US9032316B1
WO-2008103778-A3,Password protection system and method,"INVICTA NETWORKS INC, SHEYMOV VICTOR I",https://patents.google.com/patent/WO2008103778A3
US-2014096210-A1,Advanced Authentication Techniques,SKY SOCKET LLC,https://patents.google.com/patent/US20140096210A1
US-9594474-B2,Semantic selection and purpose facilitation,GOOGLE INC,https://patents.google.com/patent/US9594474B2
US-10514776-B2,3D pointing devices and methods,IDHL HOLDINGS INC,https://patents.google.com/patent/US10514776B2
US-2006101275-A1,Presence sensing information security,IBM,https://patents.google.com/patent/US20060101275A1
US-2005021960-A1,Method and system for authenticating a user of a computer system,Mckeeth James,https://patents.google.com/patent/US20050021960A1
US-7657095-B2,"Information processing apparatus, method and program",TOSHIBA KK,https://patents.google.com/patent/US7657095B2
US-8878785-B1,Intent determination using geometric shape input,GOOGLE INC,https://patents.google.com/patent/US8878785B1
US-8255982-B2,Method and apparatus for enabling a user to select an authentication method,"FOLEY JAMES M, JOHNSON RICK D, NAMBIAR ANANT, AMERICAN EXPRESS TRAVEL RELATE",https://patents.google.com/patent/US8255982B2
US-7182255-B2,Systems and methods for determining an authorization,FIRST DATA CORP,https://patents.google.com/patent/US7182255B2
US-2011107416-A1,Portable device having biometrics-based authentication capabilities,TREK 2000 INT LTD,https://patents.google.com/patent/US20110107416A1
US-8605959-B2,"Apparatus, system, and method for sequenced biometric authentication","KANGAS DAN, KANGAS REGINA DAWN, IBM",https://patents.google.com/patent/US8605959B2
US-9811651-B2,System and method for controlling user access to an electronic device,MICRON TECHNOLOGY INC,https://patents.google.com/patent/US9811651B2
US-2006294599-A1,Method and apparatus for protecting private information on a user apparatus,CREATIVE TECH LTD,https://patents.google.com/patent/US20060294599A1
US-10419444-B2,Systems and methods for protecting messages utilizing a hidden restriction mechanism,CYBERLINK CORP,https://patents.google.com/patent/US10419444B2
US-2003217206-A1,System and apparatus for compressing and decompressing data stored to a portable data storage device,Poo Teng Pin,https://patents.google.com/patent/US20030217206A1
US-2010158327-A1,"Apparatus, system, and method for sequenced biometric authentication",IBM,https://patents.google.com/patent/US20100158327A1
US-11068696-B2,"Protecting individuals privacy in public through visual opt-out, signal detection, and marker detection",IBM,https://patents.google.com/patent/US11068696B2
US-2004225762-A1,Method and devices for data transfer,Poo Teng Pin,https://patents.google.com/patent/US20040225762A1
US-10339288-B2,User authentication for mobile devices using behavioral analysis,"MCAFEE INC, MCAFEE LLC",https://patents.google.com/patent/US10339288B2
US-9375527-B2,Safety features for medical devices requiring assistance and supervision,NXSTAGE MEDICAL INC,https://patents.google.com/patent/US9375527B2
US-9779179-B2,Referent based search suggestions,GOOGLE INC,https://patents.google.com/patent/US9779179B2
US-7353399-B2,Method and apparatus of storage anti-piracy key encryption (SAKE) device to control data access for networks,TREK 2000 INT LTD,https://patents.google.com/patent/US7353399B2
US-9652556-B2,Search suggestions based on viewport content,GOOGLE INC,https://patents.google.com/patent/US9652556B2
US-2011202978-A1,Method and apparatus for enabling a user to select an authentication method,AMERICAN EXPRESS TRAVEL RELATE,https://patents.google.com/patent/US20110202978A1
US-8904185-B2,Presence sensing information security,"DANIELS FONDA, KUMHYR DAVID B, LYLE RUTHIE D, IBM",https://patents.google.com/patent/US8904185B2
US-2011119759-A1,System and method for controlling user access to an electronic device,MICRON TECHNOLOGY INC,https://patents.google.com/patent/US20110119759A1
US-2011197265-A1,Method and apparatus for enabling a user to select an authentication method,AMERICAN EXPRESS TRAVEL RELATE,https://patents.google.com/patent/US20110197265A1
US-8473351-B1,Systems and methods for verifying authorization,"MOLLETT CASSANDRA, BETHSCHEIDER ALAN JAY, BRAUCKMAN SUSAN DIANE, WALKER DAVID A, SMITH DAVID WAYNE, FIRST DATA CORP",https://patents.google.com/patent/US8473351B1
US-9544306-B2,Attempted security breach remediation,"SKY SOCKET LLC, AIRWATCH LLC",https://patents.google.com/patent/US9544306B2
US-2011230204-A1,Interactive advisory system,LOCATOR IP LP,https://patents.google.com/patent/US20110230204A1
US-8825671-B1,Referent determination from selected content,GOOGLE INC,https://patents.google.com/patent/US8825671B1
US-2012137340-A1,Implicit authentication,"JAKOBSSON BJORN MARKUS, CHOW RICHARD, SHI RUNTING, PALO ALTO RES CT INC",https://patents.google.com/patent/US20120137340A1
US-2011197074-A1,Method and apparatus for enabling a user to select an authentication method,AMERICAN EXPRESS TRAVEL RELATE,https://patents.google.com/patent/US20110197074A1
US-8560705-B2,System and method employing an agile network protocol for secure communications using secure domain names,"LARSON VICTOR, SHORT III ROBERT DUNHAM, MUNGER EDMOND COLBY, WILLIAMSON MICHAEL, VIRNETX INC",https://patents.google.com/patent/US8560705B2
US-8572247-B2,Agile network protocol for secure communications using secure domain names,"LARSON VICTOR, SHORT III ROBERT DUNHAM, MUNGER EDMUND COLBY, WILLIAMSON MICHAEL, VIRNETX INC",https://patents.google.com/patent/US8572247B2
US-2004234049-A1,Telephone calling interface,John Melideo,https://patents.google.com/patent/US20040234049A1
US-9038163-B2,Systems and methods for connecting network devices over communication network,VIRNETX INC,https://patents.google.com/patent/US9038163B2
US-9027115-B2,System and method for using a registered name to connect network devices with a link that uses encryption,VIRNETX INC,https://patents.google.com/patent/US9027115B2
US-2007258437-A1,Switching network employing server quarantine functionality,BROADCOM CORP,https://patents.google.com/patent/US20070258437A1
US-8843643-B2,System and method employing an agile network protocol for secure communications using secure domain names,VIRNETX INC,https://patents.google.com/patent/US8843643B2
US-2008222415-A1,Agile network protocol for secure communications with assured system availability,VIRNETX INC,https://patents.google.com/patent/US20080222415A1
US-2010281398-A1,Telephone Calling Interface,MELIDEO JOHN,https://patents.google.com/patent/US20100281398A1
US-8516117-B2,Agile network protocol for secure communications with assured system availability,"MUNGER EDMUND, SCHMIDT DOUGLAS, SHORT III ROBERT, LARSON VICTOR, WILLIAMSON MICHAEL, VIRNETX INC",https://patents.google.com/patent/US8516117B2
US-9077695-B2,System and method for establishing an encrypted communication link based on IP address lookup requests,VIRNETX INC,https://patents.google.com/patent/US9077695B2
US-2008040791-A1,Agile network protocol for secure communications with assured system availability,VIRNETX INC,https://patents.google.com/patent/US20080040791A1
US-7509428-B2,Method and system for communicating between clients in a computer network,WEB COM INC,https://patents.google.com/patent/US7509428B2
US-10511573-B2,Agile network protocol for secure communications using secure domain names,VIRNETX INC,https://patents.google.com/patent/US10511573B2
US-9077694-B2,Agile network protocol for secure communications using secure domain names,"LARSON VICTOR, SHORT III ROBERT DUNHAM, MUNGER EDMUND COLBY, WILLIAMSON MICHAEL, VIRNETX INC",https://patents.google.com/patent/US9077694B2
US-2006123134-A1,Agile network protocol for secure communications with assured system availability,SCIENCE APPLIC INT CORP,https://patents.google.com/patent/US20060123134A1
US-2011167087-A1,agile network protocol for secure communications using secure domain names,VIRTNETX INC,https://patents.google.com/patent/US20110167087A1
US-9860283-B2,Agile network protocol for secure video communications with assured system availability,VIRNETX INC,https://patents.google.com/patent/US9860283B2
US-8504696-B2,System and method employing an agile network protocol for secure communications using secure domain names,"LARSON VICTOR, SHORT III ROBERT DUNHAM, MUNGER EDMOND COLBY, WILLIAMSON MICHAEL, VIRNETX INC",https://patents.google.com/patent/US8504696B2
US-9094399-B2,Method for establishing secure communication link between computers of virtual private network,"LARSON VICTOR, SHORT III ROBERT DUNHAM, MUNGER EDMUND COLBY, WILLIAMSON MICHAEL, VIRNETX INC",https://patents.google.com/patent/US9094399B2
US-8291012-B2,Address updating scheme for wireless communication,"GUPTA RAJARSHI, SUBRAMANIAN RAMACHANDRAN, QUALCOMM INC",https://patents.google.com/patent/US8291012B2
US-2008216168-A1,Method for establishing secure communication link between computers of virtual private network,VIRNETX INC,https://patents.google.com/patent/US20080216168A1
US-2004184418-A1,Arrangement for the wireless connection of terminals to a communication system,"Gerhard Benning, Josef Klein",https://patents.google.com/patent/US20040184418A1
US-2011185053-A1,Agile Network Protocol For Secure Communications Using Secure Domain Names,"LARSON VICTOR, SHORT III ROBERT DUNHAM, MUNGER EDMUND COLBY, WILLIAMSON MICHAEL",https://patents.google.com/patent/US20110185053A1
US-2008034201-A1,agile network protocol for secure communications with assured system availability,VIRNETX INC,https://patents.google.com/patent/US20080034201A1
US-2008005792-A1,Method for establishing secure communication link between computers of virtual private network,SCIENCE APPLIC INT CORP,https://patents.google.com/patent/US20080005792A1
US-8010793-B2,Data communication method and system,HITACHI LTD,https://patents.google.com/patent/US8010793B2
US-9100375-B2,System and method employing an agile network protocol for secure communications using secure domain names,"LARSON VICTOR, SHORT III ROBERT DUNHAM, MUNGER EDMOND COLBY, WILLIAMSON MICHAEL, VIRNETX INC",https://patents.google.com/patent/US9100375B2
US-10530758-B2,Methods of collaborative hardware and software DNS acceleration and DDOS protection,F5 NETWORKS INC,https://patents.google.com/patent/US10530758B2
US-2010306316-A1,Method for provision of an address in a data network,SCHUMACHER JOCHEN,https://patents.google.com/patent/US20100306316A1
US-7945654-B2,Agile network protocol for secure communications using secure domain names,VIRNETX INC,https://patents.google.com/patent/US7945654B2
US-2010198925-A1,Email client capable of supporting near real-time communication,REBELVOX LLC,https://patents.google.com/patent/US20100198925A1
US-8458341-B2,System and method employing an agile network protocol for secure communications using secure domain names,"LARSON VICTOR, SHORT III ROBERT DUNHAM, MUNGER EDMOND COLBY, WILLIAMSON MICHAEL, VIRNETX INC",https://patents.google.com/patent/US8458341B2
US-7921211-B2,Agile network protocol for secure communications using secure domain names,VIRNETX INC,https://patents.google.com/patent/US7921211B2
US-7769145-B2,Telephone calling interface,TECH SYSTEMS INC Q,https://patents.google.com/patent/US7769145B2
US-2013262676-A1,Apparatus and method for managing domain name system server in communication system,"SAMSUNG ELECTRONICS CO LTD, SAMSUNG ELECTRONICS CO LTD",https://patents.google.com/patent/US20130262676A1
US-8521888-B2,System and method employing an agile network protocol for secure communications using secure domain names,"LARSON VICTOR, SHORT III ROBERT DUNHAM, MUNGER EDMOND COLBY, WILLIAMSON MICHAEL, VIRNETX INC",https://patents.google.com/patent/US8521888B2
US-10164989-B2,Distinguishing human-driven DNS queries from machine-to-machine DNS queries,NOMINUM INC,https://patents.google.com/patent/US10164989B2
US-10187387-B2,Method for establishing connection between devices,VIRNETX INC,https://patents.google.com/patent/US10187387B2
US-2008040783-A1,Agile network protocol for secure communications using secure domain names,VIRNETX INC,https://patents.google.com/patent/US20080040783A1
US-9037713-B2,Agile network protocol for secure communications using secure domain names,"LARSON VICTOR, SHORT III ROBERT DUNHAM, MUNGER EDMUND COLBY, WILLIAMSON MICHAEL, VIRNETX INC",https://patents.google.com/patent/US9037713B2
US-2016173441-A1,Method and apparatus for allocating ip address by direct communication terminal,KOREA ELECTRONICS TELECOMM,https://patents.google.com/patent/US20160173441A1
US-10003567-B1,Systems and methods for providing DNS services,NOMINUM INC,https://patents.google.com/patent/US10003567B1
US-7933990-B2,Agile network protocol for secure communications with assured system availability,VIRNETX INC,https://patents.google.com/patent/US7933990B2
US-7359987-B2,Method and system for providing static addresses for Internet connected devices even if the underlying address is dynamic,ENOM INC,https://patents.google.com/patent/US7359987B2
US-8516131-B2,System and method employing an agile network protocol for secure communications using secure domain names,"LARSON VICTOR, SHORT III ROBERT DUNHAM, MUNGER EDMOND COLBY, WILLIAMSON MICHAEL, VIRNETX INC",https://patents.google.com/patent/US8516131B2
US-7987274-B2,Method for establishing secure communication link between computers of virtual private network,VIRNETX INC,https://patents.google.com/patent/US7987274B2
US-9819649-B2,System and method employing an agile network protocol for secure communications using secure domain names,VIRNETX INC,https://patents.google.com/patent/US9819649B2
US-2024015099-A1,Network traffic routing in an sd-wan,CHECK POINT SOFTWARE TECH LTD,https://patents.google.com/patent/US20240015099A1
US-8554899-B2,Agile network protocol for secure communications using secure domain names,"LARSON VICTOR, SHORT III ROBERT, MUNGER EDMUND, WILLIAMSON MICHAEL, VIRNETX INC",https://patents.google.com/patent/US8554899B2
US-8688789-B2,Progressive messaging apparatus and method capable of supporting near real-time communication,"KATIS THOMAS E, PANTTAJA JAMES T, PANTTAJA MARY G, RANNEY MATTHEW R, VOXER IP LLC",https://patents.google.com/patent/US8688789B2
US-2006190623-A1,Method and system for providing static addresses for Internet connected devices even if the underlying address is dynamic,STAHURA PAUL,https://patents.google.com/patent/US20060190623A1
US-9973373-B2,Apparatus and method for managing domain name system server in communication system,"SAMSUNG ELECTRONICS CO LTD, SAMSUNG ELECTRONICS CO LTD",https://patents.google.com/patent/US9973373B2
US-7734683-B1,Method for providing a DNS server address list from a server to a client,NOKIA CORP,https://patents.google.com/patent/US7734683B1
US-8943201-B2,Method for establishing encrypted channel,"LARSON VICTOR, SHORT ROBERT DUNHAM, MUNGER EDMUND COLBY, WILLIAMSON MICHAEL, VIRNETX INC",https://patents.google.com/patent/US8943201B2
US-2010198988-A1,"Methods for using the addressing, protocols and the infrastructure of email to support near real-time communication",REBELVOX LLC,https://patents.google.com/patent/US20100198988A1
US-2011191582-A1,Agile Network Protocol For Secure Communications With Assured System Availability,"MUNGER EDMUND COLBY, SABIO VINCENT J, SHORT III ROBERT DUNHAM, GLIGOR VIRGIL D, SCHMIDT DOUGLAS CHARLES",https://patents.google.com/patent/US20110191582A1
US-7783780-B2,Method and system for mapping a domain name with no associated address to an address,DEMAND MEDIA INC,https://patents.google.com/patent/US7783780B2
US-2006095768-A1,Data communication method and system,"HOSHINO KAZUYOSHI, TAKEUCHI KEISUKE, TAKATA OSAMU, KAJI TADASHI, FUJISHIRO TAKAHIRO",https://patents.google.com/patent/US20060095768A1
US-9413766-B2,Method for establishing connection between devices,VIRNETX INC,https://patents.google.com/patent/US9413766B2
US-7570971-B2,Arrangement for the wireless connection of terminals to a communication system,SIEMENS AG,https://patents.google.com/patent/US7570971B2
US-8051181-B2,Method for establishing secure communication link between computers of virtual private network,VIRNETX INC,https://patents.google.com/patent/US8051181B2
US-8645477-B2,Progressive messaging apparatus and method capable of supporting near real-time communication,"KATIS THOMAS E, PANTTAJA JAMES T, PANTTAJA MARY G, RANNEY MATTHEW J, VOXER IP LLC",https://patents.google.com/patent/US8645477B2
US-2010199133-A1,"Methods for using the addressing, protocols and the infrastructure of email to support near real-time communication",REBELVOX LLC,https://patents.google.com/patent/US20100199133A1
US-8868705-B2,Agile network protocol for secure communications using secure domain names,"LARSON VICTOR, SHORT III ROBERT DUNHAM, MUNGER EDMUND COLBY, WILLIAMSON MICHAEL, VIRNETX INC",https://patents.google.com/patent/US8868705B2
US-11349937-B2,Passive management of network connections,EMC IP HOLDING CO LLC,https://patents.google.com/patent/US11349937B2
US-9374346-B2,Agile network protocol for secure communications using secure domain names,"LARSON VICTOR, SHORT III ROBERT DUNHAM, MUNGER EDMUND COLBY, WILLIAMSON MICHAEL, VIRNETX INC",https://patents.google.com/patent/US9374346B2
US-9479426-B2,Agile network protocol for secure communications with assured system availability,"MUNGER EDMUND COLBY, SABIO VINCENT J, SHORT III ROBERT DUNHAM, GLIGOR VIRGIL D, SCHMIDT DOUGLAS CHARLES, VIRNETZ INC",https://patents.google.com/patent/US9479426B2
US-8504697-B2,System and method employing an agile network protocol for secure communications using secure domain names,"LARSON VICTOR, SHORT III ROBERT DUNHAM, MUNGER EDMOND COLBY, WILLIAMSON MICHAEL, VIRNETX INC",https://patents.google.com/patent/US8504697B2
US-2011185169-A1,Agile Network Protocol For Secure Communications With Assured System Availability.,"MUNGER EDMUND COLBY, SCHMIDT DOUGLAS CHARLES, SHORT III ROBERT DUNHAM, LARSON VICTOR, WILLIAMSON MICHAEL",https://patents.google.com/patent/US20110185169A1
US-2010198922-A1,"Methods for using the addressing, protocols and the infrastructure of email to support near real-time communication",REBELVOX LLC,https://patents.google.com/patent/US20100198922A1
US-2010198923-A1,"Methods for using the addressing, protocols and the infrastructure of email to support near real-time communication",REBELVOX LLC,https://patents.google.com/patent/US20100198923A1
US-8850009-B2,System and method employing an agile network protocol for secure communications using secure domain names,VIRNETX INC,https://patents.google.com/patent/US8850009B2
US-8874771-B2,Agile network protocol for secure communications with assured system availability,"MUNGER EDMUND COLBY, SABIO VINCENT J, SHORT III ROBERT DUNHAM, GLIGOR VIRGIL D, VIRNETX INC",https://patents.google.com/patent/US8874771B2
US-2011238993-A1,Agile Network Protocol For Secure Communications With Assured System Availability,VIRNETX INC,https://patents.google.com/patent/US20110238993A1
US-2008040792-A1,Agile network protocol for secure communications using secure domain names,VIRNETX INC,https://patents.google.com/patent/US20080040792A1
US-9870534-B1,Predicting network activities associated with a given site,NOMINUM INC,https://patents.google.com/patent/US9870534B1
US-2010106772-A1,Address updating scheme for wireless communication,QUALCOMM INC,https://patents.google.com/patent/US20100106772A1
US-2003009592-A1,Method and system for providing static addresses for Internet connected devices even if the underlying address is dynamic,Paul Stahura,https://patents.google.com/patent/US20030009592A1
US-7996539-B2,Agile network protocol for secure communications with assured system availability,VIRNETX INC,https://patents.google.com/patent/US7996539B2
US-2007288754-A1,Data communication method and system,"KAJI TADASHI, HOSHINO KAZUYOSHI, TAKEUCHI KEISUKE, TAKATA OSAMU, FUJISHIRO TAKAHIRO, YATO AKIFUMI",https://patents.google.com/patent/US20070288754A1
US-12316533-B2,Network traffic routing in an SD-WAN,CHECK POINT SOFTWARE TECH LTD,https://patents.google.com/patent/US12316533B2
US-8904516-B2,System and method employing an agile network protocol for secure communications using secure domain names,VIRNETX INC,https://patents.google.com/patent/US8904516B2
US-9386000-B2,System and method for establishing a communication link,"LARSON VICTOR, SHORT III ROBERT DUNHAM, MUNGER EDMUND COLBY, WILLIAMSON MICHAEL, VIRNETX INC",https://patents.google.com/patent/US9386000B2
US-9967240-B2,Agile network protocol for secure communications using secure domain names,VIRNETX INC,https://patents.google.com/patent/US9967240B2
US-7970867-B2,Hypermedia management system,MICROSOFT CORP,https://patents.google.com/patent/US7970867B2
US-8271498-B2,Searching documents for ranges of numeric values,"FONTOURA MARCUS FELIPE, LEMPEL RONNY, QI RUNPING, ZIEN JASON YEONG, IBM",https://patents.google.com/patent/US8271498B2
US-7987172-B1,Minimizing visibility of stale content in web searching including revising web crawl intervals of documents,GOOGLE INC,https://patents.google.com/patent/US7987172B1
US-2008243880-A1,Automatic identification of components for a compound document in a content management system,IBM,https://patents.google.com/patent/US20080243880A1
US-9098600-B2,Deriving dynamic consumer defined product attributes from input queries,"CHETUPARAMBIL MADHU K, JACOB SUSHIL GEORGE T, KANNAN KALAPRIYA, IBM",https://patents.google.com/patent/US9098600B2
US-2005033621-A1,"Systems, methods, and computer program products for storing and retrieving product availability information from a storage cache",TRAVELOCITY COM LP,https://patents.google.com/patent/US20050033621A1
US-7743060-B2,Architecture for an indexer,IBM,https://patents.google.com/patent/US7743060B2
US-2006074903-A1,System and method for ranking search results using click distance,MICROSOFT CORP,https://patents.google.com/patent/US20060074903A1
US-2003050959-A1,System and method for distributed real-time search,"Yaroslav Faybishenko, Kan Gene H., Camarda Thomas J., Doolin David M., Steve Waterhouse, Cutting Douglass R.",https://patents.google.com/patent/US20030050959A1
US-2003131097-A1,Interactive path analysis,"Stephane Kasriel, Sara Swanson",https://patents.google.com/patent/US20030131097A1
US-8601004-B1,System and method for targeting information items based on popularities of the information items,"MAHADEVAN UMA, BURNIM JACOB SAMUELS, GOOGLE INC",https://patents.google.com/patent/US8601004B1
US-2014074612-A1,System and Method for Targeting Information Items Based on Popularities of the Information Items,GOOGLE INC,https://patents.google.com/patent/US20140074612A1
US-8375286-B2,Systems and methods for displaying statistical information on a web page,"ANCESTRY COM OPERATIONS INC, ALLEN PAUL, IVIE JAMES, PARKINSON GREG, THAYNE DAREN, WOLFGRAMM MICHAEL",https://patents.google.com/patent/US8375286B2
US-2011119257-A1,Method and System for Enterprise Search Navigation,ORACLE INT CORP,https://patents.google.com/patent/US20110119257A1
US-8244723-B2,Document scoring based on query analysis,"DEAN JEFFREY, HAAHR PAUL, HENZINGER MONIKA, LAWRENCE STEVE, PFLEGER KARL, SERCINOGLU OLCAN, TONG SIMON, GOOGLE INC",https://patents.google.com/patent/US8244723B2
US-8407204-B2,Minimizing visibility of stale content in web searching including revising web crawl intervals of documents,"CARVER ANTON P T, GOOGLE INC",https://patents.google.com/patent/US8407204B2
WO-2005065400-A3,Method and system for placing advertisements based on selection of links that are not prominently displayed,"AMAZON TECH INC, SCHOLL NATHANIEL BLAKE, POWER JOANNA, DENEUI ALEXANDER W",https://patents.google.com/patent/WO2005065400A3
US-7499913-B2,Method for handling anchor text,IBM,https://patents.google.com/patent/US7499913B2
US-7599917-B2,Ranking search results using biased click distance,MICROSOFT CORP,https://patents.google.com/patent/US7599917B2
US-2009271368-A1,Search query scoring and popularity monitoring and systems and methods therefor,YAHOO INC,https://patents.google.com/patent/US20090271368A1
US-8707313-B1,Scheduler for search engine crawler,"ZHU HUICAN, IBEL MAXIMILIAN, ACHARYA ANURAG, GOBIOFF HOWARD BRADLEY, GOOGLE INC",https://patents.google.com/patent/US8707313B1
US-7599966-B2,System and method for improving online search engine results,YAHOO INC,https://patents.google.com/patent/US7599966B2
US-2006041606-A1,Indexing system for a computer file store,FUJITSU SERV LTD,https://patents.google.com/patent/US20060041606A1
US-2007124280-A1,Search Engine which awards Point per Click,TATEOSSIAN TONY,https://patents.google.com/patent/US20070124280A1
US-8234273-B2,Document scoring based on document content update,"ACHARYA ANURAG, DEAN JEFFREY, HAAHR PAUL, HENZINGER MONIKA, LAWRENCE STEVE, PFLEGER KARL, TONG SIMON, GOOGLE INC",https://patents.google.com/patent/US8234273B2
US-7801880-B2,Crawling databases for information,MICROSOFT CORP,https://patents.google.com/patent/US7801880B2
US-8671078-B2,Sharing parts of a document using search framework,"ZIMMERMAN JOSH C, GUSTAFSON DAVID SCOTT, ZIEGLER KURT LEONARD, MICROSOFT CORP",https://patents.google.com/patent/US8671078B2
US-2013066912-A1,Deriving Dynamic Consumer Defined Product Attributes from Input Queries,"CHETUPARAMBIL MADHU K, JACOB SUSHIL GEORGE T, KANNAN KALAPRIYA, IBM",https://patents.google.com/patent/US20130066912A1
US-10713330-B2,Optimized browser render process,GOOGLE LLC,https://patents.google.com/patent/US10713330B2
US-2005278725-A1,"Service search apparatus, service search method, and service search program","KAWAMURA TAKAHIRO, HASEGAWA TETSUO",https://patents.google.com/patent/US20050278725A1
US-2008104047-A1,Intelligent search with guiding info,TRANSAXTIONS LLC,https://patents.google.com/patent/US20080104047A1
US-2003009497-A1,Community based personalization system and method,Allen Yu,https://patents.google.com/patent/US20030009497A1
US-7603616-B2,Proxy server using a statistical model,MICROSOFT CORP,https://patents.google.com/patent/US7603616B2
US-2005165838-A1,Architecture for an indexer,"Fontoura Marcus F., Andreas Neumann, Sridhar Rajagopalan, Shekita Eugene J., Zien Jason Y.",https://patents.google.com/patent/US20050165838A1
US-8185522-B2,Document scoring based on query analysis,"DEAN JEFFREY, HAAHR PAUL, HENZINGER MONIKA, LAWRENCE STEVE, PFLEGER KARL, SERCINOGLU OLCAN, TONG SIMON, GOOGLE INC",https://patents.google.com/patent/US8185522B2
US-2006224592-A1,Crawling databases for information,MICROSOFT CORP,https://patents.google.com/patent/US20060224592A1
US-8359317-B2,Method and device for indexing resource content in computer networks,"IBM, ZHANG LING, YU SHEN",https://patents.google.com/patent/US8359317B2
US-8285842-B1,Method and apparatus for dynamically specifying location collection and computation logic,"CHEN TSUWEI, JI ZHENGRONG, GOOGLE INC",https://patents.google.com/patent/US8285842B1
US-2010241621-A1,Scheduler for Search Engine Crawler,RANDALL KEITH H,https://patents.google.com/patent/US20100241621A1
US-7099871-B2,System and method for distributed real-time search,SUN MICROSYSTEMS INC,https://patents.google.com/patent/US7099871B2
US-8655888-B2,Searching documents for ranges of numeric values,"FONTOURA MARCUS F, LEMPEL RONNY, QI RUNPING, ZIEN JASON Y, IBM",https://patents.google.com/patent/US8655888B2
US-9779124-B2,Mobile terminal and control method thereof,LG ELECTRONICS INC,https://patents.google.com/patent/US9779124B2
US-11328114-B2,Batch-optimized render and fetch architecture,GOOGLE LLC,https://patents.google.com/patent/US11328114B2
US-2009006357-A1,Determining quality measures for web objects based on searcher behavior,"POPESCUL ALEXANDRIN, BRUNK CLIFFORD A, ZIMAK NADAV A, TSIOUTSIOULIKLIS KOSTAS",https://patents.google.com/patent/US20090006357A1
US-2005149388-A1,Method and system for placing advertisements based on selection of links that are not prominently displayed,Scholl Nathaniel B.,https://patents.google.com/patent/US20050149388A1
US-8549014-B2,Document scoring based on document content update,"ACHARYA ANURAG, DEAN JEFFREY, HAAHR PAUL, HENZINGER MONIKA, LAWRENCE STEVE, PFLEGER KARL, TONG SIMON, GOOGLE INC",https://patents.google.com/patent/US8549014B2
US-8832085-B2,Method and system for updating a search engine,"MCKEETH JIM, ROUND ROCK RES LLC",https://patents.google.com/patent/US8832085B2
US-10284623-B2,Optimized browser rendering service,"GOOGLE INC, GOOGLE LLC",https://patents.google.com/patent/US10284623B2
US-7415460-B1,System and method to customize search engine results by picking documents,IBM,https://patents.google.com/patent/US7415460B1
US-11734276-B2,Method and apparatus for updating search cache to improve the update speed of hot content,BEIJING QIYI CENTURY SCIENCE & TECHNOLOGY CO LTD,https://patents.google.com/patent/US11734276B2
US-8745477-B1,Tool for managing online content,"O'SULLIVAN JOSEPH K, GORDON CATHY, GOOGLE INC",https://patents.google.com/patent/US8745477B1
US-9767478-B2,Document scoring based on traffic associated with a document,"LAWRENCE STEVE, GOOGLE INC",https://patents.google.com/patent/US9767478B2
US-2008243830-A1,User suggested ordering to influence search result ranking,FATDOOR INC,https://patents.google.com/patent/US20080243830A1
US-8224827-B2,Document ranking based on document classification,"DEAN JEFFREY, HAAHR PAUL, HENZINGER MONIKA, LAWRENCE STEVE, PFLEGER KARL, SERCINOGLU OLCAN, TONG SIMON, GOOGLE INC",https://patents.google.com/patent/US8224827B2
US-2007094254-A1,Document scoring based on document inception date,GOOGLE INC,https://patents.google.com/patent/US20070094254A1
US-6934702-B2,Method and system of routing messages in a distributed search network,SUN MICROSYSTEMS INC,https://patents.google.com/patent/US6934702B2
US-8707312-B1,Document reuse in a search engine crawler,"ZHU HUICAN, IBEL MAXIMILIAN, ACHARYA ANURAG, GOBIOFF HOWARD BRADLEY, GOOGLE INC",https://patents.google.com/patent/US8707312B1
US-7321863-B2,"Systems, methods, and computer program products for storing and retrieving product availability information from a storage cache",TRAVELOCITY COM LP,https://patents.google.com/patent/US7321863B2
US-2007022385-A1,"Software module, method and system for managing information items by bookmarking information items through activation of said items",DENISSOV MIKHAIL,https://patents.google.com/patent/US20070022385A1
US-6950821-B2,System and method for resolving distributed network search queries to information providers,SUN MICROSYSTEMS INC,https://patents.google.com/patent/US6950821B2
US-7752200-B2,Method and system for identifying keywords for use in placing keyword-targeted advertisements,AMAZON TECH INC,https://patents.google.com/patent/US7752200B2
US-2005165781-A1,"Method, system, and program for handling anchor text","Reiner Kraft, Andreas Neumann",https://patents.google.com/patent/US20050165781A1
US-8161033-B2,Scheduler for search engine crawler,"RANDALL KEITH H, GOOGLE INC",https://patents.google.com/patent/US8161033B2
US-7647323-B2,Web-site performance analysis system and method of providing a web-site performance analysis service,DIGITAL RIVER INC,https://patents.google.com/patent/US7647323B2
US-8140589-B2,Autonomic updating of templates in a content management system,"PETRI JOHN EDWARD, IBM",https://patents.google.com/patent/US8140589B2
US-9679056-B2,Document reuse in a search engine crawler,GOOGLE INC,https://patents.google.com/patent/US9679056B2
US-2008243897-A1,Autonomic updating of templates in a content management system,PETRI JOHN EDWARD,https://patents.google.com/patent/US20080243897A1
US-2006095513-A1,Hypermedia management system,MICROSOFT CORP,https://patents.google.com/patent/US20060095513A1
US-8521749-B2,Document scoring based on document inception date,"CUTTS MATT, DEAN JEFFREY, HAAHR PAUL, HENZINGER MONIKA, LAWRENCE STEVE, PFLEGER KARL, TONG SIMON, GOOGLE INC",https://patents.google.com/patent/US8521749B2
US-7792833-B2,Ranking search results using language types,MICROSOFT CORP,https://patents.google.com/patent/US7792833B2
US-2003050924-A1,System and method for resolving distributed network search queries to information providers,"Yaroslav Faybishenko, Kan Gene H., Camarda Thomas J., Sherif Botros, John Beatty, Cutting Douglass R.",https://patents.google.com/patent/US20030050924A1
US-7739277-B2,System and method for incorporating anchor text into ranking search results,MICROSOFT CORP,https://patents.google.com/patent/US7739277B2
US-7783626-B2,Pipelined architecture for global analysis and index building,IBM,https://patents.google.com/patent/US7783626B2
US-8843486-B2,System and method for scoping searches using index keys,"MERRIGAN CHADD CREIGHTON, PELTONEN KYLE G, MEYERZON DMITRIY, LEE DAVID J, MICROSOFT CORP",https://patents.google.com/patent/US8843486B2
US-2008065621-A1,Ambiguous entity disambiguation method,ELLIS KENNETH ALEXANDER,https://patents.google.com/patent/US20080065621A1
US-7734820-B1,Adaptive caching for a distributed file sharing system,SYMANTEC OPERATING CORP,https://patents.google.com/patent/US7734820B1
US-2007038622-A1,Method ranking search results using biased click distance,MICROSOFT CORP,https://patents.google.com/patent/US20070038622A1
US-10938952-B2,Screen reader summary with popular link(s),MICROSOFT TECHNOLOGY LICENSING LLC,https://patents.google.com/patent/US10938952B2
US-2008270484-A1,Using Network Traffic Logs for Search Enhancement,"BORKOVSKY ARKADY, COOK DOUGLAS M, LANGLOIS JEAN-MARC, POUTANEN TOMI, ZHA HONGYUAN",https://patents.google.com/patent/US20080270484A1
US-10621241-B2,Scheduler for search engine crawler,"GOOGLE INC, GOOGLE LLC",https://patents.google.com/patent/US10621241B2
US-2003055818-A1,Method and system of routing messages in a distributed search network,"Yaroslav Faybishenko, Kan Gene H., Sherif Botros, John Beatty, Cutting Douglass R.",https://patents.google.com/patent/US20030055818A1
US-8515952-B2,Systems and methods for determining document freshness,"HENZINGER MONIKA, GOOGLE INC",https://patents.google.com/patent/US8515952B2
WO-2005017801-A3,"Systems, methods, and computer program products for storing and retrieving product availability information from a storage cache","TRAVELOCITY COM LP, HARTMANN JOSHUA, CLINTON DEWITT, PALLAMREDDY KISHORE, SHTARKMAN DANIEL",https://patents.google.com/patent/WO2005017801A3
US-8577901-B2,Document scoring based on query analysis,"DEAN JEFFREY, HAAHR PAUL, HENZINGER MONIKA, LAWRENCE STEVE, PFLEGER KARL, SERCINOGLU OLCAN, TONG SIMON, GOOGLE INC",https://patents.google.com/patent/US8577901B2
US-7228301-B2,Method for normalizing document metadata to improve search results using an alias relationship directory service,MICROSOFT CORP,https://patents.google.com/patent/US7228301B2
US-7957988-B2,"Systems, methods, and computer program products for storing and retrieving product availability information from a storage cache",TRAVELOCITY COM LP,https://patents.google.com/patent/US7957988B2
US-7765592-B2,"Changed file identification, software conflict resolution and unwanted file removal",MICROSOFT CORP,https://patents.google.com/patent/US7765592B2
US-7991762-B1,Managing URLs,GOOGLE INC,https://patents.google.com/patent/US7991762B1
US-9563705-B2,Re-ranking results in a search,WAL MART STORES INC,https://patents.google.com/patent/US9563705B2
US-8407231-B2,Document scoring based on link-based criteria,"ACHARYA ANURAG, CUTTS MATT, DEAN JEFFREY, HAAHR PAUL, HENZINGER MONIKA, LAWRENCE STEVE, PFLEGER KARL, TONG SIMON, GOOGLE INC",https://patents.google.com/patent/US8407231B2
WO-2005077009-A3,Network traffic monitoring for search popularity analysis,"NARUS INC, CHANDRA ROHIT",https://patents.google.com/patent/WO2005077009A3
US-2011029542-A1,Document scoring based on document inception date,GOOGLE INC,https://patents.google.com/patent/US20110029542A1
US-7594011-B2,Network traffic monitoring for search popularity analysis,NARUS INC,https://patents.google.com/patent/US7594011B2
US-8423885-B1,Updating search engine document index based on calculated age of changed portions in a document,"KUPKE JOACHIM, COX JEFF, GOOGLE INC",https://patents.google.com/patent/US8423885B1
US-8296304-B2,"Method, system, and program for handling redirects in a search engine","FONTOURA MARCUS F, NEUMANN ANDREAS, QI RUNPING, SHEKITA EUGENE J, IBM",https://patents.google.com/patent/US8296304B2
US-2013117252-A1,Large-scale real-time fetch service,"GOOGLE INC, GOOGLE INC",https://patents.google.com/patent/US20130117252A1
US-9197525-B2,Systems and methods for displaying statistical information on a web page,ANCESTRY COM OPERATIONS INC,https://patents.google.com/patent/US9197525B2
US-8386459-B1,Scheduling a recrawl,"GOOGLE INC, AUERBACH DAVID B, ALPERT JESSE L",https://patents.google.com/patent/US8386459B1
US-7171415-B2,Distributed information discovery through searching selected registered information providers,SUN MICROSYSTEMS INC,https://patents.google.com/patent/US7171415B2
US-7979427-B2,Method and system for updating a search engine,ROUND ROCK RES LLC,https://patents.google.com/patent/US7979427B2
US-8001462-B1,Updating search engine document index based on calculated age of changed portions in a document,GOOGLE INC,https://patents.google.com/patent/US8001462B1
CN-111046271-A,"Mining method and device for search, storage medium and electronic equipment",ALIBABA GROUP HOLDING LTD,https://patents.google.com/patent/CN111046271A
US-2005165800-A1,"Method, system, and program for handling redirects in a search engine","Fontoura Marcus F., Andreas Neumann, Runping Qi, Shekita Eugene J.",https://patents.google.com/patent/US20050165800A1
US-7293005-B2,Pipelined architecture for global analysis and index building,IBM,https://patents.google.com/patent/US7293005B2
US-2009204753-A1,System for refreshing cache results,YAHOO INC,https://patents.google.com/patent/US20090204753A1
US-2003088544-A1,Distributed information discovery,SUN MICROSYSTEMS INC,https://patents.google.com/patent/US20030088544A1
US-2005165718-A1,Pipelined architecture for global analysis and index building,"Fontoura Marcus F., Reiner Kraft, Leung Tony K., Mcpherson John A.Jr., Andreas Neumann, Runping Qi, Sridhar Rajagopalan, Shekita Eugene J., Zien Jason Y.",https://patents.google.com/patent/US20050165718A1
US-9830633-B2,Deriving dynamic consumer defined product attributes from input queries,IBM,https://patents.google.com/patent/US9830633B2
US-2019197069-A1,Social Media Based Content Selection System,YAHOO INC,https://patents.google.com/patent/US20190197069A1
US-8099660-B1,Tool for managing online content,"O'SULLIVAN JOSEPH K, GORDON CATHY, GOOGLE INC",https://patents.google.com/patent/US8099660B1
US-2011022605-A1,Document scoring based on link-based criteria,GOOGLE INC,https://patents.google.com/patent/US20110022605A1
US-2007094255-A1,Document scoring based on link-based criteria,GOOGLE INC,https://patents.google.com/patent/US20070094255A1
US-2005149390-A1,Method and system for generating and placing keyword-targeted advertisements,"Scholl Nathaniel B., Joanna Power, Deneui Alexander",https://patents.google.com/patent/US20050149390A1
US-2004267721-A1,Normalizing document metadata using directory services,"Dmitriy Meyerzon, Obata Kenji C.",https://patents.google.com/patent/US20040267721A1
US-8417693-B2,Enforcing native access control to indexed documents,"LEMPEL RONNY, LEYBA TODD, MCPHERSON JR JOHN A, PEREZ JUSTO LUIS, IBM",https://patents.google.com/patent/US8417693B2
US-10795883-B2,Method and system for enterprise search navigation,ORACLE INT CORP,https://patents.google.com/patent/US10795883B2
US-2005015394-A1,Method and system for updating a search engine,Mckeeth Jim,https://patents.google.com/patent/US20050015394A1
US-8332408-B1,Date-based web page annotation,"RUDARY MATTHEW R, GOOGLE INC",https://patents.google.com/patent/US8332408B1
US-7584221-B2,Field weighting in text searching,MICROSOFT CORP,https://patents.google.com/patent/US7584221B2
US-8082246-B2,System and method for ranking search results using click distance,"MEYERZON DMITRIY, ZARAGOZA HUGO, MICROSOFT CORP",https://patents.google.com/patent/US8082246B2
US-8706717-B2,Method and system for enterprise search navigation,"RAJASEKHAR CHITTA, ORACLE INT CORP",https://patents.google.com/patent/US8706717B2
US-2015234890-A1,Long-term validity of pre-computed request results,AMADEUS SAS,https://patents.google.com/patent/US20150234890A1
US-2005256848-A1,System and method for user rank search,IBM,https://patents.google.com/patent/US20050256848A1
US-8346759-B2,Searching documents for ranges of numeric values,"IBM, FONTOURA MARCUS FELIPE, LEMPEL RONNY, QI RUNPING, ZIEN JASON YEONG",https://patents.google.com/patent/US8346759B2
US-7424467-B2,Architecture for an indexer with fixed width sort and variable width sort,IBM,https://patents.google.com/patent/US7424467B2
US-7627568-B2,Method and system for updating a search engine database based on popularity of links,MICRON TECHNOLOGY INC,https://patents.google.com/patent/US7627568B2
US-2007088692-A1,Document scoring based on query analysis,GOOGLE INC,https://patents.google.com/patent/US20070088692A1
US-8639690-B2,Document scoring based on query analysis,"DEAN JEFFREY, HAAHR PAUL, HENZINGER MONIKA, LAWRENCE STEVE, PFLEGER KARL, SERCINOGLU OLCAN, TONG SIMON, GOOGLE INC",https://patents.google.com/patent/US8639690B2
US-8781888-B1,Release advertisement system,"SNYDER LUKE ARON, BETZ STEPHAN G, AMAZON TECH INC",https://patents.google.com/patent/US8781888B1
US-2006167852-A1,System and method for improving online search engine results,YAHOO INC,https://patents.google.com/patent/US20060167852A1
US-9984130-B2,Batch-optimized render and fetch architecture utilizing a virtual clock,"GOOGLE INC, GOOGLE LLC",https://patents.google.com/patent/US9984130B2
US-10489389-B2,"Experience analytic objects, systems and methods","TAPTHERE INC, WORMHOLE LABS INC",https://patents.google.com/patent/US10489389B2
US-2006167854-A1,System and method for improving online search engine results,"DISSETT DANIEL P, BORKOVSKY ARKADY, CARSON CHARLES C JR",https://patents.google.com/patent/US20060167854A1
US-2003128233-A1,Path-analysis toolbar,Stephane Kasriel,https://patents.google.com/patent/US20030128233A1
US-8788320-B1,Release advertisement system,"SNYDER LUKE ARON, BETZ STEPHAN G, AMAZON TECH INC",https://patents.google.com/patent/US8788320B1
US-2009248622-A1,Method and device for indexing resource content in computer networks,IBM,https://patents.google.com/patent/US20090248622A1
US-9348912-B2,Document length as a static relevance feature for ranking search results,"TANKOVICH VLADIMIR, MEYERZON DMITRIY, TAYLOR MICHAEL JAMES, MICROSOFT TECHNOLOGY LICENSING LLC",https://patents.google.com/patent/US9348912B2
US-8266143-B2,Document scoring based on query analysis,"DEAN JEFFREY, HAAHR PAUL, HENZINGER MONIKA, LAWRENCE STEVE, PFLEGER KARL, SERCINOGLU OLCAN, TONG SIMON, GOOGLE INC",https://patents.google.com/patent/US8266143B2
US-2003158839-A1,System and method for determining relevancy of query responses in a distributed network search mechanism,"Yaroslav Faybishenko, Kan Gene H., Doolin David M., Steve Waterhouse, Sherif Botros",https://patents.google.com/patent/US20030158839A1
CN-103634461-A,Mobile terminal and control method thereof,LG ELECTRONICS INC,https://patents.google.com/patent/CN103634461A
US-10956502-B2,Method of and system for recommending fresh search query suggestions on search engine,YANDEX EUROPE AG,https://patents.google.com/patent/US10956502B2
US-8203952-B2,Using network traffic logs for search enhancement,"BORKOVSKY ARKADY, COOK DOUGLAS M, LANGLOIS JEAN-MARC, POUTANEN TOMI, ZHA HONGYUAN, YAHOO INC",https://patents.google.com/patent/US8203952B2
US-7865494-B2,Personalized indexing and searching for information in a distributed data processing system,IBM,https://patents.google.com/patent/US7865494B2
US-8738635-B2,Detection of junk in search result ranking,"TANKOVICH VLADIMIR, MEYERZON DMITRIY, POZNANSKI VICTOR, MICROSOFT CORP",https://patents.google.com/patent/US8738635B2
US-8082244-B2,Systems and methods for determining document freshness,"HENZINGER MONIKA, GOOGLE INC",https://patents.google.com/patent/US8082244B2
US-7792811-B2,Intelligent search with guiding info,TRANSAXTIONS LLC,https://patents.google.com/patent/US7792811B2
US-10216847-B2,Document reuse in a search engine crawler,"GOOGLE INC, GOOGLE LLC",https://patents.google.com/patent/US10216847B2
US-9582536-B2,Long-term validity of pre-computed request results,AMADEUS SAS,https://patents.google.com/patent/US9582536B2
US-2006010194-A1,"Document data managing apparatus, document data management method, and computer product",FUJITSU LTD,https://patents.google.com/patent/US20060010194A1
US-6961723-B2,System and method for determining relevancy of query responses in a distributed network search mechanism,SUN MICROSYSTEMS INC,https://patents.google.com/patent/US6961723B2
US-7840569-B2,Enterprise relevancy ranking using a neural network,MICROSOFT CORP,https://patents.google.com/patent/US7840569B2
US-2005198268-A1,Network traffic monitoring for search popularity analysis,Rohit Chandra,https://patents.google.com/patent/US20050198268A1
US-2003202009-A1,Integration toolbar,Stephane Kasriel,https://patents.google.com/patent/US20030202009A1
US-2003126120-A1,System and method for multiple data sources to plug into a standardized interface for distributed deep search,"Yaroslav Faybishenko, Kan Gene H., Camarda Thomas J., Doolin David M., Steve Waterhouse, John Beatty",https://patents.google.com/patent/US20030126120A1
CN-107169085-A,A kind of data search system,SHANGHAI XINCHU INTEGRATED CIRCUIT CO LTD,https://patents.google.com/patent/CN107169085A
US-2007271268-A1,Architecture for an indexer,IBM,https://patents.google.com/patent/US20070271268A1
CN-112052247-A,"Index updating system, method and device of search engine, electronic equipment and storage medium",WEDOC CLOUD HANGZHOU HOLDINGS CO LTD,https://patents.google.com/patent/CN112052247A
US-8386460-B1,Managing URLs,"GOOGLE INC, ALPERT JESSE L, TAMMANA PRAVEEN K, KURZION YAIR",https://patents.google.com/patent/US8386460B1
US-7685200-B2,Ranking and suggesting candidate objects,MICROSOFT CORP,https://patents.google.com/patent/US7685200B2
US-8112426-B2,Document scoring based on document content update,"ACHARYA ANURAG, DEAN JEFFREY, HAAHR PAUL, HENZINGER MONIKA, LAWRENCE STEVE, PFLEGER KARL, TONG SIMON, GOOGLE INC",https://patents.google.com/patent/US8112426B2
US-2006041536-A1,Method and system for identifying keywords for use in placing keyword-targeted advertisements,"SCHOLL NATHANIEL B, DENEUI ALEXANDER W",https://patents.google.com/patent/US20060041536A1
US-10402431-B2,Method and system for identifying keywords for use in placing keyword-targeted advertisements,AMAZON TECH INC,https://patents.google.com/patent/US10402431B2
WO-2020081449-A1,"Search mining method, apparatus, storage medium, and electronic device",ALIBABA GROUP HOLDING LTD,https://patents.google.com/patent/WO2020081449A1
US-2005155031-A1,"Changed file identification, software conflict resolution and unwanted file removal",MICROSOFT CORP,https://patents.google.com/patent/US20050155031A1
US-2006074871-A1,System and method for incorporating anchor text into ranking search results,MICROSOFT CORP,https://patents.google.com/patent/US20060074871A1
US-2005144193-A1,Systems and methods for determining document freshness,Monika Henzinger,https://patents.google.com/patent/US20050144193A1
US-8042112-B1,Scheduler for search engine crawler,GOOGLE INC,https://patents.google.com/patent/US8042112B1
US-2006036400-A1,Web-site performance analysis system and method of providing a web-site performance analysis service,"KASRIEL STEPHANE, SWANSON SARA, MANN WALTER",https://patents.google.com/patent/US20060036400A1
US-7013303-B2,System and method for multiple data sources to plug into a standardized interface for distributed deep search,SUN MICROSYSTEMS INC,https://patents.google.com/patent/US7013303B2
US-2014058999-A1,Mobile terminal and control method thereof,SEO DONGWOOK,https://patents.google.com/patent/US20140058999A1
US-8700493-B2,Methods and apparatus for freshness and completeness of information,"CAO YU, NAMUL APPLIC LLC",https://patents.google.com/patent/US8700493B2
US-2004015542-A1,Hypermedia management system,"Anonsen Steven P., Huck Jason Alan, Seefeldt Daniel Edward",https://patents.google.com/patent/US20040015542A1
US-7761448-B2,System and method for ranking search results using click distance,MICROSOFT CORP,https://patents.google.com/patent/US7761448B2
US-8666964-B1,Managing items in crawl schedule,"ALPERT JESSE L, GOOGLE INC",https://patents.google.com/patent/US8666964B1
US-9736212-B2,Optimized browser rendering process,GOOGLE INC,https://patents.google.com/patent/US9736212B2
US-8775403-B2,Scheduler for search engine crawler,"RANDALL KEITH H, GOOGLE INC",https://patents.google.com/patent/US8775403B2
US-7865461-B1,System and method for cleansing enterprise data,AT & T IP II LP,https://patents.google.com/patent/US7865461B1
US-2014067834-A1,"Experience Analytic Objects, Systems and Methods",TAPTHERE INC,https://patents.google.com/patent/US20140067834A1
US-7631035-B2,Path-analysis toolbar,DIGITAL RIVER INC,https://patents.google.com/patent/US7631035B2
US-2011173177-A1,Sightful cache: efficient invalidation for search engine caching,"JUNQUEIRA FLAVIO, ZARAGOZA HUGO",https://patents.google.com/patent/US20110173177A1
US-8676783-B1,Method and apparatus for managing a backlog of pending URL crawls,"FEDORYNSKI PAWEL ALEKSANDER, SAMADDAR SUMITRO, GOOGLE INC",https://patents.google.com/patent/US8676783B1
US-8527524-B2,Document scoring based on document content update,"ACHARYA ANURAG, DEAN JEFFREY, HAAHR PAUL, HENZINGER MONIKA, LAWRENCE STEVE, PFLEGER KARL, TONG SIMON, GOOGLE INC",https://patents.google.com/patent/US8527524B2
US-8316029-B2,Document scoring based on traffic associated with a document,"LAWRENCE STEVE, GOOGLE INC",https://patents.google.com/patent/US8316029B2
US-2007016583-A1,Enforcing native access control to indexed documents,"LEMPEL RONNY, LEYBA TODD, MCPHERSON JOHN A JR, PEREZ JUSTO L",https://patents.google.com/patent/US20070016583A1
US-8554852-B2,System and method for targeting advertisements or other information using user geographical information,"BURNIM JACOB SAMUELS, GOOGLE INC",https://patents.google.com/patent/US8554852B2
US-8290986-B2,Determining quality measures for web objects based on searcher behavior,"POPESCUL ALEXANDRIN, BRUNK CLIFFORD A, ZIMAK NADAV A, TSIOUTSIOULIKLIS KOSTAS, YAHOO INC",https://patents.google.com/patent/US8290986B2
US-8509266-B2,Using network traffic logs for search engine index updates,"BORKOVSKY ARKADY, COOK DOUGLAS M, LANGLOIS JEAN-MARC, POUTANEN TOMI, ZHA HONGYUAN, YAHOO INC",https://patents.google.com/patent/US8509266B2
US-7461064-B2,Method for searching documents for ranges of numeric values,INTERNAT BUINESS MACHINES CORP,https://patents.google.com/patent/US7461064B2
US-7827181-B2,Click distance determination,MICROSOFT CORP,https://patents.google.com/patent/US7827181B2
US-8655727-B2,Method and system for generating and placing keyword-targeted advertisements,"SCHOLL NATHANIEL BLAKE, POWER JOANNA, DENEUI ALEXANDER, AMAZON TECH INC",https://patents.google.com/patent/US8655727B2
US-7467131-B1,Method and system for query data caching and optimization in a search engine system,GOOGLE INC,https://patents.google.com/patent/US7467131B1
US-2003131106-A1,Web-page performance toolbar,Stephane Kasriel,https://patents.google.com/patent/US20030131106A1
US-7996397-B2,Using network traffic logs for search enhancement,YAHOO INC,https://patents.google.com/patent/US7996397B2
US-7716198-B2,Ranking search results using feature extraction,MICROSOFT CORP,https://patents.google.com/patent/US7716198B2
US-8812493-B2,Search results ranking using editing distance and document information,"TANKOVICH VLADIMIR, LI HANG, MEYERZON DMITRIY, XU JUN, MICROSOFT CORP",https://patents.google.com/patent/US8812493B2
US-2010332348-A1,Methods and Apparatus for Freshness and Completeness of Information,PLATFORMATION INC,https://patents.google.com/patent/US20100332348A1
US-7840572-B2,Document scoring based on document inception date,GOOGLE INC,https://patents.google.com/patent/US7840572B2
US-7797316-B2,Systems and methods for determining document freshness,GOOGLE INC,https://patents.google.com/patent/US7797316B2
US-8285724-B2,System and program for handling anchor text,"KRAFT REINER, NEUMANN ANDREAS, IBM",https://patents.google.com/patent/US8285724B2
US-7970761-B2,Automatic identification of components for a compound document in a content management system,IBM,https://patents.google.com/patent/US7970761B2
US-2008215583-A1,Ranking and Suggesting Candidate Objects,MICROSOFT CORP,https://patents.google.com/patent/US20080215583A1
US-9984165-B2,Increasing search result validity,AMADEUS SAS,https://patents.google.com/patent/US9984165B2
US-9785720-B2,Script optimized browser rendering process,GOOGLE INC,https://patents.google.com/patent/US9785720B2
US-7949714-B1,System and method for targeting advertisements or other information using user geographical information,GOOGLE INC,https://patents.google.com/patent/US7949714B1
US-9489449-B1,Method and system for identifying keywords for use in placing keyword-targeted advertisements,"SCHOLL NATHANIEL B, DENEUI ALEXANDER W, AMAZON TECH INC",https://patents.google.com/patent/US9489449B1
US-2014324818-A1,Scheduler for Search Engine Crawler,GOOGLE INC,https://patents.google.com/patent/US20140324818A1
US-2007088693-A1,Document scoring based on traffic associated with a document,GOOGLE INC,https://patents.google.com/patent/US20070088693A1
US-8239378-B2,Document scoring based on query analysis,"DEAN JEFFREY, HAAHR PAUL, HENZINGER MONIKA, LAWRENCE STEVE, PFLEGER KARL, SERCINOGLU OLCAN, TONG SIMON, GOOGLE INC",https://patents.google.com/patent/US8239378B2
US-8782032-B2,Minimizing visibility of stale content in web searching including revising web crawl intervals of documents,GOOGLE INC,https://patents.google.com/patent/US8782032B2
US-2006136411-A1,Ranking search results using feature extraction,MICROSOFT CORP,https://patents.google.com/patent/US20060136411A1
US-2010023432-A1,Takeoff List Palette For Guiding Semi-Automatic Quantity Takeoff From Computer Aided Design Drawings,WOOD ANDREW,https://patents.google.com/patent/US20100023432A1
US-2006212265-A1,Method and system for assessing quality of search engines,IBM,https://patents.google.com/patent/US20060212265A1
US-2007100817-A1,Document scoring based on document content update,GOOGLE INC,https://patents.google.com/patent/US20070100817A1
US-9495462-B2,Re-ranking search results,"POZNANSKI VICTOR, WANG OIVIND, HOLM FREDRIK, BODD NICOLAI, TANKOVICH VLADIMIR, MEYERZON DMITRIY, MICROSOFT TECHNOLOGY LICENSING LLC",https://patents.google.com/patent/US9495462B2
US-8051071-B2,Document scoring based on query analysis,GOOGLE INC,https://patents.google.com/patent/US8051071B2
AU-2006252227-B2,Document scoring based on link-based criteria,GOOGLE LLC,https://patents.google.com/patent/AU2006252227B2
US-2004059997-A1,Systems and methods for displaying statistical information on a web page,MYFAMILY COM INC,https://patents.google.com/patent/US20040059997A1
US-9817896-B2,Search query scoring and popularity monitoring and systems and methods therefor,"CHANNELL BRIAN PAUL, EXCALIBUR IP LLC",https://patents.google.com/patent/US9817896B2
US-2003128231-A1,Dynamic path analysis,"Stephane Kasriel, Sara Swanson",https://patents.google.com/patent/US20030128231A1
DE-102007041917-B4,0,FISHER ROSEMOUNT SYSTEMS INC,https://patents.google.com/patent/DE102007041917B4
US-9002725-B1,System and method for targeting information based on message content,"CAROBUS ALEXANDER PAUL, WANG NINIANE, JACOBS JARED, COLEMAN KEITH, MAHADEVAN UMA, GOOGLE INC",https://patents.google.com/patent/US9002725B1
US-2010145935-A1,Data network service based on profiling ip-addresses,KONINKL KPN NV,https://patents.google.com/patent/US20100145935A1
US-11014252-B2,Robot system,NIDEC SANKYO CORP,https://patents.google.com/patent/US11014252B2
US-2004133629-A1,"Methods, systems and devices for automated web publishing and distribution","Brian Reynolds, Barr Frank Stewart",https://patents.google.com/patent/US20040133629A1
KR-20030090351-A,e-book display system of moving picture for the internet,"BIOSLABKOREA CO LTD, SEO YOUNG KYU",https://patents.google.com/patent/KR20030090351A
US-2004036713-A1,"System, method, and computer program product in a data processing system for defining a process by graphically guiding an example input through selected processing nodes",IBM,https://patents.google.com/patent/US20040036713A1
US-2005097013-A1,"System and method of managing registration, sale, distribution and use of regulated agricultural products and the licensing/certification of dealers and applicators of agricultural products","Kelly J. K., Edmondson Peter S.",https://patents.google.com/patent/US20050097013A1
US-2005021411-A1,Product code availability,"Anderson Glen J., Kroening James L.",https://patents.google.com/patent/US20050021411A1
US-2004034771-A1,Method and system for changing security information in a computer network,"Edgett Jeff Steven, Singam Sunder",https://patents.google.com/patent/US20040034771A1
US-2003182556-A1,Method and system to secure a connection application for distribution to multiple end-users,"Singam Sunder, Jeff Edgett",https://patents.google.com/patent/US20030182556A1
US-2003056092-A1,Method and system for associating a plurality of transaction data records generated in a service access system,"Edgett Jeff Steven, Singam Sunder",https://patents.google.com/patent/US20030056092A1
US-7519695-B2,Service quality monitoring process,IPASS INC,https://patents.google.com/patent/US7519695B2
US-2020195718-A1,Workflow coordination in coordination namespace,IBM,https://patents.google.com/patent/US20200195718A1
US-2010174894-A1,"Method, Apparatus, and System for Configuring an Operating System on a Target Computer",LENOVO SINGAPORE PTE LTD,https://patents.google.com/patent/US20100174894A1
US-10027613-B2,Method and system of automating data capture from electronic correspondence,MERCURY KINGDOM ASSETS LTD,https://patents.google.com/patent/US10027613B2
US-8606885-B2,Method and system of providing access point data associated with a network access point,"SUNDER SINGAM, EDGETT JEFF STEVEN, ALBERT ROY DAVID, IPASS INC",https://patents.google.com/patent/US8606885B2
US-7792745-B2,Method and system to facilitate financial settlement of service access transactions between multiple parties,IPASS INC,https://patents.google.com/patent/US7792745B2
US-2005256841-A1,Method and system of implementing recorded data for automating internet interactions,"RAWAT JAI, PALNITKAR SAMIR",https://patents.google.com/patent/US20050256841A1
US-7961884-B2,Method and system for changing security information in a computer network,IPASS INC,https://patents.google.com/patent/US7961884B2
CN-102479094-A,Operation method of portable communication device,INVENTEC CORP,https://patents.google.com/patent/CN102479094A
US-8250630-B2,Detecting unauthorized computer access,"MENDONCA EDUARDO, CISCO TECH INC",https://patents.google.com/patent/US8250630B2
US-2004036709-A1,"System, method, and computer program product in a data processing system for registering with a service utilizing a graphical depiction of a process definition",IBM,https://patents.google.com/patent/US20040036709A1
US-7761606-B2,Method and system to secure a connection application for distribution to multiple end-users,IPASS INC,https://patents.google.com/patent/US7761606B2
US-8095597-B2,Method and system of automating data capture from electronic correspondence,"RAWAT JAI, DOUNDAKOVA SILVIA, D SA OSWALD DOMINIC, GORDON JULIAN, KULKARNI RENUKA, DHANAPAL VIJAYASANKAR, GUBBALA SRINIVAS, RAMAN SANTHOSH, ANAND RAJIV, AOL INC",https://patents.google.com/patent/US8095597B2
US-6981028-B1,Method and system of implementing recorded data for automating internet interactions,OBONGO INC,https://patents.google.com/patent/US6981028B1
US-6963846-B1,"System and method of managing registration, sale, distribution and use of regulated agricultural products and the licensing/certification of dealers and applicators of agricultural products",KELLY REGISTRATION SYSTEMS INC,https://patents.google.com/patent/US6963846B1
US-8560621-B2,Method and system of automating data capture from electronic correspondence,"RAWAT JAI, DOUNDAKOVA SILVIA, D SA OSWALD DOMINIC, GORDON JULIAN, KULKARNI RENUKA, DHANAPAL VIJAYASANKAR, GUBBALA SRINIVAS, RAMAN SANTHOSH, ANAND RAJIV, MERCURY KINGDOM ASSETS LTD",https://patents.google.com/patent/US8560621B2
US-9280763-B2,Method and system of automating data capture from electronic correspondence,MERCURY KINGDOM ASSETS LTD,https://patents.google.com/patent/US9280763B2
US-7240112-B2,Service quality monitoring process,IPASS INC,https://patents.google.com/patent/US7240112B2
US-2003188160-A1,Method and system to securely update files via a network,"Singam Sunder, Jeff Edgett",https://patents.google.com/patent/US20030188160A1
US-2001034704-A1,Method and system to facilitate financial settlement of service access transactions between multiple parties,"Jay Farhat, Alla Rozenfeld, Singam Sunder, Jeff Edgett, Can Vu",https://patents.google.com/patent/US20010034704A1
US-2009320145-A1,"Apparatus, method, and computer program for controlling use of a content",SONY CORP,https://patents.google.com/patent/US20090320145A1
US-2003065919-A1,Method and system for identifying a replay attack by an access device to a computer system,"Albert Roy David, Edgett Jeff Steven, Singam Sunder",https://patents.google.com/patent/US20030065919A1
US-8510861-B2,Anti-piracy software protection system and method,"ERIKSSON THOMAS, WENZEL JURGEN, KARLSSON TOBIAS, RESOURCE CONSORTIUM LTD",https://patents.google.com/patent/US8510861B2
US-2004068693-A1,Client side form filler that populates form fields based on analyzing visible field labels and visible display format hints without previous examination or mapping of the form,"Jai Rawat, Bhatia Ajoy Kumar, Zissimopoulos Vasileios ?Quot;Bill?Quot;",https://patents.google.com/patent/US20040068693A1
US-2005125250-A1,"System and method of managing registration, sale, distribution and use of regulated agricultural products and the licensing/certification of dealers and applicators of agricultural products","Kelly J. K., Edmondson Peter S.",https://patents.google.com/patent/US20050125250A1
US-2010212028-A1,Anti-piracy software protection system and method,"ERIKSSON THOMAS, WENZEL JURGEN, KARLSSON TOBIAS",https://patents.google.com/patent/US20100212028A1
US-2010229219-A1,Detecting unauthorized computer access,MENDONCA EDUARDO,https://patents.google.com/patent/US20100229219A1
US-2002083429-A1,Method and system to customize and update a network connection application for distribution to multiple end-users,"Alla Rozenfeld, Singam Sunder, Tuan Bui",https://patents.google.com/patent/US20020083429A1
US-7191239-B2,Method and system to customize and update a network connection application for distribution to multiple end-users,IPASS INC,https://patents.google.com/patent/US7191239B2
US-2004059937-A1,"Apparatus, method and computer program for controlling use of a content",Takehiko Nakano,https://patents.google.com/patent/US20040059937A1
US-7614087-B2,"Apparatus, method and computer program for controlling use of a content",SONY CORP,https://patents.google.com/patent/US7614087B2
US-8443455-B2,"Apparatus, method, and computer program for controlling use of a content","NAKANO TAKEHIKO, SONY CORP",https://patents.google.com/patent/US8443455B2
US-2003056096-A1,Method and system for securely authenticating network access credentials for users,"Albert Roy David, Edgett Jeff Steven, Singam Sunder, Underwood James Marion",https://patents.google.com/patent/US20030056096A1
US-2006200419-A1,System and method for user role based product license generation,"COOK JOHANNA M, MAGEE ERICH S, PATEL HIRENKUMAR I",https://patents.google.com/patent/US20060200419A1
US-2005044359-A1,Anti-piracy software protection system and method,"Thomas Eriksson, Jurgen Wenzel, Tobias Karlsson",https://patents.google.com/patent/US20050044359A1
US-7958352-B2,Method and system for verifying and updating the configuration of an access device during authentication,IPASS INC,https://patents.google.com/patent/US7958352B2
US-2006190408-A1,System and method for customized bundled license generation,"COOK JOHANNA M, MAGEE ERICH S, PATEL HIRENKUMAR I",https://patents.google.com/patent/US20060190408A1
US-7921290-B2,Method and system for securely authenticating network access credentials for users,IPASS INC,https://patents.google.com/patent/US7921290B2
US-2001034693-A1,Method and system to broker a service access transaction,"Jay Farhat, Alla Rozenfeld, Singam Sunder, Jeff Edgett, Can Vu",https://patents.google.com/patent/US20010034693A1
US-2006230397-A1,Method for third-party registration of software components,"COOK JOHANNA M, MAGEE ERICH S, PATEL HIRENKUMAR I",https://patents.google.com/patent/US20060230397A1
US-2005204036-A1,Service quality monitoring process,IPASS INC,https://patents.google.com/patent/US20050204036A1
US-6754346-B2,Method for tracing the distribution of physical digital media,"Steven P. Eiserling, Ronald M Eiserling",https://patents.google.com/patent/US6754346B2
US-7469341-B2,Method and system for associating a plurality of transaction data records generated in a service access system,IPASS INC,https://patents.google.com/patent/US7469341B2
US-7716474-B2,Anti-piracy software protection system and method,BYTEBLAZE INC,https://patents.google.com/patent/US7716474B2
US-2002099683-A1,Verification of a benefit purchase incident to a computer system purchase,"Sloan Jeffrey N., Cobb Gary W.",https://patents.google.com/patent/US20020099683A1
US-2006179295-A1,Multiple system image options selective booting method and interface,INVENTEC CORP,https://patents.google.com/patent/US20060179295A1
US-8909889-B1,Method and apparatus for servicing host commands by a disk drive,"ONG CHOO-BHIN, GUDA CHANDRA M, WESTERN DIGITAL TECH INC",https://patents.google.com/patent/US8909889B1
US-2011179384-A1,Profile-based performance tuning of computing systems,"WOERNER THOMAS K, SNOOK CHRISTOPHER HAUGHEY",https://patents.google.com/patent/US20110179384A1
US-7719132-B2,Ruggedized mobile computing device,L3 COMM CORP,https://patents.google.com/patent/US7719132B2
US-7543168-B1,Specifying an operating system level to use after reboot,UNISYS CORP,https://patents.google.com/patent/US7543168B1
US-8516233-B2,Method for setting a boot list to disks with multiple boot logical volumes,"SMITH MARK DOUGLAS, IBM",https://patents.google.com/patent/US8516233B2
US-2011302343-A1,Systems and methods for providing instant-on functionality on an embedded controller,"BUTCHER WADE, MADDUKURI AKKIAH, JREIJ ELIE, DELL PRODUCTS LP",https://patents.google.com/patent/US20110302343A1
US-9852152-B2,Method for consistent storage of data in an industrial controller,ROCKWELL AUTOMATION TECH INC,https://patents.google.com/patent/US9852152B2
CN-103678030-A,Multi-system equipment start system and method thereof,HIKVISION DIGITAL TECH CO LTD,https://patents.google.com/patent/CN103678030A
EP-2017725-A1,Method of controlling a PDA phone and PDA phone using the same,"GIGA BYTE COMM INC, GIGA BYTE TECH CO LTD",https://patents.google.com/patent/EP2017725A1
US-2007011674-A1,Computer system and method for selectively installing one operating system among a plurality of operating systems,SAMSUNG ELECTRONICS CO LTD,https://patents.google.com/patent/US20070011674A1
US-8433307-B2,Method of controlling a PDA phone and PDA phone using the same,"CHEN WEI-TING, GIGA BYTE COMM INC, GIGA BYTE TECH CO LTD",https://patents.google.com/patent/US8433307B2
US-7991991-B2,"Apparatus operable under an operating system, method of controlling apparatus and computer-readable recording medium",FUJITSU LTD,https://patents.google.com/patent/US7991991B2
US-2006149956-A1,Instant-on computer system and method for instantly booting a computer system,MITAC TECHNOLOGY CORP,https://patents.google.com/patent/US20060149956A1
US-2006287820-A1,Host based satellite positioning systems,"YAMAMOTO CLIFFORD, NONIS SEBASTIAN, PANDE ASHUTOSH, BULATOVIC NIKOLA, WITANIS STEFAN",https://patents.google.com/patent/US20060287820A1
CN-112988242-A,System and method for searching installed starter to select starter to be executed,"INVENTEC TECHNOLOGY CO LTD, INVENTEC CORP",https://patents.google.com/patent/CN112988242A
US-2011029240-A1,Host based satellite positioning systems,SIRF TECH INC,https://patents.google.com/patent/US20110029240A1
US-2006288197-A1,Identifying an operating system associated with a boot path,"SWANSON ROBERT C, BULUSU MALLIK, ZIMMER VINCENT J, ROTHMAN MICHAEL A, TOLENTINO MATTHEW E",https://patents.google.com/patent/US20060288197A1
US-2011225216-A1,Method for consistent storage of data in an industrial controller,ROCKWELL AUTOMATION TECH INC,https://patents.google.com/patent/US20110225216A1
US-2004153641-A1,Computer system manager,Gordon Ritchie,https://patents.google.com/patent/US20040153641A1
US-8285978-B2,"Storage medium storing master boot record, computer system having the same and booting method of the computer system","KIM DEOK-RAE, CHO KEON-YOUNG, KIM KYUNG-YOUNG, NAM SEUNG-LEE, SAMSUNG ELECTRONICS CO LTD",https://patents.google.com/patent/US8285978B2
US-2005050313-A1,Method of turning on a computer,"Yi-Chang Chen, Chih-Hsuan Wu",https://patents.google.com/patent/US20050050313A1
US-9697010-B2,User selectable operating systems,"MICROSOFT CORP, MICROSOFT TECHNOLOGY LICENSING LLC",https://patents.google.com/patent/US9697010B2
US-2008318628-A1,Method of controlling a PDA phone and PDA phone using the same,GIGA BYTE TECH CO LTD,https://patents.google.com/patent/US20080318628A1
US-2006294352-A1,Speedy boot for computer systems,"MORRISON JOHN A, ALLISON MICHAEL S, HACK STEPHEN P",https://patents.google.com/patent/US20060294352A1
US-7302698-B1,Operation of trusted state in computing platform,HEWLETT PACKARD DEVELOPMENT CO,https://patents.google.com/patent/US7302698B1
US-2012144176-A1,Method for Setting a Boot List to Disks with Multiple Boot Logical Volumes,"SMITH MARK DOUGLAS, IBM",https://patents.google.com/patent/US20120144176A1
US-2003088764-A1,Method of supporting multiple PDA systems on a notebook PC,"Say-Ling Wen, Chaucer Chiu",https://patents.google.com/patent/US20030088764A1
US-2003014622-A1,System and method to enable a legacy BIOS system to boot from a disk that includes EFI GPT partitions,Jean-Francois Larvoire,https://patents.google.com/patent/US20030014622A1
US-7689820-B2,Rapid-boot computing device with dual operating systems,L3 COMM CORP,https://patents.google.com/patent/US7689820B2
CN-102346676-A,Multiple starting-up management method for computer,GIGA BYTE TECH CO LTD,https://patents.google.com/patent/CN102346676A
US-2008167128-A1,Television Viewing on Gaming Consoles,MICROSOFT CORP,https://patents.google.com/patent/US20080167128A1
US-9069475-B1,Hybrid drive selectively spinning up disk when powered on,"WILKINS VIRGIL V, WESTERN DIGITAL TECH INC",https://patents.google.com/patent/US9069475B1
WO-2009032445-A1,Integration model for instant-on environment,"DEVICEVM INC, TSAI WEN-PIN, CHONG BENEDICT T, SHEU PHILIP, DENG THOMAS, CHIN VICTOR, FANG XUN, SHIU JIAN-JUNG, WANG HONG-SHENG, LIN WEI-NAN",https://patents.google.com/patent/WO2009032445A1
US-2008167127-A1,Integration of Media on Gaming Consoles,MICROSOFT CORP,https://patents.google.com/patent/US20080167127A1
US-9183207-B2,Method for consistent storage of data in an industrial controller,ROCKWELL AUTOMATION TECH INC,https://patents.google.com/patent/US9183207B2
CN-101334724-B,Shutdown options setting method and device based on computer operating time,IBM,https://patents.google.com/patent/CN101334724B
US-9015622-B2,Profile-based performance tuning of computing systems,"WÖRNER THOMAS K, SNOOK CHRISTOPHER HAUGHEY, RED HAT INC",https://patents.google.com/patent/US9015622B2
KR-100725394-B1,Computer system and method for selectively installing a operating system from plural operating system,삼성전자주식회사,https://patents.google.com/patent/KR100725394B1
US-2009049442-A1,Data processing apparatus and software program activation method,CANON KK,https://patents.google.com/patent/US20090049442A1
US-2003182546-A1,"Information device, storage medium, and system activation method",TOSHIBA KK,https://patents.google.com/patent/US20030182546A1
US-2006294358-A1,Methods and computers for presenting a graphical user interface during a boot process,LITE ON TECHNOLOGY CORP,https://patents.google.com/patent/US20060294358A1
US-11223537-B1,Executing custom scripts from the host during disaster recovery,VERITAS TECHNOLOGIES LLC,https://patents.google.com/patent/US11223537B1
US-7899446-B2,Method of controlling a PDA phone and PDA phone using the same,"GIGA BYTE COMM INC, GIGA BYTE TECH CO LTD",https://patents.google.com/patent/US7899446B2
US-2007104340-A1,System and Method for Manufacturing a Transducer Module,KNOWLES ELECTRONICS LLC,https://patents.google.com/patent/US20070104340A1
US-7506265-B1,System and method for displaying images of virtual machine environments,MICROSOFT CORP,https://patents.google.com/patent/US7506265B1
US-2012042156-A1,Method of multiple boot manager,"MA MOU-MING, CHAO CHING-HUNG, TSENG PO-CHANG, GIGA BYTE TECHNOLOGY CO LTI",https://patents.google.com/patent/US20120042156A1
US-7480793-B1,Dynamically configuring the environment of a recovery OS from an installed OS,SYMANTEC CORP,https://patents.google.com/patent/US7480793B1
US-12299130-B2,"Method for secure, efficient startup of hyper-converged systems using hybrid centralization",ROCKWELL COLLINS INC,https://patents.google.com/patent/US12299130B2
US-2010262820-A1,Method of controlling a pda phone and pda phone using the same,CHEN WEI-TING,https://patents.google.com/patent/US20100262820A1
CN-102799449-A,Multi-system starting method and system,HIKVISION DIGITAL TECH CO LTD,https://patents.google.com/patent/CN102799449A
US-2008209202-A1,"Apparatus operable under an operating system, method of controlling apparatus and computer-readable recording medium",FUJITSU LTD,https://patents.google.com/patent/US20080209202A1
US-2009037722-A1,Integration Model for Instant-On Environment,"CHONG BENEDICT T, SHEU PHILILP, DENG THOMAS, CHIN VICTOR, FANG XUN, SHIU JIAN-JUNG, WANG HONG-SHENG, TSAI WEN-PIN, LIN WEI-NAN",https://patents.google.com/patent/US20090037722A1
US-7840909-B2,Portable computing apparatus and processing method using the same,SAMSUNG ELECTRONICS CO LTD,https://patents.google.com/patent/US7840909B2
US-2008082810-A1,Semi-persistent relocatable ram-based virtual floppy disk method,HEWLETT PACKARD DEVELOPMENT CO,https://patents.google.com/patent/US20080082810A1
US-8083593-B2,Recording media on gaming consoles,"WHITE JASON, ROSHAK TODD, TURKSTRA CHRIS, SEETHARAMAN LOGANANTH, MILLIGAN TIMOTHY, LAW STACEY, DISCOLO ANTHONY, MICROSOFT CORP",https://patents.google.com/patent/US8083593B2
US-D673176-S,Display screen with icon,"PHELAN KIERAN, MICROSOFT CORP",https://patents.google.com/patent/USD673176S
US-2007143518-A1,Portable computing apparatus and processing method using the same,SAMSUNG ELECTRONICS CO LTD,https://patents.google.com/patent/US20070143518A1
US-2008077786-A1,Rapid-boot computing device with dual operating systems,"PIERCE JAMES R, WALKER ERIC H, WAHL JOHN A",https://patents.google.com/patent/US20080077786A1
US-8954269-B2,Host based satellite positioning systems,"YAMAMOTO CLIFFORD, NONIS SEBASTIAN, PANDE ASHUTOSH, BULATOVIC NIKOLA, WITANIS STEFAN, CSR TECHNOLOGY INC",https://patents.google.com/patent/US8954269B2
US-6957286-B1,System and device for switching operating system,HARD GUARD LTD,https://patents.google.com/patent/US6957286B1
US-7234055-B2,Computer operating booting system making use of multi-buttons,INVENTEC CORP,https://patents.google.com/patent/US7234055B2
US-6928542-B2,Method and system for starting a multiple PDA operating system through a menu,INVENTEC CORP,https://patents.google.com/patent/US6928542B2
US-8819321-B2,Systems and methods for providing instant-on functionality on an embedded controller,"BUTCHER WADE, MADDUKURI AKKIAH, JREIJ ELIE, DELL PRODUCTS LP",https://patents.google.com/patent/US8819321B2
CN-103377054-A,Starting method and starting device,LENOVO BEIJING LTD,https://patents.google.com/patent/CN103377054A
US-2006047940-A1,Computer multi-buttons booting system and method,"CHIU CHAUCER, HUANG AMOS",https://patents.google.com/patent/US20060047940A1
US-2009228881-A1,Linux matrix compilation system and method,"MUKKER ATUL, BAGALKOTE SREENIVAS",https://patents.google.com/patent/US20090228881A1
US-8533707-B2,Linux matrix compilation system and method,"MUKKER ATUL, BAGALKOTE SREENIVAS, LSI CORP",https://patents.google.com/patent/US8533707B2
US-8819483-B2,"Computing device with redundant, dissimilar operating systems","PIERCE JAMES R, WALKER ERIC H, WAHL JOHN A, L 3 COMM CORP",https://patents.google.com/patent/US8819483B2
US-2009138865-A1,Performing an operating system upgrade without multiple system interruptions,"FURBEE RICHARD L, REIST RANDOLPH C, LERCH III JOSEPH, NEILL JOSEPH, THOMPSON JIM",https://patents.google.com/patent/US20090138865A1
US-6978363-B2,System and method to enable a legacy BIOS system to boot from a disk that includes EFI GPT partitions,HEWLETT PACKARD DEVELOPMENT CO,https://patents.google.com/patent/US6978363B2
US-2003093658-A1,Method and system for starting a multiple PDA operating system through a menu,"Say-Ling Wen, Chuan-Cheng Chiu",https://patents.google.com/patent/US20030093658A1
US-2008209198-A1,Boot Acceleration For Computer Systems,"MAJNI TIMOTHY W, THOMPSON MARK J",https://patents.google.com/patent/US20080209198A1
US-8291209-B2,Integration model for instant-on environment,"CHONG BENEDICT T, SHEU PHILIP, DENG THOMAS, CHIN VICTOR, FANG XUN, SHIU JIAN-JUNG, WANG HONG-SHENG, TSAI WEN-PIN, LIN WEI-NAN, SPLASHTOP INC",https://patents.google.com/patent/US8291209B2
US-9358470-B2,Television viewing on gaming consoles,MICROSOFT TECHNOLOGY LICENSING LLC,https://patents.google.com/patent/US9358470B2
CN-112988242-B,System and method for searching installed starter to select starter to be executed,"英业达科技有限公司, 英业达股份有限公司",https://patents.google.com/patent/CN112988242B
US-2006190106-A1,Method for consistent storage of data in an industrial controller,ROCKWELL AUTOMATION TECH INC,https://patents.google.com/patent/US20060190106A1
EP-2174217-A4,Integration model for instant-on environment,"SPLASHTOP INC, TSAI WEN PIN",https://patents.google.com/patent/EP2174217A4
US-7792639-B2,Host based satellite positioning systems,SIRF TECH INC,https://patents.google.com/patent/US7792639B2
US-9766944-B2,Dynamic partition dual boot mobile phone device,MICROSOFT TECHNOLOGY LICENSING LLC,https://patents.google.com/patent/US9766944B2
US-7568090-B2,Speedy boot for computer systems,HEWLETT PACKARD DEVELOPMENT CO,https://patents.google.com/patent/US7568090B2
CN-118427018-A,"Auxiliary restoration method, device, electronic equipment, storage medium, system and computer program product of operating system",UNIONTECH TECH CO LTD,https://patents.google.com/patent/CN118427018A
US-9495368-B2,Method for consistent storage of data in an industrial controller,"KAY JAMES J, JOHNSTON DAVID ALLEN, URDANETA SHELLY LYNN, SIEGEL STUART BLAIR, ROCKWELL AUTOMATION TECH INC",https://patents.google.com/patent/US9495368B2
US-2005183095-A1,"Information processing apparatus, method for controlling information processing apparatus, and strorage medium storing program for realizing the method",CANON KK,https://patents.google.com/patent/US20050183095A1
US-8751783-B2,Booting computing devices with EFI aware operating systems,"PIWONKA MARK, WIGINTON SCOTTY, HEWLETT PACKARD DEVELOPMENT CO",https://patents.google.com/patent/US8751783B2
US-2007083829-A1,Application program initiation with initial display selection,IBM,https://patents.google.com/patent/US20070083829A1
US-2009292912-A1,"Storage medium storing master boot record, computer system having the same and booting method of the computer system",SAMSUNG ELECTRONICS CO LTD,https://patents.google.com/patent/US20090292912A1
US-2011029924-A1,Portable computing apparatus and processing method using the same,SAMSUNG ELECTRONICS CO LTD,https://patents.google.com/patent/US20110029924A1
US-7822961-B2,Semi-persistent relocatable ram-based virtual floppy disk method,HEWLETT PACKARD DEVELOPMENT CO,https://patents.google.com/patent/US7822961B2
CN-100403262-C,Computer device starting method and computer device using same,VIA TECH INC,https://patents.google.com/patent/CN100403262C
US-8762699-B1,"System, apparatus, and method for initiating a reboot of a personal computer system by pressing a button on an attached storage device and causing the operating system on the attached storage device to be booted","STREUTER GARY, DEETZ RANDALL, BURKE KENNETH, CMS PRODUCTS INC",https://patents.google.com/patent/US8762699B1
US-2001018717-A1,"Computer system, operating system switching system, operating system mounting method, operating system switching method, storage medium, and program transmission apparatus",IBM,https://patents.google.com/patent/US20010018717A1
US-6367074-B1,Operation of a system,INTEL CORP,https://patents.google.com/patent/US6367074B1
US-2005213603-A1,Four layer architecture for network device drivers,"KARIGHATTAM KISHORE, PADIYAR PRASAD P, VASUDEVA HARISH",https://patents.google.com/patent/US20050213603A1
US-2005066337-A1,Portable operating environment,Carmody Quinn,https://patents.google.com/patent/US20050066337A1
US-2006058658-A1,Communications between co-located operating systems for medical diagnostic ultrasound and other systems,SIEMENS MEDICAL SOLUTIONS,https://patents.google.com/patent/US20060058658A1
CN-100570557-C,Computer system and boot method for providing multiple boot programs,CYBERLINK SCIENCE AND TECHNOLO,https://patents.google.com/patent/CN100570557C
US-2013198248-A1,Method for consistent storage of data in an industrial controller,"KAY JAMES J, JOHNSTON DAVID ALLEN, URDANETA SHELLY LYNN, SIEGEL STUART BLAIR, ROCKWELL AUTOMATION TECH INC",https://patents.google.com/patent/US20130198248A1
US-2003158917-A1,Modifying system configuration based on parameters received from an infrastructure,"Andrew Felix G.T.I., Ramig Randal J., Zeke Koch",https://patents.google.com/patent/US20030158917A1
US-7676814-B2,Four layer architecture for network device drivers,GLOBALFOUNDRIES INC,https://patents.google.com/patent/US7676814B2
US-2006130000-A1,System and method for operating systems,"MIYAO TAKESHI, KASASHIMA HIROKAZU, NAKAMURA TOMOAKI, OHNO HIROSHI, KAMIWAKI TADASHI, SAITO MASAHIKO, INOUE TARO",https://patents.google.com/patent/US20060130000A1
US-7548988-B2,Software downloading using a television broadcast channel,RPX LV ACQUISITION LLC,https://patents.google.com/patent/US7548988B2
US-6532538-B1,Method and system for supporting multiple operating systems on the same disk running on different computers at the same time,IBM,https://patents.google.com/patent/US6532538B1
US-7376974-B2,Apparatus and method for creating a trusted environment,HEWLETT PACKARD DEVELOPMENT CO,https://patents.google.com/patent/US7376974B2
US-7822829-B2,Method for interfacing scanned product information with a source for the product over a global network,RPX LV ACQUISITION LLC,https://patents.google.com/patent/US7822829B2
US-8296440-B2,Method and apparatus for accessing a remote location with an optical reader having a programmable memory system,"PHILYAW JEFFRY JOVAN, DAVIS DOUGLAS L, RPX CORP",https://patents.google.com/patent/US8296440B2
US-9633206-B2,Demonstrating integrity of a compartment of a compartmented operating system,"DALTON CHRISTOPHER I, HEWLETT PACKARD DEVELOPMENT CO LP",https://patents.google.com/patent/US9633206B2
US-6892261-B2,Multiple operating system control method,HITACHI LTD,https://patents.google.com/patent/US6892261B2
US-7912760-B2,Method and apparatus for utilizing a unique transaction code to update a magazine subscription over the internet,RPX LV ACQUISITION LLC,https://patents.google.com/patent/US7912760B2
US-6857069-B1,Modified operating system boot sequence for iSCSI device support,CISCO TECH IND,https://patents.google.com/patent/US6857069B1
US-7536478-B2,Method and apparatus for opening and launching a web browser in response to an audible signal,RPX LV ACQUISITION LLC,https://patents.google.com/patent/US7536478B2
US-2002120884-A1,Multi-computer fault detection system,"Tetsuaki Nakamikawa, Masahiko Saito, Takanori Yokoyama, Hiroshi Ohno",https://patents.google.com/patent/US20020120884A1
US-2002194496-A1,Multiple trusted computing environments,"Jonathan Griffin, Dalton Christopher I., Michael Child, Liqun Chen, Norman Andrew Patrick",https://patents.google.com/patent/US20020194496A1
US-8005985-B2,Method and apparatus for utilizing an audibly coded signal to conduct commerce over the internet,RPX & MDASH LV ACQUISITION LLC,https://patents.google.com/patent/US8005985B2
CN-107111502-A,Application installation/uninstallation across multiple systems,MICROSOFT TECHNOLOGY LICENSING LLC,https://patents.google.com/patent/CN107111502A
US-7908467-B2,Automatic configuration of equipment software,RPX LV ACQUISTION LLC,https://patents.google.com/patent/US7908467B2
US-2008244564-A1,Bookmark and configuration file for installation sequence,MICROSOFT CORP,https://patents.google.com/patent/US20080244564A1
US-2004177193-A1,Multiple operating system control method,"Hiroshi Ohno, Tomoaki Nakamura, Shigenori Kaneko, Ryokichi Yoshizawa, Naoshi Kato, Manabu Yamauchi, Toshiaki Arai, Tomoki Sekiguchi",https://patents.google.com/patent/US20040177193A1
US-2002194132-A1,Renting a computing environment on a trusted computing platform,HEWLETT PACKARD CO,https://patents.google.com/patent/US20020194132A1
US-7636788-B2,Method and apparatus for matching a user&#39;s use profile in commerce with a broadcast,RPX LV ACQUISITION LLC,https://patents.google.com/patent/US7636788B2
US-2003172109-A1,Trusted operating system,"Dalton Christoper I., Choo Tse Huong, Norman Andrew Patrick",https://patents.google.com/patent/US20030172109A1
US-2004249998-A1,Uploading TCP frame data to user buffers and buffers in system memory,"Anand Rajagopalan, Radoslav Danilak, Gyugyi Paul J., Jha Ashutosh K., Maufer Thomas A., Sameer Nanda, Sidenblad Paul J.",https://patents.google.com/patent/US20040249998A1
TW-I596545-B,0,HUAWEI TECH CO LTD,https://patents.google.com/patent/TWI596545B
US-7865876-B2,Multiple trusted computing environments,HEWLETT PACKARD DEVELOPMENT CO,https://patents.google.com/patent/US7865876B2
WO-2016109610-A1,Application installation/uninstallation across multiple systems,MICROSOFT TECHNOLOGY LICENSING LLC,https://patents.google.com/patent/WO2016109610A1
US-7979576-B2,Method and apparatus for connecting a user location to one of a plurality of destination locations on a network,RPX LV ACQUISITION LLC,https://patents.google.com/patent/US7979576B2
US-9652215-B2,Application installation/uninstallation across multiple systems,MICROSOFT TECHNOLOGY LICENSING LLC,https://patents.google.com/patent/US9652215B2
US-7739353-B2,Launching a web site using a personal device,RPX LV ACQUISITION LLC,https://patents.google.com/patent/US7739353B2
CN-100517295-C,Personal computer integrated with personal digital assistant,O2 MICRO USA LTD,https://patents.google.com/patent/CN100517295C
US-10628171-B2,"Multi-operating system device, notification device and methods thereof",HUAWEI TECH CO LTD,https://patents.google.com/patent/US10628171B2
US-8069098-B2,Input device for allowing interface to a web site in association with a unique input code,"PHILYAW JEFFRY JOVAN, MATHEWS DAVID KENT, RPX LV ACQUISITION LLC",https://patents.google.com/patent/US8069098B2
US-11321098-B2,"Multi-operating system device, notification device and methods thereof",HUAWEI TECH CO LTD,https://patents.google.com/patent/US11321098B2
US-6826592-B1,Digital ID for selecting web browser and use preferences of a user during use of a web application,LV PARTNERS LP,https://patents.google.com/patent/US6826592B1
KR-20170102880-A,Application installation/uninstallation across multiple systems,MICROSOFT TECHNOLOGY LICENSING LLC,https://patents.google.com/patent/KR20170102880A
US-7819316-B2,Portable scanner for enabling automatic commerce transactions,LV PARTNERS L P,https://patents.google.com/patent/US7819316B2
CN-1303528-C,Automatic switching method between Xwindows display mode and console display mode,INVENTEC CO LTD,https://patents.google.com/patent/CN1303528C
EP-1490786-A4,Personal computer integrated with personal digital assistant,O2MICRO INC,https://patents.google.com/patent/EP1490786A4
US-8218765-B2,Information system,"PROUDLER GRAEME JOHN, BALACHEFF BORIS, HEWLETT PACKARD DEVELOPMENT CO",https://patents.google.com/patent/US8218765B2
WO-2016134601-A1,"Multi-operating system device, notification device and methods thereof",HUAWEI TECH CO LTD,https://patents.google.com/patent/WO2016134601A1
US-7596786-B2,Method and apparatus for utilizing an existing product code to issue a match to a predetermined location on a global network,RPX LV ACQUISITION LLC,https://patents.google.com/patent/US7596786B2
US-7912961-B2,Input device for allowing input of unique digital code to a user&#39;s computer to control access thereof to a web site,RPX LV ACQUISITION LLC,https://patents.google.com/patent/US7912961B2
US-7870189-B2,Input device having positional and scanning capabilities,RPX LV ACQUISITION LLC,https://patents.google.com/patent/US7870189B2
US-6715016-B1,Multiple operating system control method,HITACHI LTD,https://patents.google.com/patent/US6715016B1
US-7904344-B2,Accessing a vendor web site using personal account information retrieved from a credit card company web site,RPX LV ACQUISITION LLC,https://patents.google.com/patent/US7904344B2
US-8219496-B2,Method of and apparatus for ascertaining the status of a data processing environment,"PEARSON SIANI LYNNE, PROUDLER GRAEME JOHN, HEWLETT PACKARD DEVELOPMENT CO",https://patents.google.com/patent/US8219496B2
US-8539587-B2,"Methods, devices and data structures for trusted data","PROUDLER GRAEME JOHN, BURTON WILLIAM, KUHLMANN DIRK, PLAQUIN DAVID, HEWLETT PACKARD DEVELOPMENT CO",https://patents.google.com/patent/US8539587B2
US-7925780-B2,Method for connecting a wireless device to a remote location on a network,RPX LV ACQUISITION LLC,https://patents.google.com/patent/US7925780B2
US-8239854-B2,Bookmark and configuration file for installation sequence,"SONKIN DMITRY, VARTAK UNMESH, GREISEN MARC, MICROSOFT CORP",https://patents.google.com/patent/US8239854B2
US-2007005988-A1,Multimodal authentication,MICROSOFT CORP,https://patents.google.com/patent/US20070005988A1
US-2010122350-A1,Password methods and systems for use on a mobile device,RESEARCH IN MOTION LTD,https://patents.google.com/patent/US20100122350A1
US-2016314304-A1,Decryption method for use in displaying data,GETAC TECHNOLOGY CORP,https://patents.google.com/patent/US20160314304A1
US-10497005-B2,Method for acquiring services on a multiplicity of devices,AT & T IP I LP,https://patents.google.com/patent/US10497005B2
US-9471761-B2,Unlocking electronic devices using touchscreen input gestures,IBM,https://patents.google.com/patent/US9471761B2
US-2013160109-A1,Method and device,"KLINGHULT GUNNAR, SONY ERICSSON MOBILE COMM AB",https://patents.google.com/patent/US20130160109A1
US-10698939-B2,System and method for customizing images,CORTICA LTD,https://patents.google.com/patent/US10698939B2
US-11523273-B2,Wearable identity device for fingerprint bound access to a cloud service,SIDEASSURE INC,https://patents.google.com/patent/US11523273B2
US-10754538-B2,Unlocking a device by performing gestures on an unlock image,APPLE INC,https://patents.google.com/patent/US10754538B2
US-2009249496-A1,"Information terminal apparatus, information processing method, and computer readable medium storing program thereof",FUJITSU LTD,https://patents.google.com/patent/US20090249496A1
CN-107315965-A,A kind of computer system ensured information security,TIANJIN QINGCHUANG TECH CO LTD,https://patents.google.com/patent/CN107315965A
US-10007802-B2,"Device, method, and graphical user interface for accessing an application in a locked device",APPLE INC,https://patents.google.com/patent/US10007802B2
US-10872148-B2,"System, method, and computer program product for isolating a device associated with at least potential data leakage activity, based on user input",MCAFEE LLC,https://patents.google.com/patent/US10872148B2
US-9519771-B2,Embedded authentication systems in an electronic device,APPLE INC,https://patents.google.com/patent/US9519771B2
US-11989394-B2,"Device, method, and graphical user interface for manipulating user interfaces based on fingerprint sensor inputs",APPLE INC,https://patents.google.com/patent/US11989394B2
US-9304624-B2,Embedded authentication systems in an electronic device,APPLE INC,https://patents.google.com/patent/US9304624B2
CN-105989269-A,Unlocking method and device and multi-system terminal,SHENZHEN COOLPAD SOFTWARE TECH CO LTD,https://patents.google.com/patent/CN105989269A
US-11003756-B2,System and method for verifying unique user identification,GRAS SEATON,https://patents.google.com/patent/US11003756B2
US-2015169858-A1,Pluggable authentication mechanism for mobile device applications,ALCATEL LUCENT,https://patents.google.com/patent/US20150169858A1
US-11669238-B2,Unlocking a device by performing gestures on an unlock image,APPLE INC,https://patents.google.com/patent/US11669238B2
CN-108491703-A,A kind of double verification unlocking method and system based on comprehensive screen equipment,"UNIV ZHEJIANG, HANGZHOU LEISAIWEI TECH CO LTD",https://patents.google.com/patent/CN108491703A
US-9092132-B2,"Device, method, and graphical user interface with a dynamic gesture disambiguation threshold","MIGOS CHARLES J, MIURA BRITT S, LEFFERT AKIVA D, APPLE INC",https://patents.google.com/patent/US9092132B2
US-8873814-B2,System and method for using fingerprint sequences for secured identity verification,"GOEL AMIT, CA INC",https://patents.google.com/patent/US8873814B2
US-12262111-B2,"Device, method, and graphical user interface for accessing an application in a locked device",APPLE INC,https://patents.google.com/patent/US12262111B2
US-9250795-B2,Embedded authentication systems in an electronic device,APPLE INC,https://patents.google.com/patent/US9250795B2
US-2019171803-A1,Method and apparatus for user authentication based on touch input including fingerprint information,BAE JAE KWANG,https://patents.google.com/patent/US20190171803A1
US-2017372087-A1,Method and system for data management,LINE CORP,https://patents.google.com/patent/US20170372087A1
US-11165963-B2,"Device, method, and graphical user interface for accessing an application in a locked device","DELLINGER RICHARD R, BHOGAL NIKHIL, APPLE INC",https://patents.google.com/patent/US11165963B2
US-9047453-B2,"Unlocking method, computer readable storage medium for storing thereof and handheld electrical device applying thereof","HUANG CHUN-HSIANG, LU TAI-LING, WANG CHIH-KUANG, HTC CORP",https://patents.google.com/patent/US9047453B2
US-9953152-B2,Embedded authentication systems in an electronic device,APPLE INC,https://patents.google.com/patent/US9953152B2
US-8271642-B1,"System, method, and computer program product for isolating a device associated with at least potential data leakage activity, based on user input","SANKARARAMAN SRINIVASAN, KOLINGIVADI DEEPAKESWARAN, MCAFEE INC",https://patents.google.com/patent/US8271642B1
US-11468155-B2,Embedded authentication systems in an electronic device,APPLE INC,https://patents.google.com/patent/US11468155B2
US-9146673-B2,"Device, method, and graphical user interface for manipulating soft keyboards","KOCH JONATHAN, VICTOR B MICHAEL, CIEPLINSKI AVI E, MISSIG JULIAN, APPLE INC",https://patents.google.com/patent/US9146673B2
US-8694923-B2,Unlocking a device by performing gestures on an unlock image,APPLE INC,https://patents.google.com/patent/US8694923B2
US-9954842-B2,"Method, client, server and system of login verification",ALIBABA GROUP HOLDING LTD,https://patents.google.com/patent/US9954842B2
US-10614626-B2,System and method for providing augmented reality challenges,CORTICA LTD,https://patents.google.com/patent/US10614626B2
US-11209961-B2,"Device, method, and graphical user interface for manipulating user interfaces based on fingerprint sensor inputs",APPLE INC,https://patents.google.com/patent/US11209961B2
US-10721071-B2,Wearable personal digital identity card for fingerprint bound access to a cloud service,TYFONE INC,https://patents.google.com/patent/US10721071B2
US-9679121-B2,Unlocking electronic devices using touchscreen input gestures,IBM,https://patents.google.com/patent/US9679121B2
US-9128614-B2,"Device, method, and graphical user interface for manipulating soft keyboards",APPLE INC,https://patents.google.com/patent/US9128614B2
US-10025945-B2,Decryption method for use in displaying data,GETAC TECHNOLOGY CORP,https://patents.google.com/patent/US10025945B2
US-2015106891-A1,Informed implicit enrollment and identification,MICROSOFT CORP,https://patents.google.com/patent/US20150106891A1
US-9038167-B2,Embedded authentication systems in an electronic device,APPLE INC,https://patents.google.com/patent/US9038167B2
US-9213822-B2,"Device, method, and graphical user interface for accessing an application in a locked device",APPLE INC,https://patents.google.com/patent/US9213822B2
US-10476675-B2,Personal digital identity card device for fingerprint bound asymmetric crypto to access a kiosk,TYFONE INC,https://patents.google.com/patent/US10476675B2
US-9329771-B2,Embedded authentication systems in an electronic device,"APPLE INC, APPLE INC",https://patents.google.com/patent/US9329771B2
US-10867059-B2,"Device, method, and graphical user interface for accessing an application in a locked device",APPLE INC,https://patents.google.com/patent/US10867059B2
US-2023252476-A1,Computationally efficient theft detection,CAPITAL ONE SERVICES LLC,https://patents.google.com/patent/US20230252476A1
US-9372978-B2,"Device, method, and graphical user interface for accessing an application in a locked device",APPLE INC,https://patents.google.com/patent/US9372978B2
CN-107808075-A,Input verification method,"LAI TE LUEN, TAI WEN KAI",https://patents.google.com/patent/CN107808075A
US-9342674-B2,Man-machine interface for controlling access to electronic devices,APPLE INC,https://patents.google.com/patent/US9342674B2
US-9569089-B2,Portable electronic device with multi-touch input,"ORDING BAS, FORSTALL SCOTT, CHRISTIE GREG, LEMAY STEPHEN O, CHAUDHRI IMRAN, APPLE INC",https://patents.google.com/patent/US9569089B2
US-8745544-B2,Unlocking a device by performing gestures on an unlock image,APPLE INC,https://patents.google.com/patent/US8745544B2
US-7552467-B2,Security systems for protecting an asset,LINDSAY JEFFREY DEAN,https://patents.google.com/patent/US7552467B2
US-9760707-B2,Unlocking electronic devices using touchscreen input gestures,IBM,https://patents.google.com/patent/US9760707B2
US-9128601-B2,Embedded authentication systems in an electronic device,APPLE INC,https://patents.google.com/patent/US9128601B2
US-2015033306-A1,Apparatus and method for system user authentication,IBM,https://patents.google.com/patent/US20150033306A1
US-2009193263-A1,Identifying and processing an unauthorized access request,"GNECH THOMAS HERMANN, ILLNER REGINA",https://patents.google.com/patent/US20090193263A1
US-9740832-B2,"Method, apparatus and system for access mode control of a device",APPLE INC,https://patents.google.com/patent/US9740832B2
US-9274647-B2,Embedded authentication systems in an electronic device,APPLE INC,https://patents.google.com/patent/US9274647B2
US-9330243-B2,Method for biometrically controlling device access and device therefor,"KLINGHULT GUNNAR, SONY CORP",https://patents.google.com/patent/US9330243B2
US-12302089-B2,Wearable identity device for fingerprint bound access to a cloud service,SIDEASSURE INC,https://patents.google.com/patent/US12302089B2
US-10211988-B2,Personal digital identity card device for fingerprint bound asymmetric crypto to access merchant cloud services,TYFONE INC,https://patents.google.com/patent/US10211988B2
CN-107197089-A,"End message method of controlling security, terminal and computer-readable recording medium",NUBIA TECHNOLOGY CO LTD,https://patents.google.com/patent/CN107197089A
EP-2523138-A1,"Unlocking method, computer readable storage medium and handheld electrical device",HTC CORP,https://patents.google.com/patent/EP2523138A1
US-8627237-B2,Unlocking a device by performing gestures on an unlock image,APPLE INC,https://patents.google.com/patent/US8627237B2
US-8079079-B2,Multimodal authentication,"ZHANG ZHENGYOU, WILLIAMS DAVID W, KONG YUAN, LIU ZICHENG, KURLANDER DAVID, SINCLAIR MIKE, MICROSOFT CORP",https://patents.google.com/patent/US8079079B2
US-9754095-B2,Unlocking electronic devices using touchscreen input gestures,IBM,https://patents.google.com/patent/US9754095B2
US-10781608-B2,EAC system with plurality of different algorithm/operant pairs having different functionality,MASTER LOCK CO,https://patents.google.com/patent/US10781608B2
US-10956550-B2,Embedded authentication systems in an electronic device,APPLE INC,https://patents.google.com/patent/US10956550B2
US-2016145902-A1,EAC System with Plurality of Different Algorithm/Operand Pairs Having Different Functionality,MASTER LOCK CO,https://patents.google.com/patent/US20160145902A1
US-9134896-B2,Embedded authentication systems in an electronic device,APPLE INC,https://patents.google.com/patent/US9134896B2
US-10078439-B2,Unlocking a device by performing gestures on an unlock image,APPLE INC,https://patents.google.com/patent/US10078439B2
US-8943580-B2,Embedded authentication systems in an electronic device,"FADELL ANTHONY, HODGE ANDREW, SCHELL STEPHAN, CABALLERO RUBEN, DOROGUSKER JESSE LEE, ZADESKY STEPHEN, SANFORD EMERY, APPLE INC",https://patents.google.com/patent/US8943580B2
US-10378240-B2,EAC system with plurality of different algorithm/operand pairs having different functionality,MASTER LOCK CO,https://patents.google.com/patent/US10378240B2
US-8640057-B2,Unlocking a device by performing gestures on an unlock image,"CHAUDHRI IMRAN, ORDING BAS, ANZURES FREDDY ALLEN, VAN OS MARCEL, FORSTALL SCOTT, CHRISTIE GREG, APPLE INC",https://patents.google.com/patent/US8640057B2
US-2009083847-A1,Embedded authentication systems in an electronic device,APPLE INC,https://patents.google.com/patent/US20090083847A1
US-9959694-B2,Security systems for protecting an asset,LINDSAY JEFFREY DEAN,https://patents.google.com/patent/US9959694B2
US-10521662-B2,Unguided passive biometric enrollment,MICROSOFT TECHNOLOGY LICENSING LLC,https://patents.google.com/patent/US10521662B2
US-8528072-B2,"Method, apparatus and system for access mode control of a device","SHI JIANXIONG JASON, APPLE INC",https://patents.google.com/patent/US8528072B2
US-9671953-B2,Systems and methods using drawings which incorporate biometric data as security information,"U S ARMY RES LABORATORY ATTN: RDRL-LOC-I, US ARMY",https://patents.google.com/patent/US9671953B2
WO-2017012216-A1,"Login processing method and apparatus, and terminal",ZTE CORP,https://patents.google.com/patent/WO2017012216A1
CN-109416714-A,User authentication method and device based on touch input containing fingerprint information,BAE JAE KWANG,https://patents.google.com/patent/CN109416714A
US-2009083850-A1,Embedded authentication systems in an electronic device,APPLE INC,https://patents.google.com/patent/US20090083850A1
US-2019158290-A1,Personal digital identity card device for fingerprint bound asymmetric crypto to access a kiosk,TYFONE INC,https://patents.google.com/patent/US20190158290A1
CN-107423384-A,Live detection job analysis management method based on information integration technology,"MAINTENANCE CO STATE GRID HENAN ELECTRIC POWER CO, STATE GRID CORP CHINA",https://patents.google.com/patent/CN107423384A
US-10762189-B2,Segment pattern entry based authentication,BLACKBERRY LTD,https://patents.google.com/patent/US10762189B2
US-11006271-B2,Wearable identity device for fingerprint bound access to a cloud service,SIDEASSURE INC,https://patents.google.com/patent/US11006271B2
US-11086507-B2,Unlocking a device by performing gestures on an unlock image,APPLE INC,https://patents.google.com/patent/US11086507B2
US-2014157018-A1,Power module and electronic device,"HON HAI PREC IND CO LTD, HONGFUJIN PREC IND SHENZHEN",https://patents.google.com/patent/US20140157018A1
US-7313827-B2,Apparatus and method for analysis of conversational patterns to position information and autonomic access control list management,IBM,https://patents.google.com/patent/US7313827B2
US-7480805-B1,Method and system for identifying and processing an unauthorized access request,IBM,https://patents.google.com/patent/US7480805B1
US-2013129161-A1,System and Method for Using Fingerprint Sequences for Secured Identity Verification,"GOEL AMIT, COMPUTER ASS THINK INC",https://patents.google.com/patent/US20130129161A1
CN-111259843-A,Multimedia navigator testing method based on visual stability feature classification registration,JK SHENZHEN ROBOTICS TECH CO LTD,https://patents.google.com/patent/CN111259843A
US-2008320088-A1,Helping valuable message content pass apparent message filtering,SEARETE LLC,https://patents.google.com/patent/US20080320088A1
US-2007250920-A1,Security Systems for Protecting an Asset,LINDSAY JEFFREY DEAN,https://patents.google.com/patent/US20070250920A1
US-8527903-B2,Unlocking a device by performing gestures on an unlock image,APPLE INC,https://patents.google.com/patent/US8527903B2
US-10628565-B2,Method and device,"SONY MOBILE COMMUNICATIONS INC, SONY CORP",https://patents.google.com/patent/US10628565B2
US-2019026751-A1,Method for Acquiring Services on a Multiplicity of Devices,AT & T IP I LP,https://patents.google.com/patent/US20190026751A1
US-10380267-B2,System and method for tagging multimedia content elements,CORTICA LTD,https://patents.google.com/patent/US10380267B2
US-9311472-B2,Methods and apparatus for authenticating user login,"NGUYEN DAN DUE, PFEFFER JON DAVID, LEVAR ADAM, ABBOTT LAB",https://patents.google.com/patent/US9311472B2
US-9495531-B2,Embedded authentication systems in an electronic device,APPLE INC,https://patents.google.com/patent/US9495531B2
US-9529984-B2,System and method for verification of user identification based on multimedia content elements,CORTICA LTD,https://patents.google.com/patent/US9529984B2
WO-2024129237-A1,Raiseable profile-based access for media content,WESTERN DIGITAL TECH INC,https://patents.google.com/patent/WO2024129237A1
US-8782775-B2,Embedded authentication systems in an electronic device,"FADELL ANTHONY, HODGE ANDREW, SCHELL STEPHAN, CABALLERO RUBEN, DOROGUSKER JESSE LEE, ZADESKY STEPHEN, SANFORD EMERY, APPLE INC",https://patents.google.com/patent/US8782775B2
US-9537843-B2,"Method, client, server and system of login verification",ALIBABA GROUP HOLDING LTD,https://patents.google.com/patent/US9537843B2
US-9686274-B2,Informed implicit enrollment and identification,"MICROSOFT CORP, MICROSOFT TECHNOLOGY LICENSING LLC",https://patents.google.com/patent/US9686274B2
US-11093592-B2,"Information processing system, information processing device, authentication method and recording medium",NEC CORP,https://patents.google.com/patent/US11093592B2
US-10275585-B2,Embedded authentication systems in an electronic device,APPLE INC,https://patents.google.com/patent/US10275585B2
US-2009259588-A1,Security systems for protecting an asset,LINDSAY JEFFREY DEAN,https://patents.google.com/patent/US20090259588A1
US-8904548-B2,Information terminal apparatus for information leak monitoring,"OHGUSHI NOBUO, FUJITSU LTD",https://patents.google.com/patent/US8904548B2
US-9553969-B2,Password methods and systems for use on a mobile device,"MUNJE ARUN, PLESTID TREVOR, BLACKBERRY LTD",https://patents.google.com/patent/US9553969B2
US-9547428-B2,System and method for touchscreen knob control,"LENGELING GERHARD, JUNGHANNS MARKO, APPLE INC",https://patents.google.com/patent/US9547428B2
US-2005010823-A1,Apparatus and method for analysis of conversational patterns to position information and autonomic access control list management,IBM,https://patents.google.com/patent/US20050010823A1
WO-2020190316-A1,Utilizing voice biometrics to address coercion of an authorized user of a secure device by a nefarious actor,HOYOS INTEGRITY CORP,https://patents.google.com/patent/WO2020190316A1
US-12165153-B2,Computationally efficient theft detection,CAPITAL ONE SERVICES LLC,https://patents.google.com/patent/US12165153B2
EP-3435266-A4,"Information processing system, information processing device, authentication method and recording medium",NEC CORP,https://patents.google.com/patent/EP3435266A4
US-9262630-B2,"System, method, and computer program product for isolating a device associated with at least potential data leakage activity, based on user support","SANKARARAMAN SRINIVASAN, KOLINGIVADI DEEPAKESWARAN, MCAFEE INC",https://patents.google.com/patent/US9262630B2
US-11832095-B2,Wearable identity device for fingerprint bound access to a cloud service,"SIDEASSURE INC, KEPLER COMPUTING INC",https://patents.google.com/patent/US11832095B2
US-8006099-B2,"Security management method, program, and information device",FUJITSU LTD,https://patents.google.com/patent/US8006099B2
US-2006156028-A1,"Security management method, program, and information device",FUJITSU LTD,https://patents.google.com/patent/US20060156028A1
US-2015128257-A1,Method for unlocking terminal device and terminal device,HUAWEI DEVICE CO LTD,https://patents.google.com/patent/US20150128257A1
US-2014123228-A1,Event Reporting and Handling,"BRILL JACOB ANDREW, MURIELLO DANIEL GREGORY, BARTHOLOMEW ANDREW",https://patents.google.com/patent/US20140123228A1
US-9660993-B2,Event reporting and handling,"BRILL JACOB ANDREW, MURIELLO DANIEL GREGORY, BARTHOLOMEW ANDREW, FACEBOOK INC",https://patents.google.com/patent/US9660993B2
US-2010175068-A1,Limiting the availability of computational resources to a device to stimulate a user of the device to apply necessary updates,IBM,https://patents.google.com/patent/US20100175068A1
US-10599817-B2,Portion-level digital rights management in digital content,ADOBE INC,https://patents.google.com/patent/US10599817B2
US-8776046-B2,"Recording medium, computer program and method for software installation with divided install execution files","GOTOU HIROTSUGU, YOKOGAWA ELECTRIC CORP",https://patents.google.com/patent/US8776046B2
US-8392966-B2,Limiting the availability of computational resources to a device to stimulate a user of the device to apply necessary updates,"FIFER NICHOLAS DUANE, GAYDA ILAN, GOLDBERG ITZHACK, MIZRACHI BOAZ, SILBERSHTEIN URI, IBM",https://patents.google.com/patent/US8392966B2
US-2009217261-A1,"Recording medium, install method, and computer program",YOKOGAWA ELECTRIC CORP,https://patents.google.com/patent/US20090217261A1
US-2014250292-A1,Server information handling system configuration from an end state definition file,DELL PRODUCTS LP,https://patents.google.com/patent/US20140250292A1
US-8382481-B2,Problem shooting process intelligently adapted to fit user&#39;s skills,"IBM, BECKER SHERILYN M, HU WEI, POKORNY BRAD W, YIN JUN C",https://patents.google.com/patent/US8382481B2
US-11003316-B2,Dynamic bar oriented user interface,BLACKBERRY LTD,https://patents.google.com/patent/US11003316B2
US-2009299931-A1,Problem shooting process intelligently adapted to fit user&#39;s skills,IBM,https://patents.google.com/patent/US20090299931A1
US-2007016588-A1,Update system and related method,INVENTEC CORP,https://patents.google.com/patent/US20070016588A1
US-11126323-B2,Dynamic bar oriented user interface,BLACKBERRY LTD,https://patents.google.com/patent/US11126323B2
US-9690593-B2,Server information handling system configuration from an end state definition file,DELL PRODUCTS LP,https://patents.google.com/patent/US9690593B2
US-2018081508-A1,Dynamic bar oriented user interface,BLACKBERRY LTD,https://patents.google.com/patent/US20180081508A1
