citing_patent,citing_family_id,citing_title,citing_assignee,citing_url,cited_patent,cited_family_id,cited_title,cited_assignee,cited_url,category_code,category_name
AU-2006252227-B2,37708090,Document scoring based on link-based criteria,GOOGLE LLC,https://patents.google.com/patent/AU2006252227B2,US-2003-0105744-A1,25546405,Method and system for updating a search engine,Mckeeth Jim,https://patents.google.com/patent/US20030105744A1,SEA,Search Report
CN-100403262-C,35963717,Computer device starting method and computer device using same,VIA TECH INC,https://patents.google.com/patent/CN100403262C,US-6727920-B1,32106387,Multiple operating system quick boot utility,MICRON TECHNOLOGY INC,https://patents.google.com/patent/US6727920B1,SEA,Search Report
CN-100517295-C,28677837,Personal computer integrated with personal digital assistant,O2 MICRO USA LTD,https://patents.google.com/patent/CN100517295C,US-6330669-B1,22744481,OS multi boot integrator,MICRON TECHNOLOGY INC,https://patents.google.com/patent/US6330669B1,SEA,Search Report
CN-100570557-C,38808189,Computer system and boot method for providing multiple boot programs,CYBERLINK SCIENCE AND TECHNOLO,https://patents.google.com/patent/CN100570557C,US-6260140-B1,22747798,Operating system multi boot integrator,MICRON ELECTRONICS INC,https://patents.google.com/patent/US6260140B1,SEA,Search Report
CN-101334724-B,40197340,Shutdown options setting method and device based on computer operating time,IBM,https://patents.google.com/patent/CN101334724B,US-6727920-B1,32106387,Multiple operating system quick boot utility,MICRON TECHNOLOGY INC,https://patents.google.com/patent/US6727920B1,SEA,Search Report
CN-102346676-A,45545380,Multiple starting-up management method for computer,GIGA BYTE TECH CO LTD,https://patents.google.com/patent/CN102346676A,US-2004-0210848-A1,32106387,Multiple operating system quick boot utility,"Vineyard James L., Mckeeth James A.",https://patents.google.com/patent/US20040210848A1,SEA,Search Report
CN-102479094-A,46091748,Operation method of portable communication device,INVENTEC CORP,https://patents.google.com/patent/CN102479094A,US-6327707-B1,23257519,"Method, programmed medium and system for customizing pre-loaded software",MICRON TECHNOLOGY INC,https://patents.google.com/patent/US6327707B1,SEA,Search Report
CN-102799449-A,47198565,Multi-system starting method and system,HIKVISION DIGITAL TECH CO LTD,https://patents.google.com/patent/CN102799449A,US-2004-0210848-A1,32106387,Multiple operating system quick boot utility,"Vineyard James L., Mckeeth James A.",https://patents.google.com/patent/US20040210848A1,SEA,Search Report
CN-103377054-A,49462218,Starting method and starting device,LENOVO BEIJING LTD,https://patents.google.com/patent/CN103377054A,US-2004-0210848-A1,32106387,Multiple operating system quick boot utility,"Vineyard James L., Mckeeth James A.",https://patents.google.com/patent/US20040210848A1,SEA,Search Report
CN-103634461-A,48979500,Mobile terminal and control method thereof,LG ELECTRONICS INC,https://patents.google.com/patent/CN103634461A,US-6763362-B2,25546405,Method and system for updating a search engine,MICRON TECHNOLOGY INC,https://patents.google.com/patent/US6763362B2,SEA,Search Report
CN-103678030-A,50315677,Multi-system equipment start system and method thereof,HIKVISION DIGITAL TECH CO LTD,https://patents.google.com/patent/CN103678030A,US-2004-0210848-A1,32106387,Multiple operating system quick boot utility,"Vineyard James L., Mckeeth James A.",https://patents.google.com/patent/US20040210848A1,SEA,Search Report
CN-105989269-A,57038379,Unlocking method and device and multi-system terminal,SHENZHEN COOLPAD SOFTWARE TECH CO LTD,https://patents.google.com/patent/CN105989269A,US-8839416-B2,32682653,System and method for controlling user access to an electronic device,MICRON TECHNOLOGY INC,https://patents.google.com/patent/US8839416B2,SEA,Search Report
CN-106775353-A,58896575,A kind of method that utilization mouse action unlocks desktop operating system screen,ISOFT INFRASTRUCTURE SOFTWARE CO LTD,https://patents.google.com/patent/CN106775353A,US-6766456-B1,32682653,Method and system for authenticating a user of a computer system,MICRON TECHNOLOGY INC,https://patents.google.com/patent/US6766456B1,SEA,Search Report
CN-107111502-A,56164254,Application installation/uninstallation across multiple systems,MICROSOFT TECHNOLOGY LICENSING LLC,https://patents.google.com/patent/CN107111502A,US-6330669-B1,22744481,OS multi boot integrator,MICRON TECHNOLOGY INC,https://patents.google.com/patent/US6330669B1,SEA,Search Report
CN-107169085-A,59815916,A kind of data search system,SHANGHAI XINCHU INTEGRATED CIRCUIT CO LTD,https://patents.google.com/patent/CN107169085A,US-2010-0057802-A1,25546405,Method and system for updating a search engine,MICRON TECHNOLOGY INC,https://patents.google.com/patent/US20100057802A1,SEA,Search Report
CN-107197089-A,59873904,"End message method of controlling security, terminal and computer-readable recording medium",NUBIA TECHNOLOGY CO LTD,https://patents.google.com/patent/CN107197089A,US-2017-0124310-A1,32682653,System and method for controlling user access to an electronic device,MICRON TECHNOLOGY INC,https://patents.google.com/patent/US20170124310A1,SEA,Search Report
CN-107315965-A,60183237,A kind of computer system ensured information security,TIANJIN QINGCHUANG TECH CO LTD,https://patents.google.com/patent/CN107315965A,US-8839416-B2,32682653,System and method for controlling user access to an electronic device,MICRON TECHNOLOGY INC,https://patents.google.com/patent/US8839416B2,SEA,Search Report
CN-107423384-A,60430032,Live detection job analysis management method based on information integration technology,"MAINTENANCE CO STATE GRID HENAN ELECTRIC POWER CO, STATE GRID CORP CHINA",https://patents.google.com/patent/CN107423384A,US-2013-0185790-A1,32682653,System and method for controlling user access to an electronic device,"MICRON TECHNOLOGY INC, MICRON TECHNOLOGY INC",https://patents.google.com/patent/US20130185790A1,SEA,Search Report
CN-107808075-A,61560481,Input verification method,"LAI TE LUEN, TAI WEN KAI",https://patents.google.com/patent/CN107808075A,US-2011-0119759-A1,32682653,System and method for controlling user access to an electronic device,MICRON TECHNOLOGY INC,https://patents.google.com/patent/US20110119759A1,SEA,Search Report
CN-108491703-A,63343895,A kind of double verification unlocking method and system based on comprehensive screen equipment,"UNIV ZHEJIANG, HANGZHOU LEISAIWEI TECH CO LTD",https://patents.google.com/patent/CN108491703A,US-2014-0351928-A1,32682653,System and method for controlling user access to an electronic device,MICRON TECHNOLOGY INC,https://patents.google.com/patent/US20140351928A1,SEA,Search Report
CN-109416714-A,59429285,User authentication method and device based on touch input containing fingerprint information,BAE JAE KWANG,https://patents.google.com/patent/CN109416714A,US-2011-0119759-A1,32682653,System and method for controlling user access to an electronic device,MICRON TECHNOLOGY INC,https://patents.google.com/patent/US20110119759A1,SEA,Search Report
CN-111046271-A,70162325,"Mining method and device for search, storage medium and electronic equipment",ALIBABA GROUP HOLDING LTD,https://patents.google.com/patent/CN111046271A,US-2003-0105744-A1,25546405,Method and system for updating a search engine,Mckeeth Jim,https://patents.google.com/patent/US20030105744A1,SEA,Search Report
CN-111259843-A,70952475,Multimedia navigator testing method based on visual stability feature classification registration,JK SHENZHEN ROBOTICS TECH CO LTD,https://patents.google.com/patent/CN111259843A,US-2018-0165440-A1,32682653,System and method for controlling user access to an electronic device,MICRON TECHNOLOGY INC,https://patents.google.com/patent/US20180165440A1,SEA,Search Report
CN-112052247-A,73605757,"Index updating system, method and device of search engine, electronic equipment and storage medium",WEDOC CLOUD HANGZHOU HOLDINGS CO LTD,https://patents.google.com/patent/CN112052247A,US-2003-0105744-A1,25546405,Method and system for updating a search engine,Mckeeth Jim,https://patents.google.com/patent/US20030105744A1,SEA,Search Report
CN-112988242-A,76330916,System and method for searching installed starter to select starter to be executed,"INVENTEC TECHNOLOGY CO LTD, INVENTEC CORP",https://patents.google.com/patent/CN112988242A,US-6727920-B1,32106387,Multiple operating system quick boot utility,MICRON TECHNOLOGY INC,https://patents.google.com/patent/US6727920B1,SEA,Search Report
CN-112988242-B,76330916,System and method for searching installed starter to select starter to be executed,"英业达科技有限公司, 英业达股份有限公司",https://patents.google.com/patent/CN112988242B,US-6727920-B1,32106387,Multiple operating system quick boot utility,MICRON TECHNOLOGY INC,https://patents.google.com/patent/US6727920B1,SEA,Search Report
CN-118427018-A,92324958,"Auxiliary restoration method, device, electronic equipment, storage medium, system and computer program product of operating system",UNIONTECH TECH CO LTD,https://patents.google.com/patent/CN118427018A,US-6727920-B1,32106387,Multiple operating system quick boot utility,MICRON TECHNOLOGY INC,https://patents.google.com/patent/US6727920B1,SEA,Search Report
CN-1303528-C,34756032,Automatic switching method between Xwindows display mode and console display mode,INVENTEC CO LTD,https://patents.google.com/patent/CN1303528C,US-6330669-B1,22744481,OS multi boot integrator,MICRON TECHNOLOGY INC,https://patents.google.com/patent/US6330669B1,SEA,Search Report
DE-102007041917-B4,38617184,,FISHER ROSEMOUNT SYSTEMS INC,https://patents.google.com/patent/DE102007041917B4,US-2005-0015394-A1,25546405,Method and system for updating a search engine,Mckeeth Jim,https://patents.google.com/patent/US20050015394A1,APP,Applicant
DE-10253374-B4,32240093,,BLOECHL BERNHARD,https://patents.google.com/patent/DE10253374B4,US-6411693-B1,23905838,Long distance modem warning,MICRON TECHNOLGY INC,https://patents.google.com/patent/US6411693B1,SEA,Search Report
EP-1490786-A4,28677837,Personal computer integrated with personal digital assistant,O2MICRO INC,https://patents.google.com/patent/EP1490786A4,US-6330669-B1,22744481,OS multi boot integrator,MICRON TECHNOLOGY INC,https://patents.google.com/patent/US6330669B1,SEA,Search Report
EP-2017725-A1,38705045,Method of controlling a PDA phone and PDA phone using the same,"GIGA BYTE COMM INC, GIGA BYTE TECH CO LTD",https://patents.google.com/patent/EP2017725A1,US-6727920-B1,32106387,Multiple operating system quick boot utility,MICRON TECHNOLOGY INC,https://patents.google.com/patent/US6727920B1,SEA,Search Report
EP-2174217-A4,40339271,Integration model for instant-on environment,"SPLASHTOP INC, TSAI WEN PIN",https://patents.google.com/patent/EP2174217A4,US-6727920-B1,32106387,Multiple operating system quick boot utility,MICRON TECHNOLOGY INC,https://patents.google.com/patent/US6727920B1,SEA,Search Report
EP-2523138-A1,44503504,"Unlocking method, computer readable storage medium and handheld electrical device",HTC CORP,https://patents.google.com/patent/EP2523138A1,US-2005-0022005-A1,32682653,System and method for controlling user access to an electronic device,Mckeeth James,https://patents.google.com/patent/US20050022005A1,SEA,Search Report
EP-3435266-A4,59899449,"Information processing system, information processing device, authentication method and recording medium",NEC CORP,https://patents.google.com/patent/EP3435266A4,US-2014-0351928-A1,32682653,System and method for controlling user access to an electronic device,MICRON TECHNOLOGY INC,https://patents.google.com/patent/US20140351928A1,SEA,Search Report
FR-3111503-A1,72644402,,ORANGE,https://patents.google.com/patent/FR3111503A1,US-6766456-B1,32682653,Method and system for authenticating a user of a computer system,MICRON TECHNOLOGY INC,https://patents.google.com/patent/US6766456B1,SEA,Search Report
GB-2422980-A,34307897,Modem to telephone line interlock,BLANSHARD GEORGE,https://patents.google.com/patent/GB2422980A,US-6411693-B1,23905838,Long distance modem warning,MICRON TECHNOLGY INC,https://patents.google.com/patent/US6411693B1,SEA,Search Report
GB-2458426-A,39638890,Password protection system and method,INVICTA NETWORKS INC,https://patents.google.com/patent/GB2458426A,US-6766456-B1,32682653,Method and system for authenticating a user of a computer system,MICRON TECHNOLOGY INC,https://patents.google.com/patent/US6766456B1,SEA,Search Report
KR-100725394-B1,37012100,Computer system and method for selectively installing a operating system from plural operating system,삼성전자주식회사,https://patents.google.com/patent/KR100725394B1,US-6727920-B1,32106387,Multiple operating system quick boot utility,MICRON TECHNOLOGY INC,https://patents.google.com/patent/US6727920B1,"APP,SEA","APP,SEA"
KR-20030090351-A,32384079,e-book display system of moving picture for the internet,"BIOSLABKOREA CO LTD, SEO YOUNG KYU",https://patents.google.com/patent/KR20030090351A,US-6219069-B1,22383812,Method for generating animation in an on-line book,MICRON ELECTRONICS INC,https://patents.google.com/patent/US6219069B1,SEA,Search Report
KR-20170102880-A,56164254,Application installation/uninstallation across multiple systems,MICROSOFT TECHNOLOGY LICENSING LLC,https://patents.google.com/patent/KR20170102880A,US-6330669-B1,22744481,OS multi boot integrator,MICRON TECHNOLOGY INC,https://patents.google.com/patent/US6330669B1,SEA,Search Report
TW-I596545-B,52669425,,HUAWEI TECH CO LTD,https://patents.google.com/patent/TWI596545B,US-6330669-B1,22744481,OS multi boot integrator,MICRON TECHNOLOGY INC,https://patents.google.com/patent/US6330669B1,EXA,Examiner
US-10003567-B1,46578311,Systems and methods for providing DNS services,NOMINUM INC,https://patents.google.com/patent/US10003567B1,US-7188175-B1,37807256,Method and system for communicating between clients in a computer network,WEB COM INC,https://patents.google.com/patent/US7188175B1,SEA,Search Report
US-10007802-B2,48798364,"Device, method, and graphical user interface for accessing an application in a locked device",APPLE INC,https://patents.google.com/patent/US10007802B2,US-8352745-B2,32682653,System and method for controlling user access to an electronic device,"MICRON TECHNOLOGY INC, MCKEETH JAMES",https://patents.google.com/patent/US8352745B2,APP,Applicant
US-10025945-B2,57147792,Decryption method for use in displaying data,GETAC TECHNOLOGY CORP,https://patents.google.com/patent/US10025945B2,US-2014-0351928-A1,32682653,System and method for controlling user access to an electronic device,MICRON TECHNOLOGY INC,https://patents.google.com/patent/US20140351928A1,SEA,Search Report
US-10027613-B2,25298808,Method and system of automating data capture from electronic correspondence,MERCURY KINGDOM ASSETS LTD,https://patents.google.com/patent/US10027613B2,US-6327707-B1,23257519,"Method, programmed medium and system for customizing pre-loaded software",MICRON TECHNOLOGY INC,https://patents.google.com/patent/US6327707B1,APP,Applicant
US-10078439-B2,38008079,Unlocking a device by performing gestures on an unlock image,APPLE INC,https://patents.google.com/patent/US10078439B2,US-8352745-B2,32682653,System and method for controlling user access to an electronic device,"MICRON TECHNOLOGY INC, MCKEETH JAMES",https://patents.google.com/patent/US8352745B2,APP,Applicant
US-10164989-B2,55633666,Distinguishing human-driven DNS queries from machine-to-machine DNS queries,NOMINUM INC,https://patents.google.com/patent/US10164989B2,US-7188175-B1,37807256,Method and system for communicating between clients in a computer network,WEB COM INC,https://patents.google.com/patent/US7188175B1,APP,Applicant
US-10169558-B2,43825481,Enhancing biometric security of a system,"HUANG ZUO, ZHANG QUNZHONG, GUI KAI, KOHLENBERG TOBIAS M, INTEL CORP",https://patents.google.com/patent/US10169558B2,US-2005-0021960-A1,32682653,Method and system for authenticating a user of a computer system,Mckeeth James,https://patents.google.com/patent/US20050021960A1,SEA,Search Report
US-10187387-B2,46300296,Method for establishing connection between devices,VIRNETX INC,https://patents.google.com/patent/US10187387B2,US-7188175-B1,37807256,Method and system for communicating between clients in a computer network,WEB COM INC,https://patents.google.com/patent/US7188175B1,APP,Applicant
US-10211988-B2,51529320,Personal digital identity card device for fingerprint bound asymmetric crypto to access merchant cloud services,TYFONE INC,https://patents.google.com/patent/US10211988B2,US-2011-0119759-A1,32682653,System and method for controlling user access to an electronic device,MICRON TECHNOLOGY INC,https://patents.google.com/patent/US20110119759A1,SEA,Search Report
US-10216847-B2,50482029,Document reuse in a search engine crawler,"GOOGLE INC, GOOGLE LLC",https://patents.google.com/patent/US10216847B2,US-6763362-B2,25546405,Method and system for updating a search engine,MICRON TECHNOLOGY INC,https://patents.google.com/patent/US6763362B2,APP,Applicant
US-10275585-B2,40429680,Embedded authentication systems in an electronic device,APPLE INC,https://patents.google.com/patent/US10275585B2,US-8352745-B2,32682653,System and method for controlling user access to an electronic device,"MICRON TECHNOLOGY INC, MCKEETH JAMES",https://patents.google.com/patent/US8352745B2,APP,Applicant
US-10284623-B2,54931851,Optimized browser rendering service,"GOOGLE INC, GOOGLE LLC",https://patents.google.com/patent/US10284623B2,US-2010-0057802-A1,25546405,Method and system for updating a search engine,MICRON TECHNOLOGY INC,https://patents.google.com/patent/US20100057802A1,APP,Applicant
US-10311221-B2,32682653,System and method for controlling user access to an electronic device,MICRON TECHNOLOGY INC,https://patents.google.com/patent/US10311221B2,US-2005-0021960-A1,32682653,Method and system for authenticating a user of a computer system,Mckeeth James,https://patents.google.com/patent/US20050021960A1,APP,Applicant
US-10311221-B2,32682653,System and method for controlling user access to an electronic device,MICRON TECHNOLOGY INC,https://patents.google.com/patent/US10311221B2,US-2005-0022005-A1,32682653,System and method for controlling user access to an electronic device,Mckeeth James,https://patents.google.com/patent/US20050022005A1,APP,Applicant
US-10311221-B2,32682653,System and method for controlling user access to an electronic device,MICRON TECHNOLOGY INC,https://patents.google.com/patent/US10311221B2,US-2005-0044382-A1,32682653,System and method for user authentication,Mckeeth James,https://patents.google.com/patent/US20050044382A1,APP,Applicant
US-10311221-B2,32682653,System and method for controlling user access to an electronic device,MICRON TECHNOLOGY INC,https://patents.google.com/patent/US10311221B2,US-2011-0119759-A1,32682653,System and method for controlling user access to an electronic device,MICRON TECHNOLOGY INC,https://patents.google.com/patent/US20110119759A1,APP,Applicant
US-10311221-B2,32682653,System and method for controlling user access to an electronic device,MICRON TECHNOLOGY INC,https://patents.google.com/patent/US10311221B2,US-2012-0198544-A1,32682653,System and method for controlling user access to an electronic device,"MCKEETH JAMES, MICRON TECHNOLOGY INC",https://patents.google.com/patent/US20120198544A1,APP,Applicant
US-10311221-B2,32682653,System and method for controlling user access to an electronic device,MICRON TECHNOLOGY INC,https://patents.google.com/patent/US10311221B2,US-2013-0185790-A1,32682653,System and method for controlling user access to an electronic device,"MICRON TECHNOLOGY INC, MICRON TECHNOLOGY INC",https://patents.google.com/patent/US20130185790A1,APP,Applicant
US-10311221-B2,32682653,System and method for controlling user access to an electronic device,MICRON TECHNOLOGY INC,https://patents.google.com/patent/US10311221B2,US-2014-0351928-A1,32682653,System and method for controlling user access to an electronic device,MICRON TECHNOLOGY INC,https://patents.google.com/patent/US20140351928A1,APP,Applicant
US-10311221-B2,32682653,System and method for controlling user access to an electronic device,MICRON TECHNOLOGY INC,https://patents.google.com/patent/US10311221B2,US-2018-0165440-A1,32682653,System and method for controlling user access to an electronic device,MICRON TECHNOLOGY INC,https://patents.google.com/patent/US20180165440A1,APP,Applicant
US-10311221-B2,32682653,System and method for controlling user access to an electronic device,MICRON TECHNOLOGY INC,https://patents.google.com/patent/US10311221B2,US-6766456-B1,32682653,Method and system for authenticating a user of a computer system,MICRON TECHNOLOGY INC,https://patents.google.com/patent/US6766456B1,APP,Applicant
US-10311221-B2,32682653,System and method for controlling user access to an electronic device,MICRON TECHNOLOGY INC,https://patents.google.com/patent/US10311221B2,US-7877612-B2,32682653,System and method for controlling user access to an electronic device,MICRON TECHNOLOGY INC,https://patents.google.com/patent/US7877612B2,APP,Applicant
US-10311221-B2,32682653,System and method for controlling user access to an electronic device,MICRON TECHNOLOGY INC,https://patents.google.com/patent/US10311221B2,US-8176547-B2,32682653,System and method for controlling user access to an electronic device,"MCKEETH JAMES, MICRON TECHNOLOGY INC",https://patents.google.com/patent/US8176547B2,APP,Applicant
US-10311221-B2,32682653,System and method for controlling user access to an electronic device,MICRON TECHNOLOGY INC,https://patents.google.com/patent/US10311221B2,US-8352745-B2,32682653,System and method for controlling user access to an electronic device,"MICRON TECHNOLOGY INC, MCKEETH JAMES",https://patents.google.com/patent/US8352745B2,APP,Applicant
US-10311221-B2,32682653,System and method for controlling user access to an electronic device,MICRON TECHNOLOGY INC,https://patents.google.com/patent/US10311221B2,US-8839416-B2,32682653,System and method for controlling user access to an electronic device,MICRON TECHNOLOGY INC,https://patents.google.com/patent/US8839416B2,APP,Applicant
US-10311221-B2,32682653,System and method for controlling user access to an electronic device,MICRON TECHNOLOGY INC,https://patents.google.com/patent/US10311221B2,US-9465929-B2,32682653,System and method for controlling user access to an electronic device,MICRON TECHNOLOGY INC,https://patents.google.com/patent/US9465929B2,APP,Applicant
US-10311221-B2,32682653,System and method for controlling user access to an electronic device,MICRON TECHNOLOGY INC,https://patents.google.com/patent/US10311221B2,US-9811651-B2,32682653,System and method for controlling user access to an electronic device,MICRON TECHNOLOGY INC,https://patents.google.com/patent/US9811651B2,APP,Applicant
US-10311221-B2,32682653,System and method for controlling user access to an electronic device,MICRON TECHNOLOGY INC,https://patents.google.com/patent/US10311221B2,US-9910974-B2,32682653,Method for controlling user access to an electronic device,MICRON TECHNOLOGY INC,https://patents.google.com/patent/US9910974B2,APP,Applicant
US-10331869-B2,32682653,System and method for controlling user access to an electronic device,MICRON TECHNOLOGY INC,https://patents.google.com/patent/US10331869B2,US-2005-0021960-A1,32682653,Method and system for authenticating a user of a computer system,Mckeeth James,https://patents.google.com/patent/US20050021960A1,APP,Applicant
US-10331869-B2,32682653,System and method for controlling user access to an electronic device,MICRON TECHNOLOGY INC,https://patents.google.com/patent/US10331869B2,US-2005-0022005-A1,32682653,System and method for controlling user access to an electronic device,Mckeeth James,https://patents.google.com/patent/US20050022005A1,APP,Applicant
US-10331869-B2,32682653,System and method for controlling user access to an electronic device,MICRON TECHNOLOGY INC,https://patents.google.com/patent/US10331869B2,US-2005-0044382-A1,32682653,System and method for user authentication,Mckeeth James,https://patents.google.com/patent/US20050044382A1,APP,Applicant
US-10331869-B2,32682653,System and method for controlling user access to an electronic device,MICRON TECHNOLOGY INC,https://patents.google.com/patent/US10331869B2,US-2011-0119759-A1,32682653,System and method for controlling user access to an electronic device,MICRON TECHNOLOGY INC,https://patents.google.com/patent/US20110119759A1,APP,Applicant
US-10331869-B2,32682653,System and method for controlling user access to an electronic device,MICRON TECHNOLOGY INC,https://patents.google.com/patent/US10331869B2,US-2012-0198544-A1,32682653,System and method for controlling user access to an electronic device,"MCKEETH JAMES, MICRON TECHNOLOGY INC",https://patents.google.com/patent/US20120198544A1,APP,Applicant
US-10331869-B2,32682653,System and method for controlling user access to an electronic device,MICRON TECHNOLOGY INC,https://patents.google.com/patent/US10331869B2,US-2013-0185790-A1,32682653,System and method for controlling user access to an electronic device,"MICRON TECHNOLOGY INC, MICRON TECHNOLOGY INC",https://patents.google.com/patent/US20130185790A1,APP,Applicant
US-10331869-B2,32682653,System and method for controlling user access to an electronic device,MICRON TECHNOLOGY INC,https://patents.google.com/patent/US10331869B2,US-2014-0351928-A1,32682653,System and method for controlling user access to an electronic device,MICRON TECHNOLOGY INC,https://patents.google.com/patent/US20140351928A1,APP,Applicant
US-10331869-B2,32682653,System and method for controlling user access to an electronic device,MICRON TECHNOLOGY INC,https://patents.google.com/patent/US10331869B2,US-2018-0150625-A1,32682653,System and method for controlling user access to an electronic device,MICRON TECHNOLOGY INC,https://patents.google.com/patent/US20180150625A1,APP,Applicant
US-10331869-B2,32682653,System and method for controlling user access to an electronic device,MICRON TECHNOLOGY INC,https://patents.google.com/patent/US10331869B2,US-6766456-B1,32682653,Method and system for authenticating a user of a computer system,MICRON TECHNOLOGY INC,https://patents.google.com/patent/US6766456B1,APP,Applicant
US-10331869-B2,32682653,System and method for controlling user access to an electronic device,MICRON TECHNOLOGY INC,https://patents.google.com/patent/US10331869B2,US-7877612-B2,32682653,System and method for controlling user access to an electronic device,MICRON TECHNOLOGY INC,https://patents.google.com/patent/US7877612B2,APP,Applicant
US-10331869-B2,32682653,System and method for controlling user access to an electronic device,MICRON TECHNOLOGY INC,https://patents.google.com/patent/US10331869B2,US-8176547-B2,32682653,System and method for controlling user access to an electronic device,"MCKEETH JAMES, MICRON TECHNOLOGY INC",https://patents.google.com/patent/US8176547B2,APP,Applicant
US-10331869-B2,32682653,System and method for controlling user access to an electronic device,MICRON TECHNOLOGY INC,https://patents.google.com/patent/US10331869B2,US-8352745-B2,32682653,System and method for controlling user access to an electronic device,"MICRON TECHNOLOGY INC, MCKEETH JAMES",https://patents.google.com/patent/US8352745B2,APP,Applicant
US-10331869-B2,32682653,System and method for controlling user access to an electronic device,MICRON TECHNOLOGY INC,https://patents.google.com/patent/US10331869B2,US-8839416-B2,32682653,System and method for controlling user access to an electronic device,MICRON TECHNOLOGY INC,https://patents.google.com/patent/US8839416B2,APP,Applicant
US-10331869-B2,32682653,System and method for controlling user access to an electronic device,MICRON TECHNOLOGY INC,https://patents.google.com/patent/US10331869B2,US-9465929-B2,32682653,System and method for controlling user access to an electronic device,MICRON TECHNOLOGY INC,https://patents.google.com/patent/US9465929B2,APP,Applicant
US-10331869-B2,32682653,System and method for controlling user access to an electronic device,MICRON TECHNOLOGY INC,https://patents.google.com/patent/US10331869B2,US-9811651-B2,32682653,System and method for controlling user access to an electronic device,MICRON TECHNOLOGY INC,https://patents.google.com/patent/US9811651B2,APP,Applicant
US-10331869-B2,32682653,System and method for controlling user access to an electronic device,MICRON TECHNOLOGY INC,https://patents.google.com/patent/US10331869B2,US-9910974-B2,32682653,Method for controlling user access to an electronic device,MICRON TECHNOLOGY INC,https://patents.google.com/patent/US9910974B2,APP,Applicant
US-10339288-B2,53371629,User authentication for mobile devices using behavioral analysis,"MCAFEE INC, MCAFEE LLC",https://patents.google.com/patent/US10339288B2,US-2005-0021960-A1,32682653,Method and system for authenticating a user of a computer system,Mckeeth James,https://patents.google.com/patent/US20050021960A1,SEA,Search Report
US-10378240-B2,55025336,EAC system with plurality of different algorithm/operand pairs having different functionality,MASTER LOCK CO,https://patents.google.com/patent/US10378240B2,US-2005-0022005-A1,32682653,System and method for controlling user access to an electronic device,Mckeeth James,https://patents.google.com/patent/US20050022005A1,SEA,Search Report
US-10380267-B2,50029999,System and method for tagging multimedia content elements,CORTICA LTD,https://patents.google.com/patent/US10380267B2,US-8352745-B2,32682653,System and method for controlling user access to an electronic device,"MICRON TECHNOLOGY INC, MCKEETH JAMES",https://patents.google.com/patent/US8352745B2,APP,Applicant
US-10402431-B2,35908078,Method and system for identifying keywords for use in placing keyword-targeted advertisements,AMAZON TECH INC,https://patents.google.com/patent/US10402431B2,US-6763362-B2,25546405,Method and system for updating a search engine,MICRON TECHNOLOGY INC,https://patents.google.com/patent/US6763362B2,APP,Applicant
US-10409854-B2,56978903,Image selection based on text topic and image explanatory value,HEWLETT PACKARD DEVELOPMENT CO,https://patents.google.com/patent/US10409854B2,US-6157392-A,22382884,Animation packager for an on-line book,MICRON TECHNOLOGY INC,https://patents.google.com/patent/US6157392A,APP,Applicant
US-10419444-B2,58097073,Systems and methods for protecting messages utilizing a hidden restriction mechanism,CYBERLINK CORP,https://patents.google.com/patent/US10419444B2,US-6766456-B1,32682653,Method and system for authenticating a user of a computer system,MICRON TECHNOLOGY INC,https://patents.google.com/patent/US6766456B1,SEA,Search Report
US-10419444-B2,58097073,Systems and methods for protecting messages utilizing a hidden restriction mechanism,CYBERLINK CORP,https://patents.google.com/patent/US10419444B2,US-8176547-B2,32682653,System and method for controlling user access to an electronic device,"MCKEETH JAMES, MICRON TECHNOLOGY INC",https://patents.google.com/patent/US8176547B2,SEA,Search Report
US-10476675-B2,51529320,Personal digital identity card device for fingerprint bound asymmetric crypto to access a kiosk,TYFONE INC,https://patents.google.com/patent/US10476675B2,US-2011-0119759-A1,32682653,System and method for controlling user access to an electronic device,MICRON TECHNOLOGY INC,https://patents.google.com/patent/US20110119759A1,SEA,Search Report
US-10489389-B2,50188919,"Experience analytic objects, systems and methods","TAPTHERE INC, WORMHOLE LABS INC",https://patents.google.com/patent/US10489389B2,US-2003-0105744-A1,25546405,Method and system for updating a search engine,Mckeeth Jim,https://patents.google.com/patent/US20030105744A1,SEA,Search Report
US-10497005-B2,38174312,Method for acquiring services on a multiplicity of devices,AT & T IP I LP,https://patents.google.com/patent/US10497005B2,US-7877612-B2,32682653,System and method for controlling user access to an electronic device,MICRON TECHNOLOGY INC,https://patents.google.com/patent/US7877612B2,SEA,Search Report
US-10511573-B2,57016364,Agile network protocol for secure communications using secure domain names,VIRNETX INC,https://patents.google.com/patent/US10511573B2,US-7188175-B1,37807256,Method and system for communicating between clients in a computer network,WEB COM INC,https://patents.google.com/patent/US7188175B1,APP,Applicant
US-10514776-B2,35320943,3D pointing devices and methods,IDHL HOLDINGS INC,https://patents.google.com/patent/US10514776B2,US-6766456-B1,32682653,Method and system for authenticating a user of a computer system,MICRON TECHNOLOGY INC,https://patents.google.com/patent/US6766456B1,APP,Applicant
US-10521662-B2,65139176,Unguided passive biometric enrollment,MICROSOFT TECHNOLOGY LICENSING LLC,https://patents.google.com/patent/US10521662B2,US-2013-0185790-A1,32682653,System and method for controlling user access to an electronic device,"MICRON TECHNOLOGY INC, MICRON TECHNOLOGY INC",https://patents.google.com/patent/US20130185790A1,APP,Applicant
US-10530758-B2,59057764,Methods of collaborative hardware and software DNS acceleration and DDOS protection,F5 NETWORKS INC,https://patents.google.com/patent/US10530758B2,US-7188175-B1,37807256,Method and system for communicating between clients in a computer network,WEB COM INC,https://patents.google.com/patent/US7188175B1,SEA,Search Report
US-10534899-B2,63207657,Utilizing inputs for accessing devices,BLACKBERRY LTD,https://patents.google.com/patent/US10534899B2,US-6766456-B1,32682653,Method and system for authenticating a user of a computer system,MICRON TECHNOLOGY INC,https://patents.google.com/patent/US6766456B1,SEA,Search Report
US-10560589-B2,33027892,Image transmission apparatus,SHARP KK,https://patents.google.com/patent/US10560589B2,US-6411693-B1,23905838,Long distance modem warning,MICRON TECHNOLGY INC,https://patents.google.com/patent/US6411693B1,APP,Applicant
US-10599817-B2,59786825,Portion-level digital rights management in digital content,ADOBE INC,https://patents.google.com/patent/US10599817B2,US-7523400-B2,37831350,Text based markup language resource interface,MICRON TECHNOLOGY INC,https://patents.google.com/patent/US7523400B2,SEA,Search Report
US-10614626-B2,57684396,System and method for providing augmented reality challenges,CORTICA LTD,https://patents.google.com/patent/US10614626B2,US-8352745-B2,32682653,System and method for controlling user access to an electronic device,"MICRON TECHNOLOGY INC, MCKEETH JAMES",https://patents.google.com/patent/US8352745B2,APP,Applicant
US-10621241-B2,42184367,Scheduler for search engine crawler,"GOOGLE INC, GOOGLE LLC",https://patents.google.com/patent/US10621241B2,US-6763362-B2,25546405,Method and system for updating a search engine,MICRON TECHNOLOGY INC,https://patents.google.com/patent/US6763362B2,SEA,Search Report
US-10628171-B2,52669425,"Multi-operating system device, notification device and methods thereof",HUAWEI TECH CO LTD,https://patents.google.com/patent/US10628171B2,US-6330669-B1,22744481,OS multi boot integrator,MICRON TECHNOLOGY INC,https://patents.google.com/patent/US6330669B1,APP,Applicant
US-10628565-B2,43037812,Method and device,"SONY MOBILE COMMUNICATIONS INC, SONY CORP",https://patents.google.com/patent/US10628565B2,US-2011-0119759-A1,32682653,System and method for controlling user access to an electronic device,MICRON TECHNOLOGY INC,https://patents.google.com/patent/US20110119759A1,APP,Applicant
US-10698939-B2,59847292,System and method for customizing images,CORTICA LTD,https://patents.google.com/patent/US10698939B2,US-8352745-B2,32682653,System and method for controlling user access to an electronic device,"MICRON TECHNOLOGY INC, MCKEETH JAMES",https://patents.google.com/patent/US8352745B2,APP,Applicant
US-10713330-B2,54930789,Optimized browser render process,GOOGLE LLC,https://patents.google.com/patent/US10713330B2,US-2010-0057802-A1,25546405,Method and system for updating a search engine,MICRON TECHNOLOGY INC,https://patents.google.com/patent/US20100057802A1,APP,Applicant
US-10721071-B2,51529320,Wearable personal digital identity card for fingerprint bound access to a cloud service,TYFONE INC,https://patents.google.com/patent/US10721071B2,US-2011-0119759-A1,32682653,System and method for controlling user access to an electronic device,MICRON TECHNOLOGY INC,https://patents.google.com/patent/US20110119759A1,APP,Applicant
US-10754538-B2,38008079,Unlocking a device by performing gestures on an unlock image,APPLE INC,https://patents.google.com/patent/US10754538B2,US-8352745-B2,32682653,System and method for controlling user access to an electronic device,"MICRON TECHNOLOGY INC, MCKEETH JAMES",https://patents.google.com/patent/US8352745B2,APP,Applicant
US-10762189-B2,56137161,Segment pattern entry based authentication,BLACKBERRY LTD,https://patents.google.com/patent/US10762189B2,US-7877612-B2,32682653,System and method for controlling user access to an electronic device,MICRON TECHNOLOGY INC,https://patents.google.com/patent/US7877612B2,APP,Applicant
US-10781608-B2,55025336,EAC system with plurality of different algorithm/operant pairs having different functionality,MASTER LOCK CO,https://patents.google.com/patent/US10781608B2,US-2005-0022005-A1,32682653,System and method for controlling user access to an electronic device,Mckeeth James,https://patents.google.com/patent/US20050022005A1,APP,Applicant
US-10782792-B2,38660774,3D pointing devices with orientation compensation and improved usability,IDHL HOLDINGS INC,https://patents.google.com/patent/US10782792B2,US-6766456-B1,32682653,Method and system for authenticating a user of a computer system,MICRON TECHNOLOGY INC,https://patents.google.com/patent/US6766456B1,APP,Applicant
US-10795883-B2,44012089,Method and system for enterprise search navigation,ORACLE INT CORP,https://patents.google.com/patent/US10795883B2,US-2010-0057802-A1,25546405,Method and system for updating a search engine,MICRON TECHNOLOGY INC,https://patents.google.com/patent/US20100057802A1,APP,Applicant
US-10795883-B2,44012089,Method and system for enterprise search navigation,ORACLE INT CORP,https://patents.google.com/patent/US10795883B2,US-7979427-B2,25546405,Method and system for updating a search engine,ROUND ROCK RES LLC,https://patents.google.com/patent/US7979427B2,APP,Applicant
US-10867059-B2,48798364,"Device, method, and graphical user interface for accessing an application in a locked device",APPLE INC,https://patents.google.com/patent/US10867059B2,US-8352745-B2,32682653,System and method for controlling user access to an electronic device,"MICRON TECHNOLOGY INC, MCKEETH JAMES",https://patents.google.com/patent/US8352745B2,APP,Applicant
US-10872148-B2,46800826,"System, method, and computer program product for isolating a device associated with at least potential data leakage activity, based on user input",MCAFEE LLC,https://patents.google.com/patent/US10872148B2,US-2005-0022005-A1,32682653,System and method for controlling user access to an electronic device,Mckeeth James,https://patents.google.com/patent/US20050022005A1,APP,Applicant
US-10938952-B2,73746351,Screen reader summary with popular link(s),MICROSOFT TECHNOLOGY LICENSING LLC,https://patents.google.com/patent/US10938952B2,US-2003-0105744-A1,25546405,Method and system for updating a search engine,Mckeeth Jim,https://patents.google.com/patent/US20030105744A1,SEA,Search Report
US-10956502-B2,66947949,Method of and system for recommending fresh search query suggestions on search engine,YANDEX EUROPE AG,https://patents.google.com/patent/US10956502B2,US-2003-0105744-A1,25546405,Method and system for updating a search engine,Mckeeth Jim,https://patents.google.com/patent/US20030105744A1,APP,Applicant
US-10956550-B2,40429680,Embedded authentication systems in an electronic device,APPLE INC,https://patents.google.com/patent/US10956550B2,US-8352745-B2,32682653,System and method for controlling user access to an electronic device,"MICRON TECHNOLOGY INC, MCKEETH JAMES",https://patents.google.com/patent/US8352745B2,APP,Applicant
US-11003316-B2,36317777,Dynamic bar oriented user interface,BLACKBERRY LTD,https://patents.google.com/patent/US11003316B2,US-2007-0055973-A1,37831350,Text based markup language resource interface,MCKEETH JAMES,https://patents.google.com/patent/US20070055973A1,SEA,Search Report
US-11003756-B2,74187891,System and method for verifying unique user identification,GRAS SEATON,https://patents.google.com/patent/US11003756B2,US-7877612-B2,32682653,System and method for controlling user access to an electronic device,MICRON TECHNOLOGY INC,https://patents.google.com/patent/US7877612B2,SEA,Search Report
US-11006271-B2,51529320,Wearable identity device for fingerprint bound access to a cloud service,SIDEASSURE INC,https://patents.google.com/patent/US11006271B2,US-2011-0119759-A1,32682653,System and method for controlling user access to an electronic device,MICRON TECHNOLOGY INC,https://patents.google.com/patent/US20110119759A1,APP,Applicant
US-11014252-B2,66815536,Robot system,NIDEC SANKYO CORP,https://patents.google.com/patent/US11014252B2,US-7627568-B2,25546405,Method and system for updating a search engine database based on popularity of links,MICRON TECHNOLOGY INC,https://patents.google.com/patent/US7627568B2,SEA,Search Report
US-11068696-B2,61243095,"Protecting individuals privacy in public through visual opt-out, signal detection, and marker detection",IBM,https://patents.google.com/patent/US11068696B2,US-6766456-B1,32682653,Method and system for authenticating a user of a computer system,MICRON TECHNOLOGY INC,https://patents.google.com/patent/US6766456B1,SEA,Search Report
US-11086507-B2,38008079,Unlocking a device by performing gestures on an unlock image,APPLE INC,https://patents.google.com/patent/US11086507B2,US-8352745-B2,32682653,System and method for controlling user access to an electronic device,"MICRON TECHNOLOGY INC, MCKEETH JAMES",https://patents.google.com/patent/US8352745B2,APP,Applicant
US-11093592-B2,59899449,"Information processing system, information processing device, authentication method and recording medium",NEC CORP,https://patents.google.com/patent/US11093592B2,US-2014-0351928-A1,32682653,System and method for controlling user access to an electronic device,MICRON TECHNOLOGY INC,https://patents.google.com/patent/US20140351928A1,APP,Applicant
US-11113127-B2,44070991,Command line output redirection,MICRON TECHNOLOGY INC,https://patents.google.com/patent/US11113127B2,US-7958491-B1,44070991,Command line output redirection,MICRON TECHNOLOGY INC,https://patents.google.com/patent/US7958491B1,APP,Applicant
US-11113127-B2,44070991,Command line output redirection,MICRON TECHNOLOGY INC,https://patents.google.com/patent/US11113127B2,US-8739122-B2,44070991,Command line output redirection,"MCKEETH JAMES, MIRCON TECHNOLOGY INC",https://patents.google.com/patent/US8739122B2,APP,Applicant
US-11113127-B2,44070991,Command line output redirection,MICRON TECHNOLOGY INC,https://patents.google.com/patent/US11113127B2,US-9652303-B2,44070991,Command line output redirection,MICRON TECHNOLOGY INC,https://patents.google.com/patent/US9652303B2,APP,Applicant
US-11126323-B2,36317777,Dynamic bar oriented user interface,BLACKBERRY LTD,https://patents.google.com/patent/US11126323B2,US-2007-0055973-A1,37831350,Text based markup language resource interface,MCKEETH JAMES,https://patents.google.com/patent/US20070055973A1,APP,Applicant
US-11154776-B2,36498509,Semantic gaming and application transformation,IDHL HOLDINGS INC,https://patents.google.com/patent/US11154776B2,US-6766456-B1,32682653,Method and system for authenticating a user of a computer system,MICRON TECHNOLOGY INC,https://patents.google.com/patent/US6766456B1,APP,Applicant
US-11157091-B2,35320943,3D pointing devices and methods,IDHL HOLDINGS INC,https://patents.google.com/patent/US11157091B2,US-6766456-B1,32682653,Method and system for authenticating a user of a computer system,MICRON TECHNOLOGY INC,https://patents.google.com/patent/US6766456B1,APP,Applicant
US-11165963-B2,47261421,"Device, method, and graphical user interface for accessing an application in a locked device","DELLINGER RICHARD R, BHOGAL NIKHIL, APPLE INC",https://patents.google.com/patent/US11165963B2,US-8352745-B2,32682653,System and method for controlling user access to an electronic device,"MICRON TECHNOLOGY INC, MCKEETH JAMES",https://patents.google.com/patent/US8352745B2,APP,Applicant
US-11209961-B2,48576561,"Device, method, and graphical user interface for manipulating user interfaces based on fingerprint sensor inputs",APPLE INC,https://patents.google.com/patent/US11209961B2,US-8352745-B2,32682653,System and method for controlling user access to an electronic device,"MICRON TECHNOLOGY INC, MCKEETH JAMES",https://patents.google.com/patent/US8352745B2,APP,Applicant
US-11223537-B1,79169350,Executing custom scripts from the host during disaster recovery,VERITAS TECHNOLOGIES LLC,https://patents.google.com/patent/US11223537B1,US-6727920-B1,32106387,Multiple operating system quick boot utility,MICRON TECHNOLOGY INC,https://patents.google.com/patent/US6727920B1,APP,Applicant
US-11321098-B2,52669425,"Multi-operating system device, notification device and methods thereof",HUAWEI TECH CO LTD,https://patents.google.com/patent/US11321098B2,US-6330669-B1,22744481,OS multi boot integrator,MICRON TECHNOLOGY INC,https://patents.google.com/patent/US6330669B1,APP,Applicant
US-11328114-B2,54930717,Batch-optimized render and fetch architecture,GOOGLE LLC,https://patents.google.com/patent/US11328114B2,US-2010-0057802-A1,25546405,Method and system for updating a search engine,MICRON TECHNOLOGY INC,https://patents.google.com/patent/US20100057802A1,APP,Applicant
US-11349937-B2,80741078,Passive management of network connections,EMC IP HOLDING CO LLC,https://patents.google.com/patent/US11349937B2,US-2007-0112911-A1,37807256,Method and System for Communicating Between Clients In A Computer Network,MCKEETH JAMES A,https://patents.google.com/patent/US20070112911A1,SEA,Search Report
US-11468155-B2,40429680,Embedded authentication systems in an electronic device,APPLE INC,https://patents.google.com/patent/US11468155B2,US-8352745-B2,32682653,System and method for controlling user access to an electronic device,"MICRON TECHNOLOGY INC, MCKEETH JAMES",https://patents.google.com/patent/US8352745B2,APP,Applicant
US-11523273-B2,51529320,Wearable identity device for fingerprint bound access to a cloud service,SIDEASSURE INC,https://patents.google.com/patent/US11523273B2,US-2011-0119759-A1,32682653,System and method for controlling user access to an electronic device,MICRON TECHNOLOGY INC,https://patents.google.com/patent/US20110119759A1,APP,Applicant
US-11669238-B2,38008079,Unlocking a device by performing gestures on an unlock image,APPLE INC,https://patents.google.com/patent/US11669238B2,US-8352745-B2,32682653,System and method for controlling user access to an electronic device,"MICRON TECHNOLOGY INC, MCKEETH JAMES",https://patents.google.com/patent/US8352745B2,APP,Applicant
US-11689525-B2,56880382,System and apparatus for biometric identification of a unique user and authorization of the unique user,BRAIN TUNNELGENIX TECH CORP,https://patents.google.com/patent/US11689525B2,US-10311221-B2,32682653,System and method for controlling user access to an electronic device,MICRON TECHNOLOGY INC,https://patents.google.com/patent/US10311221B2,SEA,Search Report
US-11689525-B2,56880382,System and apparatus for biometric identification of a unique user and authorization of the unique user,BRAIN TUNNELGENIX TECH CORP,https://patents.google.com/patent/US11689525B2,US-10331869-B2,32682653,System and method for controlling user access to an electronic device,MICRON TECHNOLOGY INC,https://patents.google.com/patent/US10331869B2,SEA,Search Report
US-11689525-B2,56880382,System and apparatus for biometric identification of a unique user and authorization of the unique user,BRAIN TUNNELGENIX TECH CORP,https://patents.google.com/patent/US11689525B2,US-2005-0021960-A1,32682653,Method and system for authenticating a user of a computer system,Mckeeth James,https://patents.google.com/patent/US20050021960A1,SEA,Search Report
US-11689525-B2,56880382,System and apparatus for biometric identification of a unique user and authorization of the unique user,BRAIN TUNNELGENIX TECH CORP,https://patents.google.com/patent/US11689525B2,US-2005-0022005-A1,32682653,System and method for controlling user access to an electronic device,Mckeeth James,https://patents.google.com/patent/US20050022005A1,SEA,Search Report
US-11689525-B2,56880382,System and apparatus for biometric identification of a unique user and authorization of the unique user,BRAIN TUNNELGENIX TECH CORP,https://patents.google.com/patent/US11689525B2,US-2005-0044382-A1,32682653,System and method for user authentication,Mckeeth James,https://patents.google.com/patent/US20050044382A1,SEA,Search Report
US-11689525-B2,56880382,System and apparatus for biometric identification of a unique user and authorization of the unique user,BRAIN TUNNELGENIX TECH CORP,https://patents.google.com/patent/US11689525B2,US-2011-0119759-A1,32682653,System and method for controlling user access to an electronic device,MICRON TECHNOLOGY INC,https://patents.google.com/patent/US20110119759A1,SEA,Search Report
US-11689525-B2,56880382,System and apparatus for biometric identification of a unique user and authorization of the unique user,BRAIN TUNNELGENIX TECH CORP,https://patents.google.com/patent/US11689525B2,US-2012-0198544-A1,32682653,System and method for controlling user access to an electronic device,"MCKEETH JAMES, MICRON TECHNOLOGY INC",https://patents.google.com/patent/US20120198544A1,SEA,Search Report
US-11689525-B2,56880382,System and apparatus for biometric identification of a unique user and authorization of the unique user,BRAIN TUNNELGENIX TECH CORP,https://patents.google.com/patent/US11689525B2,US-2013-0185790-A1,32682653,System and method for controlling user access to an electronic device,"MICRON TECHNOLOGY INC, MICRON TECHNOLOGY INC",https://patents.google.com/patent/US20130185790A1,SEA,Search Report
US-11689525-B2,56880382,System and apparatus for biometric identification of a unique user and authorization of the unique user,BRAIN TUNNELGENIX TECH CORP,https://patents.google.com/patent/US11689525B2,US-2014-0351928-A1,32682653,System and method for controlling user access to an electronic device,MICRON TECHNOLOGY INC,https://patents.google.com/patent/US20140351928A1,SEA,Search Report
US-11689525-B2,56880382,System and apparatus for biometric identification of a unique user and authorization of the unique user,BRAIN TUNNELGENIX TECH CORP,https://patents.google.com/patent/US11689525B2,US-2017-0124310-A1,32682653,System and method for controlling user access to an electronic device,MICRON TECHNOLOGY INC,https://patents.google.com/patent/US20170124310A1,SEA,Search Report
US-11689525-B2,56880382,System and apparatus for biometric identification of a unique user and authorization of the unique user,BRAIN TUNNELGENIX TECH CORP,https://patents.google.com/patent/US11689525B2,US-2017-0140142-A1,32682653,Method for controlling user access to an electronic device,MICRON TECHNOLOGY INC,https://patents.google.com/patent/US20170140142A1,SEA,Search Report
US-11689525-B2,56880382,System and apparatus for biometric identification of a unique user and authorization of the unique user,BRAIN TUNNELGENIX TECH CORP,https://patents.google.com/patent/US11689525B2,US-2018-0150625-A1,32682653,System and method for controlling user access to an electronic device,MICRON TECHNOLOGY INC,https://patents.google.com/patent/US20180150625A1,SEA,Search Report
US-11689525-B2,56880382,System and apparatus for biometric identification of a unique user and authorization of the unique user,BRAIN TUNNELGENIX TECH CORP,https://patents.google.com/patent/US11689525B2,US-2018-0165440-A1,32682653,System and method for controlling user access to an electronic device,MICRON TECHNOLOGY INC,https://patents.google.com/patent/US20180165440A1,SEA,Search Report
US-11689525-B2,56880382,System and apparatus for biometric identification of a unique user and authorization of the unique user,BRAIN TUNNELGENIX TECH CORP,https://patents.google.com/patent/US11689525B2,US-6766456-B1,32682653,Method and system for authenticating a user of a computer system,MICRON TECHNOLOGY INC,https://patents.google.com/patent/US6766456B1,SEA,Search Report
US-11689525-B2,56880382,System and apparatus for biometric identification of a unique user and authorization of the unique user,BRAIN TUNNELGENIX TECH CORP,https://patents.google.com/patent/US11689525B2,US-7877612-B2,32682653,System and method for controlling user access to an electronic device,MICRON TECHNOLOGY INC,https://patents.google.com/patent/US7877612B2,SEA,Search Report
US-11689525-B2,56880382,System and apparatus for biometric identification of a unique user and authorization of the unique user,BRAIN TUNNELGENIX TECH CORP,https://patents.google.com/patent/US11689525B2,US-8176547-B2,32682653,System and method for controlling user access to an electronic device,"MCKEETH JAMES, MICRON TECHNOLOGY INC",https://patents.google.com/patent/US8176547B2,SEA,Search Report
US-11689525-B2,56880382,System and apparatus for biometric identification of a unique user and authorization of the unique user,BRAIN TUNNELGENIX TECH CORP,https://patents.google.com/patent/US11689525B2,US-8352745-B2,32682653,System and method for controlling user access to an electronic device,"MICRON TECHNOLOGY INC, MCKEETH JAMES",https://patents.google.com/patent/US8352745B2,SEA,Search Report
US-11689525-B2,56880382,System and apparatus for biometric identification of a unique user and authorization of the unique user,BRAIN TUNNELGENIX TECH CORP,https://patents.google.com/patent/US11689525B2,US-8839416-B2,32682653,System and method for controlling user access to an electronic device,MICRON TECHNOLOGY INC,https://patents.google.com/patent/US8839416B2,SEA,Search Report
US-11689525-B2,56880382,System and apparatus for biometric identification of a unique user and authorization of the unique user,BRAIN TUNNELGENIX TECH CORP,https://patents.google.com/patent/US11689525B2,US-9465929-B2,32682653,System and method for controlling user access to an electronic device,MICRON TECHNOLOGY INC,https://patents.google.com/patent/US9465929B2,SEA,Search Report
US-11689525-B2,56880382,System and apparatus for biometric identification of a unique user and authorization of the unique user,BRAIN TUNNELGENIX TECH CORP,https://patents.google.com/patent/US11689525B2,US-9811651-B2,32682653,System and method for controlling user access to an electronic device,MICRON TECHNOLOGY INC,https://patents.google.com/patent/US9811651B2,SEA,Search Report
US-11689525-B2,56880382,System and apparatus for biometric identification of a unique user and authorization of the unique user,BRAIN TUNNELGENIX TECH CORP,https://patents.google.com/patent/US11689525B2,US-9910974-B2,32682653,Method for controlling user access to an electronic device,MICRON TECHNOLOGY INC,https://patents.google.com/patent/US9910974B2,SEA,Search Report
US-11734276-B2,58873524,Method and apparatus for updating search cache to improve the update speed of hot content,BEIJING QIYI CENTURY SCIENCE & TECHNOLOGY CO LTD,https://patents.google.com/patent/US11734276B2,US-2003-0105744-A1,25546405,Method and system for updating a search engine,Mckeeth Jim,https://patents.google.com/patent/US20030105744A1,SEA,Search Report
US-11783939-B2,37968653,Safety features for medical devices requiring assistance and supervision,NXSTAGE MEDICAL INC,https://patents.google.com/patent/US11783939B2,US-6766456-B1,32682653,Method and system for authenticating a user of a computer system,MICRON TECHNOLOGY INC,https://patents.google.com/patent/US6766456B1,APP,Applicant
US-11832095-B2,51529320,Wearable identity device for fingerprint bound access to a cloud service,"SIDEASSURE INC, KEPLER COMPUTING INC",https://patents.google.com/patent/US11832095B2,US-2011-0119759-A1,32682653,System and method for controlling user access to an electronic device,MICRON TECHNOLOGY INC,https://patents.google.com/patent/US20110119759A1,APP,Applicant
US-11989394-B2,48576561,"Device, method, and graphical user interface for manipulating user interfaces based on fingerprint sensor inputs",APPLE INC,https://patents.google.com/patent/US11989394B2,US-8352745-B2,32682653,System and method for controlling user access to an electronic device,"MICRON TECHNOLOGY INC, MCKEETH JAMES",https://patents.google.com/patent/US8352745B2,APP,Applicant
US-12112849-B2,37968653,Safety features for medical devices requiring assistance and supervision,NXSTAGE MEDICAL INC,https://patents.google.com/patent/US12112849B2,US-6766456-B1,32682653,Method and system for authenticating a user of a computer system,MICRON TECHNOLOGY INC,https://patents.google.com/patent/US6766456B1,SEA,Search Report
US-12165153-B2,87521224,Computationally efficient theft detection,CAPITAL ONE SERVICES LLC,https://patents.google.com/patent/US12165153B2,US-2011-0119759-A1,32682653,System and method for controlling user access to an electronic device,MICRON TECHNOLOGY INC,https://patents.google.com/patent/US20110119759A1,SEA,Search Report
US-12192196-B1,56880382,System and apparatus for biometric identification of a unique user and authorization of the unique user,BRAIN TUNNELGENIX TECH CORP,https://patents.google.com/patent/US12192196B1,US-10311221-B2,32682653,System and method for controlling user access to an electronic device,MICRON TECHNOLOGY INC,https://patents.google.com/patent/US10311221B2,SEA,Search Report
US-12192196-B1,56880382,System and apparatus for biometric identification of a unique user and authorization of the unique user,BRAIN TUNNELGENIX TECH CORP,https://patents.google.com/patent/US12192196B1,US-10331869-B2,32682653,System and method for controlling user access to an electronic device,MICRON TECHNOLOGY INC,https://patents.google.com/patent/US10331869B2,SEA,Search Report
US-12192196-B1,56880382,System and apparatus for biometric identification of a unique user and authorization of the unique user,BRAIN TUNNELGENIX TECH CORP,https://patents.google.com/patent/US12192196B1,US-2005-0021960-A1,32682653,Method and system for authenticating a user of a computer system,Mckeeth James,https://patents.google.com/patent/US20050021960A1,SEA,Search Report
US-12192196-B1,56880382,System and apparatus for biometric identification of a unique user and authorization of the unique user,BRAIN TUNNELGENIX TECH CORP,https://patents.google.com/patent/US12192196B1,US-2005-0022005-A1,32682653,System and method for controlling user access to an electronic device,Mckeeth James,https://patents.google.com/patent/US20050022005A1,SEA,Search Report
US-12192196-B1,56880382,System and apparatus for biometric identification of a unique user and authorization of the unique user,BRAIN TUNNELGENIX TECH CORP,https://patents.google.com/patent/US12192196B1,US-2005-0044382-A1,32682653,System and method for user authentication,Mckeeth James,https://patents.google.com/patent/US20050044382A1,SEA,Search Report
US-12192196-B1,56880382,System and apparatus for biometric identification of a unique user and authorization of the unique user,BRAIN TUNNELGENIX TECH CORP,https://patents.google.com/patent/US12192196B1,US-2011-0119759-A1,32682653,System and method for controlling user access to an electronic device,MICRON TECHNOLOGY INC,https://patents.google.com/patent/US20110119759A1,SEA,Search Report
US-12192196-B1,56880382,System and apparatus for biometric identification of a unique user and authorization of the unique user,BRAIN TUNNELGENIX TECH CORP,https://patents.google.com/patent/US12192196B1,US-2012-0198544-A1,32682653,System and method for controlling user access to an electronic device,"MCKEETH JAMES, MICRON TECHNOLOGY INC",https://patents.google.com/patent/US20120198544A1,SEA,Search Report
US-12192196-B1,56880382,System and apparatus for biometric identification of a unique user and authorization of the unique user,BRAIN TUNNELGENIX TECH CORP,https://patents.google.com/patent/US12192196B1,US-2013-0185790-A1,32682653,System and method for controlling user access to an electronic device,"MICRON TECHNOLOGY INC, MICRON TECHNOLOGY INC",https://patents.google.com/patent/US20130185790A1,SEA,Search Report
US-12192196-B1,56880382,System and apparatus for biometric identification of a unique user and authorization of the unique user,BRAIN TUNNELGENIX TECH CORP,https://patents.google.com/patent/US12192196B1,US-2014-0351928-A1,32682653,System and method for controlling user access to an electronic device,MICRON TECHNOLOGY INC,https://patents.google.com/patent/US20140351928A1,SEA,Search Report
US-12192196-B1,56880382,System and apparatus for biometric identification of a unique user and authorization of the unique user,BRAIN TUNNELGENIX TECH CORP,https://patents.google.com/patent/US12192196B1,US-2017-0124310-A1,32682653,System and method for controlling user access to an electronic device,MICRON TECHNOLOGY INC,https://patents.google.com/patent/US20170124310A1,SEA,Search Report
US-12192196-B1,56880382,System and apparatus for biometric identification of a unique user and authorization of the unique user,BRAIN TUNNELGENIX TECH CORP,https://patents.google.com/patent/US12192196B1,US-2017-0140142-A1,32682653,Method for controlling user access to an electronic device,MICRON TECHNOLOGY INC,https://patents.google.com/patent/US20170140142A1,SEA,Search Report
US-12192196-B1,56880382,System and apparatus for biometric identification of a unique user and authorization of the unique user,BRAIN TUNNELGENIX TECH CORP,https://patents.google.com/patent/US12192196B1,US-2018-0150625-A1,32682653,System and method for controlling user access to an electronic device,MICRON TECHNOLOGY INC,https://patents.google.com/patent/US20180150625A1,SEA,Search Report
US-12192196-B1,56880382,System and apparatus for biometric identification of a unique user and authorization of the unique user,BRAIN TUNNELGENIX TECH CORP,https://patents.google.com/patent/US12192196B1,US-2018-0165440-A1,32682653,System and method for controlling user access to an electronic device,MICRON TECHNOLOGY INC,https://patents.google.com/patent/US20180165440A1,SEA,Search Report
US-12192196-B1,56880382,System and apparatus for biometric identification of a unique user and authorization of the unique user,BRAIN TUNNELGENIX TECH CORP,https://patents.google.com/patent/US12192196B1,US-6766456-B1,32682653,Method and system for authenticating a user of a computer system,MICRON TECHNOLOGY INC,https://patents.google.com/patent/US6766456B1,SEA,Search Report
US-12192196-B1,56880382,System and apparatus for biometric identification of a unique user and authorization of the unique user,BRAIN TUNNELGENIX TECH CORP,https://patents.google.com/patent/US12192196B1,US-7877612-B2,32682653,System and method for controlling user access to an electronic device,MICRON TECHNOLOGY INC,https://patents.google.com/patent/US7877612B2,SEA,Search Report
US-12192196-B1,56880382,System and apparatus for biometric identification of a unique user and authorization of the unique user,BRAIN TUNNELGENIX TECH CORP,https://patents.google.com/patent/US12192196B1,US-8176547-B2,32682653,System and method for controlling user access to an electronic device,"MCKEETH JAMES, MICRON TECHNOLOGY INC",https://patents.google.com/patent/US8176547B2,SEA,Search Report
US-12192196-B1,56880382,System and apparatus for biometric identification of a unique user and authorization of the unique user,BRAIN TUNNELGENIX TECH CORP,https://patents.google.com/patent/US12192196B1,US-8352745-B2,32682653,System and method for controlling user access to an electronic device,"MICRON TECHNOLOGY INC, MCKEETH JAMES",https://patents.google.com/patent/US8352745B2,SEA,Search Report
US-12192196-B1,56880382,System and apparatus for biometric identification of a unique user and authorization of the unique user,BRAIN TUNNELGENIX TECH CORP,https://patents.google.com/patent/US12192196B1,US-8839416-B2,32682653,System and method for controlling user access to an electronic device,MICRON TECHNOLOGY INC,https://patents.google.com/patent/US8839416B2,SEA,Search Report
US-12192196-B1,56880382,System and apparatus for biometric identification of a unique user and authorization of the unique user,BRAIN TUNNELGENIX TECH CORP,https://patents.google.com/patent/US12192196B1,US-9465929-B2,32682653,System and method for controlling user access to an electronic device,MICRON TECHNOLOGY INC,https://patents.google.com/patent/US9465929B2,SEA,Search Report
US-12192196-B1,56880382,System and apparatus for biometric identification of a unique user and authorization of the unique user,BRAIN TUNNELGENIX TECH CORP,https://patents.google.com/patent/US12192196B1,US-9811651-B2,32682653,System and method for controlling user access to an electronic device,MICRON TECHNOLOGY INC,https://patents.google.com/patent/US9811651B2,SEA,Search Report
US-12192196-B1,56880382,System and apparatus for biometric identification of a unique user and authorization of the unique user,BRAIN TUNNELGENIX TECH CORP,https://patents.google.com/patent/US12192196B1,US-9910974-B2,32682653,Method for controlling user access to an electronic device,MICRON TECHNOLOGY INC,https://patents.google.com/patent/US9910974B2,SEA,Search Report
US-12262111-B2,47261421,"Device, method, and graphical user interface for accessing an application in a locked device",APPLE INC,https://patents.google.com/patent/US12262111B2,US-8352745-B2,32682653,System and method for controlling user access to an electronic device,"MICRON TECHNOLOGY INC, MCKEETH JAMES",https://patents.google.com/patent/US8352745B2,APP,Applicant
US-12299130-B2,88834043,"Method for secure, efficient startup of hyper-converged systems using hybrid centralization",ROCKWELL COLLINS INC,https://patents.google.com/patent/US12299130B2,US-6727920-B1,32106387,Multiple operating system quick boot utility,MICRON TECHNOLOGY INC,https://patents.google.com/patent/US6727920B1,APP,Applicant
US-12302089-B2,51529320,Wearable identity device for fingerprint bound access to a cloud service,SIDEASSURE INC,https://patents.google.com/patent/US12302089B2,US-2011-0119759-A1,32682653,System and method for controlling user access to an electronic device,MICRON TECHNOLOGY INC,https://patents.google.com/patent/US20110119759A1,APP,Applicant
US-12316533-B2,89430902,Network traffic routing in an SD-WAN,CHECK POINT SOFTWARE TECH LTD,https://patents.google.com/patent/US12316533B2,US-7188175-B1,37807256,Method and system for communicating between clients in a computer network,WEB COM INC,https://patents.google.com/patent/US7188175B1,SEA,Search Report
US-12423401-B2,72644402,Device and method for authenticating a user of a first electronic device connected to a second electronic device by using a relative characteristic parameter,ORANGE,https://patents.google.com/patent/US12423401B2,US-6766456-B1,32682653,Method and system for authenticating a user of a computer system,MICRON TECHNOLOGY INC,https://patents.google.com/patent/US6766456B1,APP,Applicant
US-12566872-B2,48798364,"Device, method, and graphical user interface for accessing an application in a locked device",APPLE INC,https://patents.google.com/patent/US12566872B2,US-8352745-B2,32682653,System and method for controlling user access to an electronic device,"MICRON TECHNOLOGY INC, MCKEETH JAMES",https://patents.google.com/patent/US8352745B2,APP,Applicant
US-12603935-B2,-1,Workflow coordination in coordination namespace,International Business Machines Corporation,https://patents.google.com/patent/US12603935B2,US-6327707-B1,23257519,"Method, programmed medium and system for customizing pre-loaded software",MICRON TECHNOLOGY INC,https://patents.google.com/patent/US6327707B1,SEA,Search Report
US-2001-0018717-A1,18575369,"Computer system, operating system switching system, operating system mounting method, operating system switching method, storage medium, and program transmission apparatus",IBM,https://patents.google.com/patent/US20010018717A1,US-6260140-B1,22747798,Operating system multi boot integrator,MICRON ELECTRONICS INC,https://patents.google.com/patent/US6260140B1,PRS,Patent Register Service
US-2001-0034693-A1,26880877,Method and system to broker a service access transaction,"Jay Farhat, Alla Rozenfeld, Singam Sunder, Jeff Edgett, Can Vu",https://patents.google.com/patent/US20010034693A1,US-6327707-B1,23257519,"Method, programmed medium and system for customizing pre-loaded software",MICRON TECHNOLOGY INC,https://patents.google.com/patent/US6327707B1,PRS,Patent Register Service
US-2001-0034704-A1,26880875,Method and system to facilitate financial settlement of service access transactions between multiple parties,"Jay Farhat, Alla Rozenfeld, Singam Sunder, Jeff Edgett, Can Vu",https://patents.google.com/patent/US20010034704A1,US-6327707-B1,23257519,"Method, programmed medium and system for customizing pre-loaded software",MICRON TECHNOLOGY INC,https://patents.google.com/patent/US6327707B1,PRS,Patent Register Service
US-2002-0083429-A1,22836567,Method and system to customize and update a network connection application for distribution to multiple end-users,"Alla Rozenfeld, Singam Sunder, Tuan Bui",https://patents.google.com/patent/US20020083429A1,US-6327707-B1,23257519,"Method, programmed medium and system for customizing pre-loaded software",MICRON TECHNOLOGY INC,https://patents.google.com/patent/US6327707B1,PRS,Patent Register Service
US-2002-0087894-A1,26711718,Method and apparatus for enabling a user to select an authentication method,"Foley James M., Johnson Rick D., Anant Nambiar",https://patents.google.com/patent/US20020087894A1,US-6766456-B1,32682653,Method and system for authenticating a user of a computer system,MICRON TECHNOLOGY INC,https://patents.google.com/patent/US6766456B1,PRS,Patent Register Service
US-2002-0099683-A1,25082493,Verification of a benefit purchase incident to a computer system purchase,"Sloan Jeffrey N., Cobb Gary W.",https://patents.google.com/patent/US20020099683A1,US-6327707-B1,23257519,"Method, programmed medium and system for customizing pre-loaded software",MICRON TECHNOLOGY INC,https://patents.google.com/patent/US6327707B1,PRS,Patent Register Service
US-2002-0120884-A1,18911430,Multi-computer fault detection system,"Tetsuaki Nakamikawa, Masahiko Saito, Takanori Yokoyama, Hiroshi Ohno",https://patents.google.com/patent/US20020120884A1,US-6330669-B1,22744481,OS multi boot integrator,MICRON TECHNOLOGY INC,https://patents.google.com/patent/US6330669B1,PRS,Patent Register Service
US-2002-0174287-A1,20428793,Portable data storage device capable of being directly connected via USB plug to a computer,Cheng Chong Seng,https://patents.google.com/patent/US20020174287A1,US-6766456-B1,32682653,Method and system for authenticating a user of a computer system,MICRON TECHNOLOGY INC,https://patents.google.com/patent/US6766456B1,PRS,Patent Register Service
US-2002-0194132-A1,9916861,Renting a computing environment on a trusted computing platform,HEWLETT PACKARD CO,https://patents.google.com/patent/US20020194132A1,US-6330669-B1,22744481,OS multi boot integrator,MICRON TECHNOLOGY INC,https://patents.google.com/patent/US6330669B1,PRS,Patent Register Service
US-2002-0194496-A1,9916868,Multiple trusted computing environments,"Jonathan Griffin, Dalton Christopher I., Michael Child, Liqun Chen, Norman Andrew Patrick",https://patents.google.com/patent/US20020194496A1,US-6330669-B1,22744481,OS multi boot integrator,MICRON TECHNOLOGY INC,https://patents.google.com/patent/US6330669B1,PRS,Patent Register Service
US-2003-0005336-A1,20428962,Portable device having biometrics-based authentication capabilities,"Poo Teng Pin, Lim Lay Chuan",https://patents.google.com/patent/US20030005336A1,US-6766456-B1,32682653,Method and system for authenticating a user of a computer system,MICRON TECHNOLOGY INC,https://patents.google.com/patent/US6766456B1,PRS,Patent Register Service
US-2003-0005337-A1,20428961,Portable device having biometrics-based authentication capabilities,"Poo Teng Pin, Lim Lay Chuan",https://patents.google.com/patent/US20030005337A1,US-6766456-B1,32682653,Method and system for authenticating a user of a computer system,MICRON TECHNOLOGY INC,https://patents.google.com/patent/US6766456B1,PRS,Patent Register Service
US-2003-0009497-A1,25410823,Community based personalization system and method,Allen Yu,https://patents.google.com/patent/US20030009497A1,US-6763362-B2,25546405,Method and system for updating a search engine,MICRON TECHNOLOGY INC,https://patents.google.com/patent/US6763362B2,PRS,Patent Register Service
US-2003-0009592-A1,25411614,Method and system for providing static addresses for Internet connected devices even if the underlying address is dynamic,Paul Stahura,https://patents.google.com/patent/US20030009592A1,US-7188175-B1,37807256,Method and system for communicating between clients in a computer network,WEB COM INC,https://patents.google.com/patent/US7188175B1,PRS,Patent Register Service
US-2003-0014622-A1,26077280,System and method to enable a legacy BIOS system to boot from a disk that includes EFI GPT partitions,Jean-Francois Larvoire,https://patents.google.com/patent/US20030014622A1,US-6727920-B1,32106387,Multiple operating system quick boot utility,MICRON TECHNOLOGY INC,https://patents.google.com/patent/US6727920B1,PRS,Patent Register Service
US-2003-0050924-A1,27380153,System and method for resolving distributed network search queries to information providers,"Yaroslav Faybishenko, Kan Gene H., Camarda Thomas J., Sherif Botros, John Beatty, Cutting Douglass R.",https://patents.google.com/patent/US20030050924A1,US-6763362-B2,25546405,Method and system for updating a search engine,MICRON TECHNOLOGY INC,https://patents.google.com/patent/US6763362B2,PRS,Patent Register Service
US-2003-0050959-A1,27380152,System and method for distributed real-time search,"Yaroslav Faybishenko, Kan Gene H., Camarda Thomas J., Doolin David M., Steve Waterhouse, Cutting Douglass R.",https://patents.google.com/patent/US20030050959A1,US-6763362-B2,25546405,Method and system for updating a search engine,MICRON TECHNOLOGY INC,https://patents.google.com/patent/US6763362B2,PRS,Patent Register Service
US-2003-0055818-A1,27380154,Method and system of routing messages in a distributed search network,"Yaroslav Faybishenko, Kan Gene H., Sherif Botros, John Beatty, Cutting Douglass R.",https://patents.google.com/patent/US20030055818A1,US-6763362-B2,25546405,Method and system for updating a search engine,MICRON TECHNOLOGY INC,https://patents.google.com/patent/US6763362B2,PRS,Patent Register Service
US-2003-0056092-A1,26816282,Method and system for associating a plurality of transaction data records generated in a service access system,"Edgett Jeff Steven, Singam Sunder",https://patents.google.com/patent/US20030056092A1,US-6327707-B1,23257519,"Method, programmed medium and system for customizing pre-loaded software",MICRON TECHNOLOGY INC,https://patents.google.com/patent/US6327707B1,PRS,Patent Register Service
US-2003-0056096-A1,26815732,Method and system for securely authenticating network access credentials for users,"Albert Roy David, Edgett Jeff Steven, Singam Sunder, Underwood James Marion",https://patents.google.com/patent/US20030056096A1,US-6327707-B1,23257519,"Method, programmed medium and system for customizing pre-loaded software",MICRON TECHNOLOGY INC,https://patents.google.com/patent/US6327707B1,PRS,Patent Register Service
US-2003-0065919-A1,26816319,Method and system for identifying a replay attack by an access device to a computer system,"Albert Roy David, Edgett Jeff Steven, Singam Sunder",https://patents.google.com/patent/US20030065919A1,US-6327707-B1,23257519,"Method, programmed medium and system for customizing pre-loaded software",MICRON TECHNOLOGY INC,https://patents.google.com/patent/US6327707B1,PRS,Patent Register Service
US-2003-0088544-A1,26965291,Distributed information discovery,SUN MICROSYSTEMS INC,https://patents.google.com/patent/US20030088544A1,US-6763362-B2,25546405,Method and system for updating a search engine,MICRON TECHNOLOGY INC,https://patents.google.com/patent/US6763362B2,PRS,Patent Register Service
US-2003-0088764-A1,25531583,Method of supporting multiple PDA systems on a notebook PC,"Say-Ling Wen, Chaucer Chiu",https://patents.google.com/patent/US20030088764A1,US-6727920-B1,32106387,Multiple operating system quick boot utility,MICRON TECHNOLOGY INC,https://patents.google.com/patent/US6727920B1,PRS,Patent Register Service
US-2003-0093382-A1,18681164,Method for producing/selling book using network and producing/selling system,"Yasunori Himeno, Toshihiro Takagi, Toru Yagi",https://patents.google.com/patent/US20030093382A1,US-6157392-A,22382884,Animation packager for an on-line book,MICRON TECHNOLOGY INC,https://patents.google.com/patent/US6157392A,PRS,Patent Register Service
US-2003-0093658-A1,25533416,Method and system for starting a multiple PDA operating system through a menu,"Say-Ling Wen, Chuan-Cheng Chiu",https://patents.google.com/patent/US20030093658A1,US-6727920-B1,32106387,Multiple operating system quick boot utility,MICRON TECHNOLOGY INC,https://patents.google.com/patent/US6727920B1,PRS,Patent Register Service
US-2003-0126120-A1,27380179,System and method for multiple data sources to plug into a standardized interface for distributed deep search,"Yaroslav Faybishenko, Kan Gene H., Camarda Thomas J., Doolin David M., Steve Waterhouse, John Beatty",https://patents.google.com/patent/US20030126120A1,US-6763362-B2,25546405,Method and system for updating a search engine,MICRON TECHNOLOGY INC,https://patents.google.com/patent/US6763362B2,PRS,Patent Register Service
US-2003-0128231-A1,26826745,Dynamic path analysis,"Stephane Kasriel, Sara Swanson",https://patents.google.com/patent/US20030128231A1,US-6763362-B2,25546405,Method and system for updating a search engine,MICRON TECHNOLOGY INC,https://patents.google.com/patent/US6763362B2,PRS,Patent Register Service
US-2003-0128233-A1,26826742,Path-analysis toolbar,Stephane Kasriel,https://patents.google.com/patent/US20030128233A1,US-6763362-B2,25546405,Method and system for updating a search engine,MICRON TECHNOLOGY INC,https://patents.google.com/patent/US6763362B2,PRS,Patent Register Service
US-2003-0131097-A1,26826747,Interactive path analysis,"Stephane Kasriel, Sara Swanson",https://patents.google.com/patent/US20030131097A1,US-6763362-B2,25546405,Method and system for updating a search engine,MICRON TECHNOLOGY INC,https://patents.google.com/patent/US6763362B2,PRS,Patent Register Service
US-2003-0131106-A1,26826740,Web-page performance toolbar,Stephane Kasriel,https://patents.google.com/patent/US20030131106A1,US-6763362-B2,25546405,Method and system for updating a search engine,MICRON TECHNOLOGY INC,https://patents.google.com/patent/US6763362B2,PRS,Patent Register Service
US-2003-0149816-A1,27656670,Portable data storage and image recording device capable of direct connection to a computer USB port,"Poo Teng Pin, Kuan Mun Kwong",https://patents.google.com/patent/US20030149816A1,US-6766456-B1,32682653,Method and system for authenticating a user of a computer system,MICRON TECHNOLOGY INC,https://patents.google.com/patent/US6766456B1,PRS,Patent Register Service
US-2003-0158839-A1,27380116,System and method for determining relevancy of query responses in a distributed network search mechanism,"Yaroslav Faybishenko, Kan Gene H., Doolin David M., Steve Waterhouse, Sherif Botros",https://patents.google.com/patent/US20030158839A1,US-6763362-B2,25546405,Method and system for updating a search engine,MICRON TECHNOLOGY INC,https://patents.google.com/patent/US6763362B2,PRS,Patent Register Service
US-2003-0158917-A1,27732233,Modifying system configuration based on parameters received from an infrastructure,"Andrew Felix G.T.I., Ramig Randal J., Zeke Koch",https://patents.google.com/patent/US20030158917A1,US-6260140-B1,22747798,Operating system multi boot integrator,MICRON ELECTRONICS INC,https://patents.google.com/patent/US6260140B1,PRS,Patent Register Service
US-2003-0172109-A1,9907905,Trusted operating system,"Dalton Christoper I., Choo Tse Huong, Norman Andrew Patrick",https://patents.google.com/patent/US20030172109A1,US-6330669-B1,22744481,OS multi boot integrator,MICRON TECHNOLOGY INC,https://patents.google.com/patent/US6330669B1,PRS,Patent Register Service
US-2003-0174167-A1,28787344,System and apparatus for accessing and transporting electronic communications using a portable data storage device,"Poo Teng Pin, Low Kim Seah",https://patents.google.com/patent/US20030174167A1,US-6766456-B1,32682653,Method and system for authenticating a user of a computer system,MICRON TECHNOLOGY INC,https://patents.google.com/patent/US6766456B1,PRS,Patent Register Service
US-2003-0182546-A1,28035744,"Information device, storage medium, and system activation method",TOSHIBA KK,https://patents.google.com/patent/US20030182546A1,US-6727920-B1,32106387,Multiple operating system quick boot utility,MICRON TECHNOLOGY INC,https://patents.google.com/patent/US6727920B1,PRS,Patent Register Service
US-2003-0182556-A1,32867993,Method and system to secure a connection application for distribution to multiple end-users,"Singam Sunder, Jeff Edgett",https://patents.google.com/patent/US20030182556A1,US-6327707-B1,23257519,"Method, programmed medium and system for customizing pre-loaded software",MICRON TECHNOLOGY INC,https://patents.google.com/patent/US6327707B1,PRS,Patent Register Service
US-2003-0185373-A1,24153439,System and method for toll notification when placing a call,"Boughman Glenn Ralph, Kropenick Wendy Kay",https://patents.google.com/patent/US20030185373A1,US-6411693-B1,23905838,Long distance modem warning,MICRON TECHNOLGY INC,https://patents.google.com/patent/US6411693B1,PRS,Patent Register Service
US-2003-0188160-A1,32867995,Method and system to securely update files via a network,"Singam Sunder, Jeff Edgett",https://patents.google.com/patent/US20030188160A1,US-6327707-B1,23257519,"Method, programmed medium and system for customizing pre-loaded software",MICRON TECHNOLOGY INC,https://patents.google.com/patent/US6327707B1,PRS,Patent Register Service
US-2003-0202009-A1,29254330,Integration toolbar,Stephane Kasriel,https://patents.google.com/patent/US20030202009A1,US-6763362-B2,25546405,Method and system for updating a search engine,MICRON TECHNOLOGY INC,https://patents.google.com/patent/US6763362B2,PRS,Patent Register Service
US-2003-0217206-A1,29707928,System and apparatus for compressing and decompressing data stored to a portable data storage device,Poo Teng Pin,https://patents.google.com/patent/US20030217206A1,US-6766456-B1,32682653,Method and system for authenticating a user of a computer system,MICRON TECHNOLOGY INC,https://patents.google.com/patent/US6766456B1,PRS,Patent Register Service
US-2004-0015542-A1,30443637,Hypermedia management system,"Anonsen Steven P., Huck Jason Alan, Seefeldt Daniel Edward",https://patents.google.com/patent/US20040015542A1,US-2003-0105744-A1,25546405,Method and system for updating a search engine,Mckeeth Jim,https://patents.google.com/patent/US20030105744A1,PRS,Patent Register Service
US-2004-0015542-A1,30443637,Hypermedia management system,"Anonsen Steven P., Huck Jason Alan, Seefeldt Daniel Edward",https://patents.google.com/patent/US20040015542A1,US-6763362-B2,25546405,Method and system for updating a search engine,MICRON TECHNOLOGY INC,https://patents.google.com/patent/US6763362B2,PRS,Patent Register Service
US-2004-0017906-A1,30769805,Method of disconnecting a computer modem or other telephone enabled system from a telephone line to prevent unauthorized calls,EASTMAN KODAK CO,https://patents.google.com/patent/US20040017906A1,US-6411693-B1,23905838,Long distance modem warning,MICRON TECHNOLGY INC,https://patents.google.com/patent/US6411693B1,PRS,Patent Register Service
US-2004-0025031-A1,31493125,Method and apparatus of storage anti-piracy key encryption (SAKE) device to control data access for networks,"Ooi Chin Shyan Raymond, Lim Lay Chuan, Poo Teng Pin, Henry Tan",https://patents.google.com/patent/US20040025031A1,US-6766456-B1,32682653,Method and system for authenticating a user of a computer system,MICRON TECHNOLOGY INC,https://patents.google.com/patent/US6766456B1,PRS,Patent Register Service
US-2004-0034771-A1,31714640,Method and system for changing security information in a computer network,"Edgett Jeff Steven, Singam Sunder",https://patents.google.com/patent/US20040034771A1,US-6327707-B1,23257519,"Method, programmed medium and system for customizing pre-loaded software",MICRON TECHNOLOGY INC,https://patents.google.com/patent/US6327707B1,PRS,Patent Register Service
US-2004-0036709-A1,31887361,"System, method, and computer program product in a data processing system for registering with a service utilizing a graphical depiction of a process definition",IBM,https://patents.google.com/patent/US20040036709A1,US-6327707-B1,23257519,"Method, programmed medium and system for customizing pre-loaded software",MICRON TECHNOLOGY INC,https://patents.google.com/patent/US6327707B1,PRS,Patent Register Service
US-2004-0036713-A1,31887344,"System, method, and computer program product in a data processing system for defining a process by graphically guiding an example input through selected processing nodes",IBM,https://patents.google.com/patent/US20040036713A1,US-6327707-B1,23257519,"Method, programmed medium and system for customizing pre-loaded software",MICRON TECHNOLOGY INC,https://patents.google.com/patent/US6327707B1,PRS,Patent Register Service
US-2004-0059937-A1,31987054,"Apparatus, method and computer program for controlling use of a content",Takehiko Nakano,https://patents.google.com/patent/US20040059937A1,US-6327707-B1,23257519,"Method, programmed medium and system for customizing pre-loaded software",MICRON TECHNOLOGY INC,https://patents.google.com/patent/US6327707B1,PRS,Patent Register Service
US-2004-0059997-A1,31992561,Systems and methods for displaying statistical information on a web page,MYFAMILY COM INC,https://patents.google.com/patent/US20040059997A1,US-2003-0105744-A1,25546405,Method and system for updating a search engine,Mckeeth Jim,https://patents.google.com/patent/US20030105744A1,PRS,Patent Register Service
US-2004-0059997-A1,31992561,Systems and methods for displaying statistical information on a web page,MYFAMILY COM INC,https://patents.google.com/patent/US20040059997A1,US-2005-0015394-A1,25546405,Method and system for updating a search engine,Mckeeth Jim,https://patents.google.com/patent/US20050015394A1,PRS,Patent Register Service
US-2004-0059997-A1,31992561,Systems and methods for displaying statistical information on a web page,MYFAMILY COM INC,https://patents.google.com/patent/US20040059997A1,US-6763362-B2,25546405,Method and system for updating a search engine,MICRON TECHNOLOGY INC,https://patents.google.com/patent/US6763362B2,PRS,Patent Register Service
US-2004-0068693-A1,24242017,Client side form filler that populates form fields based on analyzing visible field labels and visible display format hints without previous examination or mapping of the form,"Jai Rawat, Bhatia Ajoy Kumar, Zissimopoulos Vasileios ?Quot;Bill?Quot;",https://patents.google.com/patent/US20040068693A1,US-6327707-B1,23257519,"Method, programmed medium and system for customizing pre-loaded software",MICRON TECHNOLOGY INC,https://patents.google.com/patent/US6327707B1,PRS,Patent Register Service
US-2004-0070689-A1,32063522,"Image processing method, image processing apparatus, and printing apparatus",CANON KK,https://patents.google.com/patent/US20040070689A1,US-6157392-A,22382884,Animation packager for an on-line book,MICRON TECHNOLOGY INC,https://patents.google.com/patent/US6157392A,PRS,Patent Register Service
US-2004-0130551-A1,22382884,Animation packager for an on-line book,Mckeeth James A.,https://patents.google.com/patent/US20040130551A1,US-6157392-A,22382884,Animation packager for an on-line book,MICRON TECHNOLOGY INC,https://patents.google.com/patent/US6157392A,PRS,Patent Register Service
US-2004-0130551-A1,22382884,Animation packager for an on-line book,Mckeeth James A.,https://patents.google.com/patent/US20040130551A1,US-6219069-B1,22383812,Method for generating animation in an on-line book,MICRON ELECTRONICS INC,https://patents.google.com/patent/US6219069B1,PRS,Patent Register Service
US-2004-0130551-A1,22382884,Animation packager for an on-line book,Mckeeth James A.,https://patents.google.com/patent/US20040130551A1,US-6483512-B1,22382884,Animation packager for an on-line book,MICRON TECHNOLOGY INC,https://patents.google.com/patent/US6483512B1,PRS,Patent Register Service
US-2004-0130551-A1,22382884,Animation packager for an on-line book,Mckeeth James A.,https://patents.google.com/patent/US20040130551A1,US-6661419-B2,22382884,Animation packager for an on-line book,MICRON TECHNOLOGY INC,https://patents.google.com/patent/US6661419B2,PRS,Patent Register Service
US-2004-0133629-A1,32682577,"Methods, systems and devices for automated web publishing and distribution","Brian Reynolds, Barr Frank Stewart",https://patents.google.com/patent/US20040133629A1,US-6219069-B1,22383812,Method for generating animation in an on-line book,MICRON ELECTRONICS INC,https://patents.google.com/patent/US6219069B1,PRS,Patent Register Service
US-2004-0139255-A1,20428793,Portable data storage device,CHENG CHONG SENG,https://patents.google.com/patent/US20040139255A1,US-6766456-B1,32682653,Method and system for authenticating a user of a computer system,MICRON TECHNOLOGY INC,https://patents.google.com/patent/US6766456B1,PRS,Patent Register Service
US-2004-0153641-A1,9910287,Computer system manager,Gordon Ritchie,https://patents.google.com/patent/US20040153641A1,US-6727920-B1,32106387,Multiple operating system quick boot utility,MICRON TECHNOLOGY INC,https://patents.google.com/patent/US6727920B1,PRS,Patent Register Service
US-2004-0177193-A1,27663461,Multiple operating system control method,"Hiroshi Ohno, Tomoaki Nakamura, Shigenori Kaneko, Ryokichi Yoshizawa, Naoshi Kato, Manabu Yamauchi, Toshiaki Arai, Tomoki Sekiguchi",https://patents.google.com/patent/US20040177193A1,US-6330669-B1,22744481,OS multi boot integrator,MICRON TECHNOLOGY INC,https://patents.google.com/patent/US6330669B1,PRS,Patent Register Service
US-2004-0184418-A1,7696800,Arrangement for the wireless connection of terminals to a communication system,"Gerhard Benning, Josef Klein",https://patents.google.com/patent/US20040184418A1,US-7188175-B1,37807256,Method and system for communicating between clients in a computer network,WEB COM INC,https://patents.google.com/patent/US7188175B1,PRS,Patent Register Service
US-2004-0186725-A1,32821370,Apparatus and method for preventing unauthorized use of an information processing device,NEC CORP,https://patents.google.com/patent/US20040186725A1,US-6411693-B1,23905838,Long distance modem warning,MICRON TECHNOLGY INC,https://patents.google.com/patent/US6411693B1,PRS,Patent Register Service
US-2004-0225762-A1,20428963,Method and devices for data transfer,Poo Teng Pin,https://patents.google.com/patent/US20040225762A1,US-6766456-B1,32682653,Method and system for authenticating a user of a computer system,MICRON TECHNOLOGY INC,https://patents.google.com/patent/US6766456B1,PRS,Patent Register Service
US-2004-0234049-A1,46301166,Telephone calling interface,John Melideo,https://patents.google.com/patent/US20040234049A1,US-7188175-B1,37807256,Method and system for communicating between clients in a computer network,WEB COM INC,https://patents.google.com/patent/US7188175B1,PRS,Patent Register Service
US-2004-0234049-A1,46301166,Telephone calling interface,John Melideo,https://patents.google.com/patent/US20040234049A1,US-7509428-B2,37807256,Method and system for communicating between clients in a computer network,WEB COM INC,https://patents.google.com/patent/US7509428B2,PRS,Patent Register Service
US-2004-0238630-A1,32511085,Systems and methods for determining an authorization threshold,"Cassandra Mollett, Bethscheider Alan Jay, Brauckman Susan Diane, Walker David A., Smith David Wayne",https://patents.google.com/patent/US20040238630A1,US-6766456-B1,32682653,Method and system for authenticating a user of a computer system,MICRON TECHNOLOGY INC,https://patents.google.com/patent/US6766456B1,PRS,Patent Register Service
US-2004-0249998-A1,33511799,Uploading TCP frame data to user buffers and buffers in system memory,"Anand Rajagopalan, Radoslav Danilak, Gyugyi Paul J., Jha Ashutosh K., Maufer Thomas A., Sameer Nanda, Sidenblad Paul J.",https://patents.google.com/patent/US20040249998A1,US-6330669-B1,22744481,OS multi boot integrator,MICRON TECHNOLOGY INC,https://patents.google.com/patent/US6330669B1,PRS,Patent Register Service
US-2004-0267721-A1,33540846,Normalizing document metadata using directory services,"Dmitriy Meyerzon, Obata Kenji C.",https://patents.google.com/patent/US20040267721A1,US-6763362-B2,25546405,Method and system for updating a search engine,MICRON TECHNOLOGY INC,https://patents.google.com/patent/US6763362B2,PRS,Patent Register Service
US-2005-0010823-A1,33564164,Apparatus and method for analysis of conversational patterns to position information and autonomic access control list management,IBM,https://patents.google.com/patent/US20050010823A1,US-2005-0022005-A1,32682653,System and method for controlling user access to an electronic device,Mckeeth James,https://patents.google.com/patent/US20050022005A1,PRS,Patent Register Service
US-2005-0015394-A1,25546405,Method and system for updating a search engine,Mckeeth Jim,https://patents.google.com/patent/US20050015394A1,US-6763362-B2,25546405,Method and system for updating a search engine,MICRON TECHNOLOGY INC,https://patents.google.com/patent/US6763362B2,PRS,Patent Register Service
US-2005-0021411-A1,34080145,Product code availability,"Anderson Glen J., Kroening James L.",https://patents.google.com/patent/US20050021411A1,US-6327707-B1,23257519,"Method, programmed medium and system for customizing pre-loaded software",MICRON TECHNOLOGY INC,https://patents.google.com/patent/US6327707B1,PRS,Patent Register Service
US-2005-0021960-A1,32682653,Method and system for authenticating a user of a computer system,Mckeeth James,https://patents.google.com/patent/US20050021960A1,US-2005-0044382-A1,32682653,System and method for user authentication,Mckeeth James,https://patents.google.com/patent/US20050044382A1,PRS,Patent Register Service
US-2005-0021960-A1,32682653,Method and system for authenticating a user of a computer system,Mckeeth James,https://patents.google.com/patent/US20050021960A1,US-6766456-B1,32682653,Method and system for authenticating a user of a computer system,MICRON TECHNOLOGY INC,https://patents.google.com/patent/US6766456B1,PRS,Patent Register Service
US-2005-0022005-A1,32682653,System and method for controlling user access to an electronic device,Mckeeth James,https://patents.google.com/patent/US20050022005A1,US-2005-0021960-A1,32682653,Method and system for authenticating a user of a computer system,Mckeeth James,https://patents.google.com/patent/US20050021960A1,PRS,Patent Register Service
US-2005-0022005-A1,32682653,System and method for controlling user access to an electronic device,Mckeeth James,https://patents.google.com/patent/US20050022005A1,US-2005-0044382-A1,32682653,System and method for user authentication,Mckeeth James,https://patents.google.com/patent/US20050044382A1,PRS,Patent Register Service
US-2005-0022005-A1,32682653,System and method for controlling user access to an electronic device,Mckeeth James,https://patents.google.com/patent/US20050022005A1,US-6766456-B1,32682653,Method and system for authenticating a user of a computer system,MICRON TECHNOLOGY INC,https://patents.google.com/patent/US6766456B1,PRS,Patent Register Service
US-2005-0033621-A1,34116203,"Systems, methods, and computer program products for storing and retrieving product availability information from a storage cache",TRAVELOCITY COM LP,https://patents.google.com/patent/US20050033621A1,US-2003-0105744-A1,25546405,Method and system for updating a search engine,Mckeeth Jim,https://patents.google.com/patent/US20030105744A1,PRS,Patent Register Service
US-2005-0044359-A1,33435260,Anti-piracy software protection system and method,"Thomas Eriksson, Jurgen Wenzel, Tobias Karlsson",https://patents.google.com/patent/US20050044359A1,US-6327707-B1,23257519,"Method, programmed medium and system for customizing pre-loaded software",MICRON TECHNOLOGY INC,https://patents.google.com/patent/US6327707B1,PRS,Patent Register Service
US-2005-0044382-A1,32682653,System and method for user authentication,Mckeeth James,https://patents.google.com/patent/US20050044382A1,US-2005-0021960-A1,32682653,Method and system for authenticating a user of a computer system,Mckeeth James,https://patents.google.com/patent/US20050021960A1,PRS,Patent Register Service
US-2005-0044382-A1,32682653,System and method for user authentication,Mckeeth James,https://patents.google.com/patent/US20050044382A1,US-2005-0022005-A1,32682653,System and method for controlling user access to an electronic device,Mckeeth James,https://patents.google.com/patent/US20050022005A1,PRS,Patent Register Service
US-2005-0044382-A1,32682653,System and method for user authentication,Mckeeth James,https://patents.google.com/patent/US20050044382A1,US-6766456-B1,32682653,Method and system for authenticating a user of a computer system,MICRON TECHNOLOGY INC,https://patents.google.com/patent/US6766456B1,PRS,Patent Register Service
US-2005-0050313-A1,34215151,Method of turning on a computer,"Yi-Chang Chen, Chih-Hsuan Wu",https://patents.google.com/patent/US20050050313A1,US-6727920-B1,32106387,Multiple operating system quick boot utility,MICRON TECHNOLOGY INC,https://patents.google.com/patent/US6727920B1,PRS,Patent Register Service
US-2005-0066337-A1,34317492,Portable operating environment,Carmody Quinn,https://patents.google.com/patent/US20050066337A1,US-6260140-B1,22747798,Operating system multi boot integrator,MICRON ELECTRONICS INC,https://patents.google.com/patent/US6260140B1,PRS,Patent Register Service
US-2005-0097013-A1,34636017,"System and method of managing registration, sale, distribution and use of regulated agricultural products and the licensing/certification of dealers and applicators of agricultural products","Kelly J. K., Edmondson Peter S.",https://patents.google.com/patent/US20050097013A1,US-6327707-B1,23257519,"Method, programmed medium and system for customizing pre-loaded software",MICRON TECHNOLOGY INC,https://patents.google.com/patent/US6327707B1,PRS,Patent Register Service
US-2005-0104886-A1,34573682,System and method for sequencing media objects,Sumita Rao,https://patents.google.com/patent/US20050104886A1,US-6157392-A,22382884,Animation packager for an on-line book,MICRON TECHNOLOGY INC,https://patents.google.com/patent/US6157392A,PRS,Patent Register Service
US-2005-0104886-A1,34573682,System and method for sequencing media objects,Sumita Rao,https://patents.google.com/patent/US20050104886A1,US-6219069-B1,22383812,Method for generating animation in an on-line book,MICRON ELECTRONICS INC,https://patents.google.com/patent/US6219069B1,PRS,Patent Register Service
US-2005-0125250-A1,34636017,"System and method of managing registration, sale, distribution and use of regulated agricultural products and the licensing/certification of dealers and applicators of agricultural products","Kelly J. K., Edmondson Peter S.",https://patents.google.com/patent/US20050125250A1,US-6327707-B1,23257519,"Method, programmed medium and system for customizing pre-loaded software",MICRON TECHNOLOGY INC,https://patents.google.com/patent/US6327707B1,PRS,Patent Register Service
US-2005-0144193-A1,34426887,Systems and methods for determining document freshness,Monika Henzinger,https://patents.google.com/patent/US20050144193A1,US-2003-0105744-A1,25546405,Method and system for updating a search engine,Mckeeth Jim,https://patents.google.com/patent/US20030105744A1,PRS,Patent Register Service
US-2005-0149388-A1,34710967,Method and system for placing advertisements based on selection of links that are not prominently displayed,Scholl Nathaniel B.,https://patents.google.com/patent/US20050149388A1,US-6763362-B2,25546405,Method and system for updating a search engine,MICRON TECHNOLOGY INC,https://patents.google.com/patent/US6763362B2,PRS,Patent Register Service
US-2005-0149390-A1,34710980,Method and system for generating and placing keyword-targeted advertisements,"Scholl Nathaniel B., Joanna Power, Deneui Alexander",https://patents.google.com/patent/US20050149390A1,US-6763362-B2,25546405,Method and system for updating a search engine,MICRON TECHNOLOGY INC,https://patents.google.com/patent/US6763362B2,PRS,Patent Register Service
US-2005-0155031-A1,34743067,"Changed file identification, software conflict resolution and unwanted file removal",MICROSOFT CORP,https://patents.google.com/patent/US20050155031A1,US-2003-0105744-A1,25546405,Method and system for updating a search engine,Mckeeth Jim,https://patents.google.com/patent/US20030105744A1,PRS,Patent Register Service
US-2005-0165718-A1,34795343,Pipelined architecture for global analysis and index building,"Fontoura Marcus F., Reiner Kraft, Leung Tony K., Mcpherson John A.Jr., Andreas Neumann, Runping Qi, Sridhar Rajagopalan, Shekita Eugene J., Zien Jason Y.",https://patents.google.com/patent/US20050165718A1,US-6763362-B2,25546405,Method and system for updating a search engine,MICRON TECHNOLOGY INC,https://patents.google.com/patent/US6763362B2,PRS,Patent Register Service
US-2005-0165781-A1,34795353,"Method, system, and program for handling anchor text","Reiner Kraft, Andreas Neumann",https://patents.google.com/patent/US20050165781A1,US-6763362-B2,25546405,Method and system for updating a search engine,MICRON TECHNOLOGY INC,https://patents.google.com/patent/US6763362B2,PRS,Patent Register Service
US-2005-0165800-A1,34795342,"Method, system, and program for handling redirects in a search engine","Fontoura Marcus F., Andreas Neumann, Runping Qi, Shekita Eugene J.",https://patents.google.com/patent/US20050165800A1,US-6763362-B2,25546405,Method and system for updating a search engine,MICRON TECHNOLOGY INC,https://patents.google.com/patent/US6763362B2,PRS,Patent Register Service
US-2005-0165838-A1,34795352,Architecture for an indexer,"Fontoura Marcus F., Andreas Neumann, Sridhar Rajagopalan, Shekita Eugene J., Zien Jason Y.",https://patents.google.com/patent/US20050165838A1,US-6763362-B2,25546405,Method and system for updating a search engine,MICRON TECHNOLOGY INC,https://patents.google.com/patent/US6763362B2,PRS,Patent Register Service
US-2005-0168485-A1,34807682,System for combining a sequence of images with computer-generated 3D graphics,Nattress Thomas G.,https://patents.google.com/patent/US20050168485A1,US-2003-0052884-A1,22382884,Animation packager for an on-line book,Mckeeth James A.,https://patents.google.com/patent/US20030052884A1,PRS,Patent Register Service
US-2005-0174324-A1,34527950,User interface devices and methods employing accelerometers,HILLCREST COMMUNICATIONS INC,https://patents.google.com/patent/US20050174324A1,US-6766456-B1,32682653,Method and system for authenticating a user of a computer system,MICRON TECHNOLOGY INC,https://patents.google.com/patent/US6766456B1,PRS,Patent Register Service
US-2005-0182962-A1,34840579,Computer security peripheral,"Paul Given, Farleigh Scott E.",https://patents.google.com/patent/US20050182962A1,US-6766456-B1,32682653,Method and system for authenticating a user of a computer system,MICRON TECHNOLOGY INC,https://patents.google.com/patent/US6766456B1,PRS,Patent Register Service
US-2005-0183095-A1,27667533,"Information processing apparatus, method for controlling information processing apparatus, and strorage medium storing program for realizing the method",CANON KK,https://patents.google.com/patent/US20050183095A1,US-6727920-B1,32106387,Multiple operating system quick boot utility,MICRON TECHNOLOGY INC,https://patents.google.com/patent/US6727920B1,PRS,Patent Register Service
US-2005-0198268-A1,34860848,Network traffic monitoring for search popularity analysis,Rohit Chandra,https://patents.google.com/patent/US20050198268A1,US-2003-0105744-A1,25546405,Method and system for updating a search engine,Mckeeth Jim,https://patents.google.com/patent/US20030105744A1,PRS,Patent Register Service
US-2005-0198268-A1,34860848,Network traffic monitoring for search popularity analysis,Rohit Chandra,https://patents.google.com/patent/US20050198268A1,US-6763362-B2,25546405,Method and system for updating a search engine,MICRON TECHNOLOGY INC,https://patents.google.com/patent/US6763362B2,PRS,Patent Register Service
US-2005-0204036-A1,34923157,Service quality monitoring process,IPASS INC,https://patents.google.com/patent/US20050204036A1,US-6327707-B1,23257519,"Method, programmed medium and system for customizing pre-loaded software",MICRON TECHNOLOGY INC,https://patents.google.com/patent/US6327707B1,PRS,Patent Register Service
US-2005-0213603-A1,34961961,Four layer architecture for network device drivers,"KARIGHATTAM KISHORE, PADIYAR PRASAD P, VASUDEVA HARISH",https://patents.google.com/patent/US20050213603A1,US-6260140-B1,22747798,Operating system multi boot integrator,MICRON ELECTRONICS INC,https://patents.google.com/patent/US6260140B1,PRS,Patent Register Service
US-2005-0256841-A1,24242017,Method and system of implementing recorded data for automating internet interactions,"RAWAT JAI, PALNITKAR SAMIR",https://patents.google.com/patent/US20050256841A1,US-6327707-B1,23257519,"Method, programmed medium and system for customizing pre-loaded software",MICRON TECHNOLOGY INC,https://patents.google.com/patent/US6327707B1,PRS,Patent Register Service
US-2005-0256848-A1,35310582,System and method for user rank search,IBM,https://patents.google.com/patent/US20050256848A1,US-2003-0105744-A1,25546405,Method and system for updating a search engine,Mckeeth Jim,https://patents.google.com/patent/US20030105744A1,PRS,Patent Register Service
US-2005-0274797-A1,32511085,Systems and methods for determining an authorization,"MOLLETT CASSANDRA, BETHSCHEIDER ALAN J, BRAUCKMAN SUSAN D, WALKER DAVID A, SMITH DAVID W",https://patents.google.com/patent/US20050274797A1,US-6766456-B1,32682653,Method and system for authenticating a user of a computer system,MICRON TECHNOLOGY INC,https://patents.google.com/patent/US6766456B1,PRS,Patent Register Service
US-2005-0278725-A1,35462027,"Service search apparatus, service search method, and service search program","KAWAMURA TAKAHIRO, HASEGAWA TETSUO",https://patents.google.com/patent/US20050278725A1,US-2003-0105744-A1,25546405,Method and system for updating a search engine,Mckeeth Jim,https://patents.google.com/patent/US20030105744A1,PRS,Patent Register Service
US-2006-0010194-A1,35542628,"Document data managing apparatus, document data management method, and computer product",FUJITSU LTD,https://patents.google.com/patent/US20060010194A1,US-2005-0015394-A1,25546405,Method and system for updating a search engine,Mckeeth Jim,https://patents.google.com/patent/US20050015394A1,PRS,Patent Register Service
US-2006-0017736-A1,22382884,Animation packager for an on-line book,MCKEETH JAMES A,https://patents.google.com/patent/US20060017736A1,US-2003-0052884-A1,22382884,Animation packager for an on-line book,Mckeeth James A.,https://patents.google.com/patent/US20030052884A1,PRS,Patent Register Service
US-2006-0017736-A1,22382884,Animation packager for an on-line book,MCKEETH JAMES A,https://patents.google.com/patent/US20060017736A1,US-2004-0130551-A1,22382884,Animation packager for an on-line book,Mckeeth James A.,https://patents.google.com/patent/US20040130551A1,PRS,Patent Register Service
US-2006-0017736-A1,22382884,Animation packager for an on-line book,MCKEETH JAMES A,https://patents.google.com/patent/US20060017736A1,US-6157392-A,22382884,Animation packager for an on-line book,MICRON TECHNOLOGY INC,https://patents.google.com/patent/US6157392A,PRS,Patent Register Service
US-2006-0017736-A1,22382884,Animation packager for an on-line book,MCKEETH JAMES A,https://patents.google.com/patent/US20060017736A1,US-6219069-B1,22383812,Method for generating animation in an on-line book,MICRON ELECTRONICS INC,https://patents.google.com/patent/US6219069B1,PRS,Patent Register Service
US-2006-0017736-A1,22382884,Animation packager for an on-line book,MCKEETH JAMES A,https://patents.google.com/patent/US20060017736A1,US-6483512-B1,22382884,Animation packager for an on-line book,MICRON TECHNOLOGY INC,https://patents.google.com/patent/US6483512B1,PRS,Patent Register Service
US-2006-0017736-A1,22382884,Animation packager for an on-line book,MCKEETH JAMES A,https://patents.google.com/patent/US20060017736A1,US-6661419-B2,22382884,Animation packager for an on-line book,MICRON TECHNOLOGY INC,https://patents.google.com/patent/US6661419B2,PRS,Patent Register Service
US-2006-0017736-A1,22382884,Animation packager for an on-line book,MCKEETH JAMES A,https://patents.google.com/patent/US20060017736A1,US-7053899-B2,22382884,Animation packager for an on-line book,MICRON TECHNOLOGY INC,https://patents.google.com/patent/US7053899B2,PRS,Patent Register Service
US-2006-0036400-A1,26826738,Web-site performance analysis system and method of providing a web-site performance analysis service,"KASRIEL STEPHANE, SWANSON SARA, MANN WALTER",https://patents.google.com/patent/US20060036400A1,US-6763362-B2,25546405,Method and system for updating a search engine,MICRON TECHNOLOGY INC,https://patents.google.com/patent/US6763362B2,PRS,Patent Register Service
US-2006-0041536-A1,35908078,Method and system for identifying keywords for use in placing keyword-targeted advertisements,"SCHOLL NATHANIEL B, DENEUI ALEXANDER W",https://patents.google.com/patent/US20060041536A1,US-6763362-B2,25546405,Method and system for updating a search engine,MICRON TECHNOLOGY INC,https://patents.google.com/patent/US6763362B2,PRS,Patent Register Service
US-2006-0041606-A1,33042308,Indexing system for a computer file store,FUJITSU SERV LTD,https://patents.google.com/patent/US20060041606A1,US-6763362-B2,25546405,Method and system for updating a search engine,MICRON TECHNOLOGY INC,https://patents.google.com/patent/US6763362B2,PRS,Patent Register Service
US-2006-0047940-A1,35944840,Computer multi-buttons booting system and method,"CHIU CHAUCER, HUANG AMOS",https://patents.google.com/patent/US20060047940A1,US-6727920-B1,32106387,Multiple operating system quick boot utility,MICRON TECHNOLOGY INC,https://patents.google.com/patent/US6727920B1,PRS,Patent Register Service
US-2006-0058658-A1,36035038,Communications between co-located operating systems for medical diagnostic ultrasound and other systems,SIEMENS MEDICAL SOLUTIONS,https://patents.google.com/patent/US20060058658A1,US-6260140-B1,22747798,Operating system multi boot integrator,MICRON ELECTRONICS INC,https://patents.google.com/patent/US6260140B1,PRS,Patent Register Service
US-2006-0074871-A1,35478739,System and method for incorporating anchor text into ranking search results,MICROSOFT CORP,https://patents.google.com/patent/US20060074871A1,US-6763362-B2,25546405,Method and system for updating a search engine,MICRON TECHNOLOGY INC,https://patents.google.com/patent/US6763362B2,PRS,Patent Register Service
US-2006-0074903-A1,35561746,System and method for ranking search results using click distance,MICROSOFT CORP,https://patents.google.com/patent/US20060074903A1,US-6763362-B2,25546405,Method and system for updating a search engine,MICRON TECHNOLOGY INC,https://patents.google.com/patent/US6763362B2,PRS,Patent Register Service
US-2006-0095513-A1,30443637,Hypermedia management system,MICROSOFT CORP,https://patents.google.com/patent/US20060095513A1,US-2003-0105744-A1,25546405,Method and system for updating a search engine,Mckeeth Jim,https://patents.google.com/patent/US20030105744A1,PRS,Patent Register Service
US-2006-0095513-A1,30443637,Hypermedia management system,MICROSOFT CORP,https://patents.google.com/patent/US20060095513A1,US-6763362-B2,25546405,Method and system for updating a search engine,MICRON TECHNOLOGY INC,https://patents.google.com/patent/US6763362B2,PRS,Patent Register Service
US-2006-0095768-A1,36263542,Data communication method and system,"HOSHINO KAZUYOSHI, TAKEUCHI KEISUKE, TAKATA OSAMU, KAJI TADASHI, FUJISHIRO TAKAHIRO",https://patents.google.com/patent/US20060095768A1,US-7188175-B1,37807256,Method and system for communicating between clients in a computer network,WEB COM INC,https://patents.google.com/patent/US7188175B1,PRS,Patent Register Service
US-2006-0101275-A1,36317726,Presence sensing information security,IBM,https://patents.google.com/patent/US20060101275A1,US-2005-0044382-A1,32682653,System and method for user authentication,Mckeeth James,https://patents.google.com/patent/US20050044382A1,PRS,Patent Register Service
US-2006-0101275-A1,36317726,Presence sensing information security,IBM,https://patents.google.com/patent/US20060101275A1,US-6766456-B1,32682653,Method and system for authenticating a user of a computer system,MICRON TECHNOLOGY INC,https://patents.google.com/patent/US6766456B1,PRS,Patent Register Service
US-2006-0123134-A1,26803485,Agile network protocol for secure communications with assured system availability,SCIENCE APPLIC INT CORP,https://patents.google.com/patent/US20060123134A1,US-7188175-B1,37807256,Method and system for communicating between clients in a computer network,WEB COM INC,https://patents.google.com/patent/US7188175B1,PRS,Patent Register Service
US-2006-0130000-A1,14236674,System and method for operating systems,"MIYAO TAKESHI, KASASHIMA HIROKAZU, NAKAMURA TOMOAKI, OHNO HIROSHI, KAMIWAKI TADASHI, SAITO MASAHIKO, INOUE TARO",https://patents.google.com/patent/US20060130000A1,US-6330669-B1,22744481,OS multi boot integrator,MICRON TECHNOLOGY INC,https://patents.google.com/patent/US6330669B1,PRS,Patent Register Service
US-2006-0136411-A1,36597373,Ranking search results using feature extraction,MICROSOFT CORP,https://patents.google.com/patent/US20060136411A1,US-6763362-B2,25546405,Method and system for updating a search engine,MICRON TECHNOLOGY INC,https://patents.google.com/patent/US6763362B2,PRS,Patent Register Service
US-2006-0149956-A1,36642048,Instant-on computer system and method for instantly booting a computer system,MITAC TECHNOLOGY CORP,https://patents.google.com/patent/US20060149956A1,US-2004-0210848-A1,32106387,Multiple operating system quick boot utility,"Vineyard James L., Mckeeth James A.",https://patents.google.com/patent/US20040210848A1,PRS,Patent Register Service
US-2006-0149956-A1,36642048,Instant-on computer system and method for instantly booting a computer system,MITAC TECHNOLOGY CORP,https://patents.google.com/patent/US20060149956A1,US-6727920-B1,32106387,Multiple operating system quick boot utility,MICRON TECHNOLOGY INC,https://patents.google.com/patent/US6727920B1,PRS,Patent Register Service
US-2006-0149956-A1,36642048,Instant-on computer system and method for instantly booting a computer system,MITAC TECHNOLOGY CORP,https://patents.google.com/patent/US20060149956A1,US-7533350-B2,32106387,Multiple operating system quick boot utility,MICRON TECHNOLOGY INC,https://patents.google.com/patent/US7533350B2,PRS,Patent Register Service
US-2006-0155605-A1,31993951,Rich media personal selling system,"HAIGHTON PETER, MCLEOD DONALD G, ROOYEN HENRI V",https://patents.google.com/patent/US20060155605A1,US-6661419-B2,22382884,Animation packager for an on-line book,MICRON TECHNOLOGY INC,https://patents.google.com/patent/US6661419B2,PRS,Patent Register Service
US-2006-0156028-A1,36010916,"Security management method, program, and information device",FUJITSU LTD,https://patents.google.com/patent/US20060156028A1,US-2005-0044382-A1,32682653,System and method for user authentication,Mckeeth James,https://patents.google.com/patent/US20050044382A1,PRS,Patent Register Service
US-2006-0167852-A1,36698129,System and method for improving online search engine results,YAHOO INC,https://patents.google.com/patent/US20060167852A1,US-2005-0015394-A1,25546405,Method and system for updating a search engine,Mckeeth Jim,https://patents.google.com/patent/US20050015394A1,PRS,Patent Register Service
US-2006-0167854-A1,46321889,System and method for improving online search engine results,"DISSETT DANIEL P, BORKOVSKY ARKADY, CARSON CHARLES C JR",https://patents.google.com/patent/US20060167854A1,US-2005-0015394-A1,25546405,Method and system for updating a search engine,Mckeeth Jim,https://patents.google.com/patent/US20050015394A1,PRS,Patent Register Service
US-2006-0176501-A1,33027892,Image transmission apparatus,"YOSHIURA SYOUICHIROU, OKAMOTO YUJI, FUJIWARA KATSUYOSHI, UEDA NAOFUMI",https://patents.google.com/patent/US20060176501A1,US-6411693-B1,23905838,Long distance modem warning,MICRON TECHNOLGY INC,https://patents.google.com/patent/US6411693B1,PRS,Patent Register Service
US-2006-0178952-A1,26852399,Enhancing Touch and Feel on the Internet,HARRIS SCOTT C,https://patents.google.com/patent/US20060178952A1,US-6661419-B2,22382884,Animation packager for an on-line book,MICRON TECHNOLOGY INC,https://patents.google.com/patent/US6661419B2,PRS,Patent Register Service
US-2006-0179295-A1,36781274,Multiple system image options selective booting method and interface,INVENTEC CORP,https://patents.google.com/patent/US20060179295A1,US-2004-0210848-A1,32106387,Multiple operating system quick boot utility,"Vineyard James L., Mckeeth James A.",https://patents.google.com/patent/US20040210848A1,PRS,Patent Register Service
US-2006-0190106-A1,38326968,Method for consistent storage of data in an industrial controller,ROCKWELL AUTOMATION TECH INC,https://patents.google.com/patent/US20060190106A1,US-6260140-B1,22747798,Operating system multi boot integrator,MICRON ELECTRONICS INC,https://patents.google.com/patent/US6260140B1,PRS,Patent Register Service
US-2006-0190106-A1,38326968,Method for consistent storage of data in an industrial controller,ROCKWELL AUTOMATION TECH INC,https://patents.google.com/patent/US20060190106A1,US-6727920-B1,32106387,Multiple operating system quick boot utility,MICRON TECHNOLOGY INC,https://patents.google.com/patent/US6727920B1,PRS,Patent Register Service
US-2006-0190408-A1,36914019,System and method for customized bundled license generation,"COOK JOHANNA M, MAGEE ERICH S, PATEL HIRENKUMAR I",https://patents.google.com/patent/US20060190408A1,US-6327707-B1,23257519,"Method, programmed medium and system for customizing pre-loaded software",MICRON TECHNOLOGY INC,https://patents.google.com/patent/US6327707B1,PRS,Patent Register Service
US-2006-0190623-A1,25411614,Method and system for providing static addresses for Internet connected devices even if the underlying address is dynamic,STAHURA PAUL,https://patents.google.com/patent/US20060190623A1,US-7188175-B1,37807256,Method and system for communicating between clients in a computer network,WEB COM INC,https://patents.google.com/patent/US7188175B1,PRS,Patent Register Service
US-2006-0200419-A1,36945237,System and method for user role based product license generation,"COOK JOHANNA M, MAGEE ERICH S, PATEL HIRENKUMAR I",https://patents.google.com/patent/US20060200419A1,US-6327707-B1,23257519,"Method, programmed medium and system for customizing pre-loaded software",MICRON TECHNOLOGY INC,https://patents.google.com/patent/US6327707B1,PRS,Patent Register Service
US-2006-0200628-A1,20428793,Portable data storage device,"CHENG CHONG S, POO TENG P",https://patents.google.com/patent/US20060200628A1,US-6766456-B1,32682653,Method and system for authenticating a user of a computer system,MICRON TECHNOLOGY INC,https://patents.google.com/patent/US6766456B1,PRS,Patent Register Service
US-2006-0212265-A1,37002710,Method and system for assessing quality of search engines,IBM,https://patents.google.com/patent/US20060212265A1,US-2003-0105744-A1,25546405,Method and system for updating a search engine,Mckeeth Jim,https://patents.google.com/patent/US20030105744A1,PRS,Patent Register Service
US-2006-0218055-A1,26852399,Enhancing Touch and Feel on the Internet,HARRIS SCOTT C,https://patents.google.com/patent/US20060218055A1,US-6661419-B2,22382884,Animation packager for an on-line book,MICRON TECHNOLOGY INC,https://patents.google.com/patent/US6661419B2,PRS,Patent Register Service
US-2006-0224592-A1,36581869,Crawling databases for information,MICROSOFT CORP,https://patents.google.com/patent/US20060224592A1,US-6763362-B2,25546405,Method and system for updating a search engine,MICRON TECHNOLOGY INC,https://patents.google.com/patent/US6763362B2,PRS,Patent Register Service
US-2006-0229952-A1,37036345,Enhancing Touch and Feel on the Internet,HARRIS SCOTT C,https://patents.google.com/patent/US20060229952A1,US-6661419-B2,22382884,Animation packager for an on-line book,MICRON TECHNOLOGY INC,https://patents.google.com/patent/US6661419B2,PRS,Patent Register Service
US-2006-0230203-A1,20428793,A portable data storage device having a secure mode of operation,TREK TECHNOLOGY SINGAPORE PTE,https://patents.google.com/patent/US20060230203A1,US-6766456-B1,32682653,Method and system for authenticating a user of a computer system,MICRON TECHNOLOGY INC,https://patents.google.com/patent/US6766456B1,PRS,Patent Register Service
US-2006-0230397-A1,37084520,Method for third-party registration of software components,"COOK JOHANNA M, MAGEE ERICH S, PATEL HIRENKUMAR I",https://patents.google.com/patent/US20060230397A1,US-6327707-B1,23257519,"Method, programmed medium and system for customizing pre-loaded software",MICRON TECHNOLOGY INC,https://patents.google.com/patent/US6327707B1,PRS,Patent Register Service
US-2006-0246876-A1,37235077,System for notifying a cellular telephone user that a call involves another telephone located outside of a defined service charge range of user&#39;s network,"AWADA FAISAL M, BROWN JOE N, BURKES PHILIP B, ESPINOZA VICTOR JR",https://patents.google.com/patent/US20060246876A1,US-6411693-B1,23905838,Long distance modem warning,MICRON TECHNOLGY INC,https://patents.google.com/patent/US6411693B1,PRS,Patent Register Service
US-2006-0259652-A1,29707928,System and apparatus for compressing and decompressing data stored to a portable data storage device,TREK 2000 INT LTD,https://patents.google.com/patent/US20060259652A1,US-6766456-B1,32682653,Method and system for authenticating a user of a computer system,MICRON TECHNOLOGY INC,https://patents.google.com/patent/US6766456B1,PRS,Patent Register Service
US-2006-0279552-A1,37523704,"Information processing apparatus, method and program",TONOUCHI YOJIRO,https://patents.google.com/patent/US20060279552A1,US-2005-0021960-A1,32682653,Method and system for authenticating a user of a computer system,Mckeeth James,https://patents.google.com/patent/US20050021960A1,PRS,Patent Register Service
US-2006-0287820-A1,35137554,Host based satellite positioning systems,"YAMAMOTO CLIFFORD, NONIS SEBASTIAN, PANDE ASHUTOSH, BULATOVIC NIKOLA, WITANIS STEFAN",https://patents.google.com/patent/US20060287820A1,US-6727920-B1,32106387,Multiple operating system quick boot utility,MICRON TECHNOLOGY INC,https://patents.google.com/patent/US6727920B1,PRS,Patent Register Service
US-2006-0288197-A1,37574733,Identifying an operating system associated with a boot path,"SWANSON ROBERT C, BULUSU MALLIK, ZIMMER VINCENT J, ROTHMAN MICHAEL A, TOLENTINO MATTHEW E",https://patents.google.com/patent/US20060288197A1,US-2004-0210848-A1,32106387,Multiple operating system quick boot utility,"Vineyard James L., Mckeeth James A.",https://patents.google.com/patent/US20040210848A1,PRS,Patent Register Service
US-2006-0288197-A1,37574733,Identifying an operating system associated with a boot path,"SWANSON ROBERT C, BULUSU MALLIK, ZIMMER VINCENT J, ROTHMAN MICHAEL A, TOLENTINO MATTHEW E",https://patents.google.com/patent/US20060288197A1,US-6727920-B1,32106387,Multiple operating system quick boot utility,MICRON TECHNOLOGY INC,https://patents.google.com/patent/US6727920B1,PRS,Patent Register Service
US-2006-0294352-A1,37568993,Speedy boot for computer systems,"MORRISON JOHN A, ALLISON MICHAEL S, HACK STEPHEN P",https://patents.google.com/patent/US20060294352A1,US-6727920-B1,32106387,Multiple operating system quick boot utility,MICRON TECHNOLOGY INC,https://patents.google.com/patent/US6727920B1,PRS,Patent Register Service
US-2006-0294358-A1,37568999,Methods and computers for presenting a graphical user interface during a boot process,LITE ON TECHNOLOGY CORP,https://patents.google.com/patent/US20060294358A1,US-2004-0210848-A1,32106387,Multiple operating system quick boot utility,"Vineyard James L., Mckeeth James A.",https://patents.google.com/patent/US20040210848A1,PRS,Patent Register Service
US-2006-0294599-A1,37569171,Method and apparatus for protecting private information on a user apparatus,CREATIVE TECH LTD,https://patents.google.com/patent/US20060294599A1,US-6766456-B1,32682653,Method and system for authenticating a user of a computer system,MICRON TECHNOLOGY INC,https://patents.google.com/patent/US6766456B1,PRS,Patent Register Service
US-2007-0005988-A1,37591239,Multimodal authentication,MICROSOFT CORP,https://patents.google.com/patent/US20070005988A1,US-2005-0022005-A1,32682653,System and method for controlling user access to an electronic device,Mckeeth James,https://patents.google.com/patent/US20050022005A1,PRS,Patent Register Service
US-2007-0011674-A1,37012100,Computer system and method for selectively installing one operating system among a plurality of operating systems,SAMSUNG ELECTRONICS CO LTD,https://patents.google.com/patent/US20070011674A1,US-6727920-B1,32106387,Multiple operating system quick boot utility,MICRON TECHNOLOGY INC,https://patents.google.com/patent/US6727920B1,PRS,Patent Register Service
US-2007-0015507-A1,37662231,Service provider identifier,PETRONELLI ANTHONY P,https://patents.google.com/patent/US20070015507A1,US-6411693-B1,23905838,Long distance modem warning,MICRON TECHNOLGY INC,https://patents.google.com/patent/US6411693B1,PRS,Patent Register Service
US-2007-0016583-A1,37075862,Enforcing native access control to indexed documents,"LEMPEL RONNY, LEYBA TODD, MCPHERSON JOHN A JR, PEREZ JUSTO L",https://patents.google.com/patent/US20070016583A1,US-6763362-B2,25546405,Method and system for updating a search engine,MICRON TECHNOLOGY INC,https://patents.google.com/patent/US6763362B2,PRS,Patent Register Service
US-2007-0016588-A1,37662857,Update system and related method,INVENTEC CORP,https://patents.google.com/patent/US20070016588A1,US-2007-0055973-A1,37831350,Text based markup language resource interface,MCKEETH JAMES,https://patents.google.com/patent/US20070055973A1,PRS,Patent Register Service
US-2007-0022385-A1,37680450,"Software module, method and system for managing information items by bookmarking information items through activation of said items",DENISSOV MIKHAIL,https://patents.google.com/patent/US20070022385A1,US-6763362-B2,25546405,Method and system for updating a search engine,MICRON TECHNOLOGY INC,https://patents.google.com/patent/US6763362B2,PRS,Patent Register Service
US-2007-0038622-A1,37743763,Method ranking search results using biased click distance,MICROSOFT CORP,https://patents.google.com/patent/US20070038622A1,US-6763362-B2,25546405,Method and system for updating a search engine,MICRON TECHNOLOGY INC,https://patents.google.com/patent/US6763362B2,PRS,Patent Register Service
US-2007-0083829-A1,37912219,Application program initiation with initial display selection,IBM,https://patents.google.com/patent/US20070083829A1,US-2004-0210848-A1,32106387,Multiple operating system quick boot utility,"Vineyard James L., Mckeeth James A.",https://patents.google.com/patent/US20040210848A1,PRS,Patent Register Service
US-2007-0088692-A1,34381362,Document scoring based on query analysis,GOOGLE INC,https://patents.google.com/patent/US20070088692A1,US-2003-0105744-A1,25546405,Method and system for updating a search engine,Mckeeth Jim,https://patents.google.com/patent/US20030105744A1,PRS,Patent Register Service
US-2007-0088693-A1,34381362,Document scoring based on traffic associated with a document,GOOGLE INC,https://patents.google.com/patent/US20070088693A1,US-2003-0105744-A1,25546405,Method and system for updating a search engine,Mckeeth Jim,https://patents.google.com/patent/US20030105744A1,PRS,Patent Register Service
US-2007-0088726-A1,37949331,System and method for assisted entry of database schema data,"DAOS BRENDA, WU VINCENT, LOGASUNDARAM KARTHIK C, SINGH HARPREET",https://patents.google.com/patent/US20070088726A1,US-2003-0052884-A1,22382884,Animation packager for an on-line book,Mckeeth James A.,https://patents.google.com/patent/US20030052884A1,PRS,Patent Register Service
US-2007-0094254-A1,34381362,Document scoring based on document inception date,GOOGLE INC,https://patents.google.com/patent/US20070094254A1,US-2003-0105744-A1,25546405,Method and system for updating a search engine,Mckeeth Jim,https://patents.google.com/patent/US20030105744A1,PRS,Patent Register Service
US-2007-0094255-A1,34381362,Document scoring based on link-based criteria,GOOGLE INC,https://patents.google.com/patent/US20070094255A1,US-2003-0105744-A1,25546405,Method and system for updating a search engine,Mckeeth Jim,https://patents.google.com/patent/US20030105744A1,PRS,Patent Register Service
US-2007-0100817-A1,34381362,Document scoring based on document content update,GOOGLE INC,https://patents.google.com/patent/US20070100817A1,US-2003-0105744-A1,25546405,Method and system for updating a search engine,Mckeeth Jim,https://patents.google.com/patent/US20030105744A1,PRS,Patent Register Service
US-2007-0104340-A1,37758837,System and Method for Manufacturing a Transducer Module,KNOWLES ELECTRONICS LLC,https://patents.google.com/patent/US20070104340A1,US-2004-0210848-A1,32106387,Multiple operating system quick boot utility,"Vineyard James L., Mckeeth James A.",https://patents.google.com/patent/US20040210848A1,PRS,Patent Register Service
US-2007-0104340-A1,37758837,System and Method for Manufacturing a Transducer Module,KNOWLES ELECTRONICS LLC,https://patents.google.com/patent/US20070104340A1,US-6330669-B1,22744481,OS multi boot integrator,MICRON TECHNOLOGY INC,https://patents.google.com/patent/US6330669B1,PRS,Patent Register Service
US-2007-0104340-A1,37758837,System and Method for Manufacturing a Transducer Module,KNOWLES ELECTRONICS LLC,https://patents.google.com/patent/US20070104340A1,US-6727920-B1,32106387,Multiple operating system quick boot utility,MICRON TECHNOLOGY INC,https://patents.google.com/patent/US6727920B1,PRS,Patent Register Service
US-2007-0124280-A1,38088712,Search Engine which awards Point per Click,TATEOSSIAN TONY,https://patents.google.com/patent/US20070124280A1,US-6763362-B2,25546405,Method and system for updating a search engine,MICRON TECHNOLOGY INC,https://patents.google.com/patent/US6763362B2,PRS,Patent Register Service
US-2007-0143518-A1,38175118,Portable computing apparatus and processing method using the same,SAMSUNG ELECTRONICS CO LTD,https://patents.google.com/patent/US20070143518A1,US-6727920-B1,32106387,Multiple operating system quick boot utility,MICRON TECHNOLOGY INC,https://patents.google.com/patent/US6727920B1,PRS,Patent Register Service
US-2007-0178039-A1,37008983,Crystals for a semiconductor radiation detector and method for making the crystals,GEN ELECTRIC,https://patents.google.com/patent/US20070178039A1,US-2006-0017736-A1,22382884,Animation packager for an on-line book,MCKEETH JAMES A,https://patents.google.com/patent/US20060017736A1,PRS,Patent Register Service
US-2007-0250920-A1,38620975,Security Systems for Protecting an Asset,LINDSAY JEFFREY DEAN,https://patents.google.com/patent/US20070250920A1,US-2005-0022005-A1,32682653,System and method for controlling user access to an electronic device,Mckeeth James,https://patents.google.com/patent/US20050022005A1,PRS,Patent Register Service
US-2007-0258437-A1,38474316,Switching network employing server quarantine functionality,BROADCOM CORP,https://patents.google.com/patent/US20070258437A1,US-7188175-B1,37807256,Method and system for communicating between clients in a computer network,WEB COM INC,https://patents.google.com/patent/US7188175B1,PRS,Patent Register Service
US-2007-0271268-A1,34795352,Architecture for an indexer,IBM,https://patents.google.com/patent/US20070271268A1,US-6763362-B2,25546405,Method and system for updating a search engine,MICRON TECHNOLOGY INC,https://patents.google.com/patent/US6763362B2,PRS,Patent Register Service
US-2007-0288754-A1,38219492,Data communication method and system,"KAJI TADASHI, HOSHINO KAZUYOSHI, TAKEUCHI KEISUKE, TAKATA OSAMU, FUJISHIRO TAKAHIRO, YATO AKIFUMI",https://patents.google.com/patent/US20070288754A1,US-7188175-B1,37807256,Method and system for communicating between clients in a computer network,WEB COM INC,https://patents.google.com/patent/US7188175B1,PRS,Patent Register Service
US-2008-0005792-A1,46300296,Method for establishing secure communication link between computers of virtual private network,SCIENCE APPLIC INT CORP,https://patents.google.com/patent/US20080005792A1,US-7188175-B1,37807256,Method and system for communicating between clients in a computer network,WEB COM INC,https://patents.google.com/patent/US7188175B1,PRS,Patent Register Service
US-2008-0034201-A1,26803485,agile network protocol for secure communications with assured system availability,VIRNETX INC,https://patents.google.com/patent/US20080034201A1,US-7188175-B1,37807256,Method and system for communicating between clients in a computer network,WEB COM INC,https://patents.google.com/patent/US7188175B1,PRS,Patent Register Service
US-2008-0040783-A1,32303805,Agile network protocol for secure communications using secure domain names,VIRNETX INC,https://patents.google.com/patent/US20080040783A1,US-7188175-B1,37807256,Method and system for communicating between clients in a computer network,WEB COM INC,https://patents.google.com/patent/US7188175B1,PRS,Patent Register Service
US-2008-0040791-A1,24007717,Agile network protocol for secure communications with assured system availability,VIRNETX INC,https://patents.google.com/patent/US20080040791A1,US-7188175-B1,37807256,Method and system for communicating between clients in a computer network,WEB COM INC,https://patents.google.com/patent/US7188175B1,PRS,Patent Register Service
US-2008-0040792-A1,32303805,Agile network protocol for secure communications using secure domain names,VIRNETX INC,https://patents.google.com/patent/US20080040792A1,US-7188175-B1,37807256,Method and system for communicating between clients in a computer network,WEB COM INC,https://patents.google.com/patent/US7188175B1,PRS,Patent Register Service
US-2008-0059660-A1,20428793,Portable data storage device,TREK 2000 INT LTD,https://patents.google.com/patent/US20080059660A1,US-6766456-B1,32682653,Method and system for authenticating a user of a computer system,MICRON TECHNOLOGY INC,https://patents.google.com/patent/US6766456B1,PRS,Patent Register Service
US-2008-0065621-A1,39171004,Ambiguous entity disambiguation method,ELLIS KENNETH ALEXANDER,https://patents.google.com/patent/US20080065621A1,US-2003-0105744-A1,25546405,Method and system for updating a search engine,Mckeeth Jim,https://patents.google.com/patent/US20030105744A1,PRS,Patent Register Service
US-2008-0077786-A1,39226416,Rapid-boot computing device with dual operating systems,"PIERCE JAMES R, WALKER ERIC H, WAHL JOHN A",https://patents.google.com/patent/US20080077786A1,US-2004-0210848-A1,32106387,Multiple operating system quick boot utility,"Vineyard James L., Mckeeth James A.",https://patents.google.com/patent/US20040210848A1,PRS,Patent Register Service
US-2008-0077786-A1,39226416,Rapid-boot computing device with dual operating systems,"PIERCE JAMES R, WALKER ERIC H, WAHL JOHN A",https://patents.google.com/patent/US20080077786A1,US-6330669-B1,22744481,OS multi boot integrator,MICRON TECHNOLOGY INC,https://patents.google.com/patent/US6330669B1,PRS,Patent Register Service
US-2008-0077786-A1,39226416,Rapid-boot computing device with dual operating systems,"PIERCE JAMES R, WALKER ERIC H, WAHL JOHN A",https://patents.google.com/patent/US20080077786A1,US-6727920-B1,32106387,Multiple operating system quick boot utility,MICRON TECHNOLOGY INC,https://patents.google.com/patent/US6727920B1,PRS,Patent Register Service
US-2008-0082810-A1,25510791,Semi-persistent relocatable ram-based virtual floppy disk method,HEWLETT PACKARD DEVELOPMENT CO,https://patents.google.com/patent/US20080082810A1,US-6727920-B1,32106387,Multiple operating system quick boot utility,MICRON TECHNOLOGY INC,https://patents.google.com/patent/US6727920B1,PRS,Patent Register Service
US-2008-0104047-A1,39331568,Intelligent search with guiding info,TRANSAXTIONS LLC,https://patents.google.com/patent/US20080104047A1,US-6763362-B2,25546405,Method and system for updating a search engine,MICRON TECHNOLOGY INC,https://patents.google.com/patent/US6763362B2,PRS,Patent Register Service
US-2008-0107102-A1,39325365,Phonecasting systems and methods,BANDTONES LLC,https://patents.google.com/patent/US20080107102A1,US-6411693-B1,23905838,Long distance modem warning,MICRON TECHNOLGY INC,https://patents.google.com/patent/US6411693B1,PRS,Patent Register Service
US-2008-0167127-A1,39594804,Integration of Media on Gaming Consoles,MICROSOFT CORP,https://patents.google.com/patent/US20080167127A1,US-6727920-B1,32106387,Multiple operating system quick boot utility,MICRON TECHNOLOGY INC,https://patents.google.com/patent/US6727920B1,PRS,Patent Register Service
US-2008-0167128-A1,39594805,Television Viewing on Gaming Consoles,MICROSOFT CORP,https://patents.google.com/patent/US20080167128A1,US-6727920-B1,32106387,Multiple operating system quick boot utility,MICRON TECHNOLOGY INC,https://patents.google.com/patent/US6727920B1,PRS,Patent Register Service
US-2008-0209198-A1,39717273,Boot Acceleration For Computer Systems,"MAJNI TIMOTHY W, THOMPSON MARK J",https://patents.google.com/patent/US20080209198A1,US-6727920-B1,32106387,Multiple operating system quick boot utility,MICRON TECHNOLOGY INC,https://patents.google.com/patent/US6727920B1,PRS,Patent Register Service
US-2008-0209202-A1,39717276,"Apparatus operable under an operating system, method of controlling apparatus and computer-readable recording medium",FUJITSU LTD,https://patents.google.com/patent/US20080209202A1,US-6727920-B1,32106387,Multiple operating system quick boot utility,MICRON TECHNOLOGY INC,https://patents.google.com/patent/US6727920B1,PRS,Patent Register Service
US-2008-0215583-A1,39733877,Ranking and Suggesting Candidate Objects,MICROSOFT CORP,https://patents.google.com/patent/US20080215583A1,US-2005-0015394-A1,25546405,Method and system for updating a search engine,Mckeeth Jim,https://patents.google.com/patent/US20050015394A1,PRS,Patent Register Service
US-2008-0216168-A1,46300296,Method for establishing secure communication link between computers of virtual private network,VIRNETX INC,https://patents.google.com/patent/US20080216168A1,US-7188175-B1,37807256,Method and system for communicating between clients in a computer network,WEB COM INC,https://patents.google.com/patent/US7188175B1,PRS,Patent Register Service
US-2008-0222415-A1,24007717,Agile network protocol for secure communications with assured system availability,VIRNETX INC,https://patents.google.com/patent/US20080222415A1,US-7188175-B1,37807256,Method and system for communicating between clients in a computer network,WEB COM INC,https://patents.google.com/patent/US7188175B1,PRS,Patent Register Service
US-2008-0243830-A1,39796081,User suggested ordering to influence search result ranking,FATDOOR INC,https://patents.google.com/patent/US20080243830A1,US-2003-0105744-A1,25546405,Method and system for updating a search engine,Mckeeth Jim,https://patents.google.com/patent/US20030105744A1,PRS,Patent Register Service
US-2008-0243880-A1,39796112,Automatic identification of components for a compound document in a content management system,IBM,https://patents.google.com/patent/US20080243880A1,US-2005-0015394-A1,25546405,Method and system for updating a search engine,Mckeeth Jim,https://patents.google.com/patent/US20050015394A1,PRS,Patent Register Service
US-2008-0243880-A1,39796112,Automatic identification of components for a compound document in a content management system,IBM,https://patents.google.com/patent/US20080243880A1,US-7627568-B2,25546405,Method and system for updating a search engine database based on popularity of links,MICRON TECHNOLOGY INC,https://patents.google.com/patent/US7627568B2,PRS,Patent Register Service
US-2008-0243897-A1,39796124,Autonomic updating of templates in a content management system,PETRI JOHN EDWARD,https://patents.google.com/patent/US20080243897A1,US-2005-0015394-A1,25546405,Method and system for updating a search engine,Mckeeth Jim,https://patents.google.com/patent/US20050015394A1,PRS,Patent Register Service
US-2008-0243897-A1,39796124,Autonomic updating of templates in a content management system,PETRI JOHN EDWARD,https://patents.google.com/patent/US20080243897A1,US-7627568-B2,25546405,Method and system for updating a search engine database based on popularity of links,MICRON TECHNOLOGY INC,https://patents.google.com/patent/US7627568B2,PRS,Patent Register Service
US-2008-0244564-A1,39788890,Bookmark and configuration file for installation sequence,MICROSOFT CORP,https://patents.google.com/patent/US20080244564A1,US-6330669-B1,22744481,OS multi boot integrator,MICRON TECHNOLOGY INC,https://patents.google.com/patent/US6330669B1,PRS,Patent Register Service
US-2008-0270484-A1,39967561,Using Network Traffic Logs for Search Enhancement,"BORKOVSKY ARKADY, COOK DOUGLAS M, LANGLOIS JEAN-MARC, POUTANEN TOMI, ZHA HONGYUAN",https://patents.google.com/patent/US20080270484A1,US-2003-0105744-A1,25546405,Method and system for updating a search engine,Mckeeth Jim,https://patents.google.com/patent/US20030105744A1,PRS,Patent Register Service
US-2008-0301578-A1,39226464,"Methods, Systems, and Computer Program Products for Navigating a Sequence of Illustrative Scenes within a Digital Production",OLSON PETER JONATHAN,https://patents.google.com/patent/US20080301578A1,US-6483512-B1,22382884,Animation packager for an on-line book,MICRON TECHNOLOGY INC,https://patents.google.com/patent/US6483512B1,PRS,Patent Register Service
US-2008-0318628-A1,40137025,Method of controlling a PDA phone and PDA phone using the same,GIGA BYTE TECH CO LTD,https://patents.google.com/patent/US20080318628A1,US-6727920-B1,32106387,Multiple operating system quick boot utility,MICRON TECHNOLOGY INC,https://patents.google.com/patent/US6727920B1,PRS,Patent Register Service
US-2008-0320088-A1,40137636,Helping valuable message content pass apparent message filtering,SEARETE LLC,https://patents.google.com/patent/US20080320088A1,US-7877612-B2,32682653,System and method for controlling user access to an electronic device,MICRON TECHNOLOGY INC,https://patents.google.com/patent/US7877612B2,PRS,Patent Register Service
US-2008-0320128-A1,40137661,"Method, system and service for structured data filtering, aggregation, and dissemination",ALCATEL LUCENT,https://patents.google.com/patent/US20080320128A1,US-6766456-B1,32682653,Method and system for authenticating a user of a computer system,MICRON TECHNOLOGY INC,https://patents.google.com/patent/US6766456B1,PRS,Patent Register Service
US-2009-0006357-A1,40161830,Determining quality measures for web objects based on searcher behavior,"POPESCUL ALEXANDRIN, BRUNK CLIFFORD A, ZIMAK NADAV A, TSIOUTSIOULIKLIS KOSTAS",https://patents.google.com/patent/US20090006357A1,US-2003-0105744-A1,25546405,Method and system for updating a search engine,Mckeeth Jim,https://patents.google.com/patent/US20030105744A1,PRS,Patent Register Service
US-2009-0037722-A1,40339271,Integration Model for Instant-On Environment,"CHONG BENEDICT T, SHEU PHILILP, DENG THOMAS, CHIN VICTOR, FANG XUN, SHIU JIAN-JUNG, WANG HONG-SHENG, TSAI WEN-PIN, LIN WEI-NAN",https://patents.google.com/patent/US20090037722A1,US-6727920-B1,32106387,Multiple operating system quick boot utility,MICRON TECHNOLOGY INC,https://patents.google.com/patent/US6727920B1,PRS,Patent Register Service
US-2009-0049442-A1,40364010,Data processing apparatus and software program activation method,CANON KK,https://patents.google.com/patent/US20090049442A1,US-6727920-B1,32106387,Multiple operating system quick boot utility,MICRON TECHNOLOGY INC,https://patents.google.com/patent/US6727920B1,PRS,Patent Register Service
US-2009-0055289-A1,26852399,Enhancing Touch and Feel on the Internet,HARRIS SCOTT C,https://patents.google.com/patent/US20090055289A1,US-6661419-B2,22382884,Animation packager for an on-line book,MICRON TECHNOLOGY INC,https://patents.google.com/patent/US6661419B2,PRS,Patent Register Service
US-2009-0055290-A1,40383060,Enhancing Touch and Feel on the Internet,HARRIS SCOTT C,https://patents.google.com/patent/US20090055290A1,US-6661419-B2,22382884,Animation packager for an on-line book,MICRON TECHNOLOGY INC,https://patents.google.com/patent/US6661419B2,PRS,Patent Register Service
US-2009-0083847-A1,40429680,Embedded authentication systems in an electronic device,APPLE INC,https://patents.google.com/patent/US20090083847A1,US-8352745-B2,32682653,System and method for controlling user access to an electronic device,"MICRON TECHNOLOGY INC, MCKEETH JAMES",https://patents.google.com/patent/US8352745B2,PRS,Patent Register Service
US-2009-0083850-A1,40429680,Embedded authentication systems in an electronic device,APPLE INC,https://patents.google.com/patent/US20090083850A1,US-8352745-B2,32682653,System and method for controlling user access to an electronic device,"MICRON TECHNOLOGY INC, MCKEETH JAMES",https://patents.google.com/patent/US8352745B2,PRS,Patent Register Service
US-2009-0112839-A1,40584182,Media Enhancement Mechanism,YAHOO INC,https://patents.google.com/patent/US20090112839A1,US-6157392-A,22382884,Animation packager for an on-line book,MICRON TECHNOLOGY INC,https://patents.google.com/patent/US6157392A,PRS,Patent Register Service
US-2009-0112839-A1,40584182,Media Enhancement Mechanism,YAHOO INC,https://patents.google.com/patent/US20090112839A1,US-6219069-B1,22383812,Method for generating animation in an on-line book,MICRON ELECTRONICS INC,https://patents.google.com/patent/US6219069B1,PRS,Patent Register Service
US-2009-0138865-A1,40670846,Performing an operating system upgrade without multiple system interruptions,"FURBEE RICHARD L, REIST RANDOLPH C, LERCH III JOSEPH, NEILL JOSEPH, THOMPSON JIM",https://patents.google.com/patent/US20090138865A1,US-2004-0210848-A1,32106387,Multiple operating system quick boot utility,"Vineyard James L., Mckeeth James A.",https://patents.google.com/patent/US20040210848A1,PRS,Patent Register Service
US-2009-0193263-A1,40254738,Identifying and processing an unauthorized access request,"GNECH THOMAS HERMANN, ILLNER REGINA",https://patents.google.com/patent/US20090193263A1,US-2005-0022005-A1,32682653,System and method for controlling user access to an electronic device,Mckeeth James,https://patents.google.com/patent/US20050022005A1,PRS,Patent Register Service
US-2009-0204753-A1,40939858,System for refreshing cache results,YAHOO INC,https://patents.google.com/patent/US20090204753A1,US-6763362-B2,25546405,Method and system for updating a search engine,MICRON TECHNOLOGY INC,https://patents.google.com/patent/US6763362B2,PRS,Patent Register Service
US-2009-0217261-A1,40651367,"Recording medium, install method, and computer program",YOKOGAWA ELECTRIC CORP,https://patents.google.com/patent/US20090217261A1,US-2007-0055973-A1,37831350,Text based markup language resource interface,MCKEETH JAMES,https://patents.google.com/patent/US20070055973A1,PRS,Patent Register Service
US-2009-0228881-A1,41054943,Linux matrix compilation system and method,"MUKKER ATUL, BAGALKOTE SREENIVAS",https://patents.google.com/patent/US20090228881A1,US-7533350-B2,32106387,Multiple operating system quick boot utility,MICRON TECHNOLOGY INC,https://patents.google.com/patent/US7533350B2,PRS,Patent Register Service
US-2009-0248622-A1,41118619,Method and device for indexing resource content in computer networks,IBM,https://patents.google.com/patent/US20090248622A1,US-2010-0057802-A1,25546405,Method and system for updating a search engine,MICRON TECHNOLOGY INC,https://patents.google.com/patent/US20100057802A1,PRS,Patent Register Service
US-2009-0249496-A1,41119226,"Information terminal apparatus, information processing method, and computer readable medium storing program thereof",FUJITSU LTD,https://patents.google.com/patent/US20090249496A1,US-2005-0022005-A1,32682653,System and method for controlling user access to an electronic device,Mckeeth James,https://patents.google.com/patent/US20050022005A1,PRS,Patent Register Service
US-2009-0259588-A1,38620975,Security systems for protecting an asset,LINDSAY JEFFREY DEAN,https://patents.google.com/patent/US20090259588A1,US-2005-0022005-A1,32682653,System and method for controlling user access to an electronic device,Mckeeth James,https://patents.google.com/patent/US20050022005A1,PRS,Patent Register Service
US-2009-0259681-A1,41164845,Automatic generation and publication of online documentation,ORACLE INT CORP,https://patents.google.com/patent/US20090259681A1,US-6157392-A,22382884,Animation packager for an on-line book,MICRON TECHNOLOGY INC,https://patents.google.com/patent/US6157392A,PRS,Patent Register Service
US-2009-0271368-A1,41215996,Search query scoring and popularity monitoring and systems and methods therefor,YAHOO INC,https://patents.google.com/patent/US20090271368A1,US-2012-0011116-A1,25546405,Method and system for updating a search engine,MCKEETH JIM,https://patents.google.com/patent/US20120011116A1,PRS,Patent Register Service
US-2009-0292912-A1,41342951,"Storage medium storing master boot record, computer system having the same and booting method of the computer system",SAMSUNG ELECTRONICS CO LTD,https://patents.google.com/patent/US20090292912A1,US-2004-0210848-A1,32106387,Multiple operating system quick boot utility,"Vineyard James L., Mckeeth James A.",https://patents.google.com/patent/US20040210848A1,PRS,Patent Register Service
US-2009-0299931-A1,41380994,Problem shooting process intelligently adapted to fit user&#39;s skills,IBM,https://patents.google.com/patent/US20090299931A1,US-7366985-B1,37831350,Text based markup language resource interface,MICRON TECHNOLOGY INC,https://patents.google.com/patent/US7366985B1,PRS,Patent Register Service
US-2009-0320145-A1,31987054,"Apparatus, method, and computer program for controlling use of a content",SONY CORP,https://patents.google.com/patent/US20090320145A1,US-6327707-B1,23257519,"Method, programmed medium and system for customizing pre-loaded software",MICRON TECHNOLOGY INC,https://patents.google.com/patent/US6327707B1,PRS,Patent Register Service
US-2010-0005522-A1,39135452,Digital transmission system (DTS) for computer security,DAROGA BEHRUZ NADER,https://patents.google.com/patent/US20100005522A1,US-6766456-B1,32682653,Method and system for authenticating a user of a computer system,MICRON TECHNOLOGY INC,https://patents.google.com/patent/US6766456B1,PRS,Patent Register Service
US-2010-0023432-A1,41569499,Takeoff List Palette For Guiding Semi-Automatic Quantity Takeoff From Computer Aided Design Drawings,WOOD ANDREW,https://patents.google.com/patent/US20100023432A1,US-2003-0105744-A1,25546405,Method and system for updating a search engine,Mckeeth Jim,https://patents.google.com/patent/US20030105744A1,PRS,Patent Register Service
US-2010-0050268-A1,39638890,Password protection system and method,INVICTA NETWORKS INC,https://patents.google.com/patent/US20100050268A1,US-6766456-B1,32682653,Method and system for authenticating a user of a computer system,MICRON TECHNOLOGY INC,https://patents.google.com/patent/US6766456B1,PRS,Patent Register Service
US-2010-0058470-A1,41350670,Mobile terminal to prevent virus infection and method of controlling operation of the mobile terminal,KIM TAE YONG,https://patents.google.com/patent/US20100058470A1,US-6411693-B1,23905838,Long distance modem warning,MICRON TECHNOLGY INC,https://patents.google.com/patent/US6411693B1,PRS,Patent Register Service
US-2010-0073382-A1,34573682,System and method for sequencing media objects,KYOCERA WIRELESS CORP,https://patents.google.com/patent/US20100073382A1,US-6157392-A,22382884,Animation packager for an on-line book,MICRON TECHNOLOGY INC,https://patents.google.com/patent/US6157392A,PRS,Patent Register Service
US-2010-0073382-A1,34573682,System and method for sequencing media objects,KYOCERA WIRELESS CORP,https://patents.google.com/patent/US20100073382A1,US-6219069-B1,22383812,Method for generating animation in an on-line book,MICRON ELECTRONICS INC,https://patents.google.com/patent/US6219069B1,PRS,Patent Register Service
US-2010-0106772-A1,41258727,Address updating scheme for wireless communication,QUALCOMM INC,https://patents.google.com/patent/US20100106772A1,US-7509428-B2,37807256,Method and system for communicating between clients in a computer network,WEB COM INC,https://patents.google.com/patent/US7509428B2,PRS,Patent Register Service
US-2010-0122350-A1,37662223,Password methods and systems for use on a mobile device,RESEARCH IN MOTION LTD,https://patents.google.com/patent/US20100122350A1,US-2011-0119759-A1,32682653,System and method for controlling user access to an electronic device,MICRON TECHNOLOGY INC,https://patents.google.com/patent/US20110119759A1,PRS,Patent Register Service
US-2010-0145935-A1,39536777,Data network service based on profiling ip-addresses,KONINKL KPN NV,https://patents.google.com/patent/US20100145935A1,US-7627568-B2,25546405,Method and system for updating a search engine database based on popularity of links,MICRON TECHNOLOGY INC,https://patents.google.com/patent/US7627568B2,PRS,Patent Register Service
US-2010-0158327-A1,42266180,"Apparatus, system, and method for sequenced biometric authentication",IBM,https://patents.google.com/patent/US20100158327A1,US-6766456-B1,32682653,Method and system for authenticating a user of a computer system,MICRON TECHNOLOGY INC,https://patents.google.com/patent/US6766456B1,PRS,Patent Register Service
US-2010-0174894-A1,42312463,"Method, Apparatus, and System for Configuring an Operating System on a Target Computer",LENOVO SINGAPORE PTE LTD,https://patents.google.com/patent/US20100174894A1,US-6327707-B1,23257519,"Method, programmed medium and system for customizing pre-loaded software",MICRON TECHNOLOGY INC,https://patents.google.com/patent/US6327707B1,PRS,Patent Register Service
US-2010-0175068-A1,42312562,Limiting the availability of computational resources to a device to stimulate a user of the device to apply necessary updates,IBM,https://patents.google.com/patent/US20100175068A1,US-7366985-B1,37831350,Text based markup language resource interface,MICRON TECHNOLOGY INC,https://patents.google.com/patent/US7366985B1,PRS,Patent Register Service
US-2010-0198922-A1,42398591,"Methods for using the addressing, protocols and the infrastructure of email to support near real-time communication",REBELVOX LLC,https://patents.google.com/patent/US20100198922A1,US-7509428-B2,37807256,Method and system for communicating between clients in a computer network,WEB COM INC,https://patents.google.com/patent/US7509428B2,PRS,Patent Register Service
US-2010-0198923-A1,42398591,"Methods for using the addressing, protocols and the infrastructure of email to support near real-time communication",REBELVOX LLC,https://patents.google.com/patent/US20100198923A1,US-7509428-B2,37807256,Method and system for communicating between clients in a computer network,WEB COM INC,https://patents.google.com/patent/US7509428B2,PRS,Patent Register Service
US-2010-0198925-A1,42398593,Email client capable of supporting near real-time communication,REBELVOX LLC,https://patents.google.com/patent/US20100198925A1,US-7509428-B2,37807256,Method and system for communicating between clients in a computer network,WEB COM INC,https://patents.google.com/patent/US7509428B2,PRS,Patent Register Service
US-2010-0198988-A1,42398591,"Methods for using the addressing, protocols and the infrastructure of email to support near real-time communication",REBELVOX LLC,https://patents.google.com/patent/US20100198988A1,US-7509428-B2,37807256,Method and system for communicating between clients in a computer network,WEB COM INC,https://patents.google.com/patent/US7509428B2,PRS,Patent Register Service
US-2010-0199133-A1,42398699,"Methods for using the addressing, protocols and the infrastructure of email to support near real-time communication",REBELVOX LLC,https://patents.google.com/patent/US20100199133A1,US-7509428-B2,37807256,Method and system for communicating between clients in a computer network,WEB COM INC,https://patents.google.com/patent/US7509428B2,PRS,Patent Register Service
US-2010-0212028-A1,33435260,Anti-piracy software protection system and method,"ERIKSSON THOMAS, WENZEL JURGEN, KARLSSON TOBIAS",https://patents.google.com/patent/US20100212028A1,US-6327707-B1,23257519,"Method, programmed medium and system for customizing pre-loaded software",MICRON TECHNOLOGY INC,https://patents.google.com/patent/US6327707B1,PRS,Patent Register Service
US-2010-0229219-A1,42679404,Detecting unauthorized computer access,MENDONCA EDUARDO,https://patents.google.com/patent/US20100229219A1,US-6327707-B1,23257519,"Method, programmed medium and system for customizing pre-loaded software",MICRON TECHNOLOGY INC,https://patents.google.com/patent/US6327707B1,PRS,Patent Register Service
US-2010-0241621-A1,42184367,Scheduler for Search Engine Crawler,RANDALL KEITH H,https://patents.google.com/patent/US20100241621A1,US-6763362-B2,25546405,Method and system for updating a search engine,MICRON TECHNOLOGY INC,https://patents.google.com/patent/US6763362B2,PRS,Patent Register Service
US-2010-0262820-A1,40137025,Method of controlling a pda phone and pda phone using the same,CHEN WEI-TING,https://patents.google.com/patent/US20100262820A1,US-6727920-B1,32106387,Multiple operating system quick boot utility,MICRON TECHNOLOGY INC,https://patents.google.com/patent/US6727920B1,PRS,Patent Register Service
US-2010-0281398-A1,46301166,Telephone Calling Interface,MELIDEO JOHN,https://patents.google.com/patent/US20100281398A1,US-7188175-B1,37807256,Method and system for communicating between clients in a computer network,WEB COM INC,https://patents.google.com/patent/US7188175B1,PRS,Patent Register Service
US-2010-0281398-A1,46301166,Telephone Calling Interface,MELIDEO JOHN,https://patents.google.com/patent/US20100281398A1,US-7509428-B2,37807256,Method and system for communicating between clients in a computer network,WEB COM INC,https://patents.google.com/patent/US7509428B2,PRS,Patent Register Service
US-2010-0306316-A1,35811638,Method for provision of an address in a data network,SCHUMACHER JOCHEN,https://patents.google.com/patent/US20100306316A1,US-2007-0112911-A1,37807256,Method and System for Communicating Between Clients In A Computer Network,MCKEETH JAMES A,https://patents.google.com/patent/US20070112911A1,PRS,Patent Register Service
US-2010-0332348-A1,39827794,Methods and Apparatus for Freshness and Completeness of Information,PLATFORMATION INC,https://patents.google.com/patent/US20100332348A1,US-6763362-B2,25546405,Method and system for updating a search engine,MICRON TECHNOLOGY INC,https://patents.google.com/patent/US6763362B2,PRS,Patent Register Service
US-2011-0022605-A1,34381362,Document scoring based on link-based criteria,GOOGLE INC,https://patents.google.com/patent/US20110022605A1,US-2003-0105744-A1,25546405,Method and system for updating a search engine,Mckeeth Jim,https://patents.google.com/patent/US20030105744A1,PRS,Patent Register Service
US-2011-0029240-A1,35137554,Host based satellite positioning systems,SIRF TECH INC,https://patents.google.com/patent/US20110029240A1,US-6727920-B1,32106387,Multiple operating system quick boot utility,MICRON TECHNOLOGY INC,https://patents.google.com/patent/US6727920B1,PRS,Patent Register Service
US-2011-0029542-A1,34381362,Document scoring based on document inception date,GOOGLE INC,https://patents.google.com/patent/US20110029542A1,US-2003-0105744-A1,25546405,Method and system for updating a search engine,Mckeeth Jim,https://patents.google.com/patent/US20030105744A1,PRS,Patent Register Service
US-2011-0029924-A1,38175118,Portable computing apparatus and processing method using the same,SAMSUNG ELECTRONICS CO LTD,https://patents.google.com/patent/US20110029924A1,US-6727920-B1,32106387,Multiple operating system quick boot utility,MICRON TECHNOLOGY INC,https://patents.google.com/patent/US6727920B1,PRS,Patent Register Service
US-2011-0055691-A1,43626657,Previewing different types of documents,APPLE INC,https://patents.google.com/patent/US20110055691A1,US-2006-0017736-A1,22382884,Animation packager for an on-line book,MCKEETH JAMES A,https://patents.google.com/patent/US20060017736A1,PRS,Patent Register Service
US-2011-0055691-A1,43626657,Previewing different types of documents,APPLE INC,https://patents.google.com/patent/US20110055691A1,US-6219069-B1,22383812,Method for generating animation in an on-line book,MICRON ELECTRONICS INC,https://patents.google.com/patent/US6219069B1,PRS,Patent Register Service
US-2011-0107416-A1,20428962,Portable device having biometrics-based authentication capabilities,TREK 2000 INT LTD,https://patents.google.com/patent/US20110107416A1,US-6766456-B1,32682653,Method and system for authenticating a user of a computer system,MICRON TECHNOLOGY INC,https://patents.google.com/patent/US6766456B1,PRS,Patent Register Service
US-2011-0119257-A1,44012089,Method and System for Enterprise Search Navigation,ORACLE INT CORP,https://patents.google.com/patent/US20110119257A1,US-2010-0057802-A1,25546405,Method and system for updating a search engine,MICRON TECHNOLOGY INC,https://patents.google.com/patent/US20100057802A1,PRS,Patent Register Service
US-2011-0119257-A1,44012089,Method and System for Enterprise Search Navigation,ORACLE INT CORP,https://patents.google.com/patent/US20110119257A1,US-7979427-B2,25546405,Method and system for updating a search engine,ROUND ROCK RES LLC,https://patents.google.com/patent/US7979427B2,PRS,Patent Register Service
US-2011-0119759-A1,32682653,System and method for controlling user access to an electronic device,MICRON TECHNOLOGY INC,https://patents.google.com/patent/US20110119759A1,US-2005-0021960-A1,32682653,Method and system for authenticating a user of a computer system,Mckeeth James,https://patents.google.com/patent/US20050021960A1,PRS,Patent Register Service
US-2011-0119759-A1,32682653,System and method for controlling user access to an electronic device,MICRON TECHNOLOGY INC,https://patents.google.com/patent/US20110119759A1,US-2005-0022005-A1,32682653,System and method for controlling user access to an electronic device,Mckeeth James,https://patents.google.com/patent/US20050022005A1,PRS,Patent Register Service
US-2011-0119759-A1,32682653,System and method for controlling user access to an electronic device,MICRON TECHNOLOGY INC,https://patents.google.com/patent/US20110119759A1,US-2005-0044382-A1,32682653,System and method for user authentication,Mckeeth James,https://patents.google.com/patent/US20050044382A1,PRS,Patent Register Service
US-2011-0119759-A1,32682653,System and method for controlling user access to an electronic device,MICRON TECHNOLOGY INC,https://patents.google.com/patent/US20110119759A1,US-6766456-B1,32682653,Method and system for authenticating a user of a computer system,MICRON TECHNOLOGY INC,https://patents.google.com/patent/US6766456B1,PRS,Patent Register Service
US-2011-0119759-A1,32682653,System and method for controlling user access to an electronic device,MICRON TECHNOLOGY INC,https://patents.google.com/patent/US20110119759A1,US-7877612-B2,32682653,System and method for controlling user access to an electronic device,MICRON TECHNOLOGY INC,https://patents.google.com/patent/US7877612B2,PRS,Patent Register Service
US-2011-0167087-A1,32303805,agile network protocol for secure communications using secure domain names,VIRTNETX INC,https://patents.google.com/patent/US20110167087A1,US-7188175-B1,37807256,Method and system for communicating between clients in a computer network,WEB COM INC,https://patents.google.com/patent/US7188175B1,PRS,Patent Register Service
US-2011-0173177-A1,44259307,Sightful cache: efficient invalidation for search engine caching,"JUNQUEIRA FLAVIO, ZARAGOZA HUGO",https://patents.google.com/patent/US20110173177A1,US-6763362-B2,25546405,Method and system for updating a search engine,MICRON TECHNOLOGY INC,https://patents.google.com/patent/US6763362B2,PRS,Patent Register Service
US-2011-0179384-A1,44278476,Profile-based performance tuning of computing systems,"WOERNER THOMAS K, SNOOK CHRISTOPHER HAUGHEY",https://patents.google.com/patent/US20110179384A1,US-6727920-B1,32106387,Multiple operating system quick boot utility,MICRON TECHNOLOGY INC,https://patents.google.com/patent/US6727920B1,PRS,Patent Register Service
US-2011-0185053-A1,32303805,Agile Network Protocol For Secure Communications Using Secure Domain Names,"LARSON VICTOR, SHORT III ROBERT DUNHAM, MUNGER EDMUND COLBY, WILLIAMSON MICHAEL",https://patents.google.com/patent/US20110185053A1,US-7188175-B1,37807256,Method and system for communicating between clients in a computer network,WEB COM INC,https://patents.google.com/patent/US7188175B1,PRS,Patent Register Service
US-2011-0185169-A1,24007717,Agile Network Protocol For Secure Communications With Assured System Availability.,"MUNGER EDMUND COLBY, SCHMIDT DOUGLAS CHARLES, SHORT III ROBERT DUNHAM, LARSON VICTOR, WILLIAMSON MICHAEL",https://patents.google.com/patent/US20110185169A1,US-7188175-B1,37807256,Method and system for communicating between clients in a computer network,WEB COM INC,https://patents.google.com/patent/US7188175B1,PRS,Patent Register Service
US-2011-0191582-A1,26803485,Agile Network Protocol For Secure Communications With Assured System Availability,"MUNGER EDMUND COLBY, SABIO VINCENT J, SHORT III ROBERT DUNHAM, GLIGOR VIRGIL D, SCHMIDT DOUGLAS CHARLES",https://patents.google.com/patent/US20110191582A1,US-7188175-B1,37807256,Method and system for communicating between clients in a computer network,WEB COM INC,https://patents.google.com/patent/US7188175B1,PRS,Patent Register Service
US-2011-0197074-A1,26711718,Method and apparatus for enabling a user to select an authentication method,AMERICAN EXPRESS TRAVEL RELATE,https://patents.google.com/patent/US20110197074A1,US-6766456-B1,32682653,Method and system for authenticating a user of a computer system,MICRON TECHNOLOGY INC,https://patents.google.com/patent/US6766456B1,PRS,Patent Register Service
US-2011-0197265-A1,26711718,Method and apparatus for enabling a user to select an authentication method,AMERICAN EXPRESS TRAVEL RELATE,https://patents.google.com/patent/US20110197265A1,US-6766456-B1,32682653,Method and system for authenticating a user of a computer system,MICRON TECHNOLOGY INC,https://patents.google.com/patent/US6766456B1,PRS,Patent Register Service
US-2011-0202978-A1,26711718,Method and apparatus for enabling a user to select an authentication method,AMERICAN EXPRESS TRAVEL RELATE,https://patents.google.com/patent/US20110202978A1,US-6766456-B1,32682653,Method and system for authenticating a user of a computer system,MICRON TECHNOLOGY INC,https://patents.google.com/patent/US6766456B1,PRS,Patent Register Service
US-2011-0225216-A1,38326968,Method for consistent storage of data in an industrial controller,ROCKWELL AUTOMATION TECH INC,https://patents.google.com/patent/US20110225216A1,US-6260140-B1,22747798,Operating system multi boot integrator,MICRON ELECTRONICS INC,https://patents.google.com/patent/US6260140B1,PRS,Patent Register Service
US-2011-0225216-A1,38326968,Method for consistent storage of data in an industrial controller,ROCKWELL AUTOMATION TECH INC,https://patents.google.com/patent/US20110225216A1,US-6727920-B1,32106387,Multiple operating system quick boot utility,MICRON TECHNOLOGY INC,https://patents.google.com/patent/US6727920B1,PRS,Patent Register Service
US-2011-0230204-A1,38264316,Interactive advisory system,LOCATOR IP LP,https://patents.google.com/patent/US20110230204A1,US-2005-0021960-A1,32682653,Method and system for authenticating a user of a computer system,Mckeeth James,https://patents.google.com/patent/US20050021960A1,PRS,Patent Register Service
US-2011-0238993-A1,26803485,Agile Network Protocol For Secure Communications With Assured System Availability,VIRNETX INC,https://patents.google.com/patent/US20110238993A1,US-7188175-B1,37807256,Method and system for communicating between clients in a computer network,WEB COM INC,https://patents.google.com/patent/US7188175B1,PRS,Patent Register Service
US-2011-0302343-A1,45065373,Systems and methods for providing instant-on functionality on an embedded controller,"BUTCHER WADE, MADDUKURI AKKIAH, JREIJ ELIE, DELL PRODUCTS LP",https://patents.google.com/patent/US20110302343A1,US-6727920-B1,32106387,Multiple operating system quick boot utility,MICRON TECHNOLOGY INC,https://patents.google.com/patent/US6727920B1,PRS,Patent Register Service
US-2012-0042156-A1,45565634,Method of multiple boot manager,"MA MOU-MING, CHAO CHING-HUNG, TSENG PO-CHANG, GIGA BYTE TECHNOLOGY CO LTI",https://patents.google.com/patent/US20120042156A1,US-2004-0210848-A1,32106387,Multiple operating system quick boot utility,"Vineyard James L., Mckeeth James A.",https://patents.google.com/patent/US20040210848A1,PRS,Patent Register Service
US-2012-0137340-A1,46127537,Implicit authentication,"JAKOBSSON BJORN MARKUS, CHOW RICHARD, SHI RUNTING, PALO ALTO RES CT INC",https://patents.google.com/patent/US20120137340A1,US-6766456-B1,32682653,Method and system for authenticating a user of a computer system,MICRON TECHNOLOGY INC,https://patents.google.com/patent/US6766456B1,"PRS,SEA","PRS,SEA"
US-2012-0144176-A1,46163374,Method for Setting a Boot List to Disks with Multiple Boot Logical Volumes,"SMITH MARK DOUGLAS, IBM",https://patents.google.com/patent/US20120144176A1,US-6727920-B1,32106387,Multiple operating system quick boot utility,MICRON TECHNOLOGY INC,https://patents.google.com/patent/US6727920B1,PRS,Patent Register Service
US-2012-0174214-A1,43825481,Enhancing biometric security of a system,"HUANG ZUO, ZHANG QUNZHONG, GUI KAI, KOHLENBERG TOBIAS M, INTEL CORP",https://patents.google.com/patent/US20120174214A1,US-2005-0021960-A1,32682653,Method and system for authenticating a user of a computer system,Mckeeth James,https://patents.google.com/patent/US20050021960A1,PRS,Patent Register Service
US-2013-0066912-A1,47830774,Deriving Dynamic Consumer Defined Product Attributes from Input Queries,"CHETUPARAMBIL MADHU K, JACOB SUSHIL GEORGE T, KANNAN KALAPRIYA, IBM",https://patents.google.com/patent/US20130066912A1,US-2010-0057802-A1,25546405,Method and system for updating a search engine,MICRON TECHNOLOGY INC,https://patents.google.com/patent/US20100057802A1,PRS,Patent Register Service
US-2013-0069778-A1,37968653,Safety features for medical devices requiring assistance and supervision,"BURBANK JEFFREY H, TREU DENNIS M, BRUGGER JAMES M, NXSTAGE MEDICAL INC",https://patents.google.com/patent/US20130069778A1,US-6766456-B1,32682653,Method and system for authenticating a user of a computer system,MICRON TECHNOLOGY INC,https://patents.google.com/patent/US6766456B1,PRS,Patent Register Service
US-2013-0117252-A1,48224433,Large-scale real-time fetch service,"GOOGLE INC, GOOGLE INC",https://patents.google.com/patent/US20130117252A1,US-2010-0057802-A1,25546405,Method and system for updating a search engine,MICRON TECHNOLOGY INC,https://patents.google.com/patent/US20100057802A1,PRS,Patent Register Service
US-2013-0129161-A1,48426995,System and Method for Using Fingerprint Sequences for Secured Identity Verification,"GOEL AMIT, COMPUTER ASS THINK INC",https://patents.google.com/patent/US20130129161A1,US-7877612-B2,32682653,System and method for controlling user access to an electronic device,MICRON TECHNOLOGY INC,https://patents.google.com/patent/US7877612B2,PRS,Patent Register Service
US-2013-0160109-A1,43037812,Method and device,"KLINGHULT GUNNAR, SONY ERICSSON MOBILE COMM AB",https://patents.google.com/patent/US20130160109A1,US-2011-0119759-A1,32682653,System and method for controlling user access to an electronic device,MICRON TECHNOLOGY INC,https://patents.google.com/patent/US20110119759A1,PRS,Patent Register Service
US-2013-0198248-A1,38326968,Method for consistent storage of data in an industrial controller,"KAY JAMES J, JOHNSTON DAVID ALLEN, URDANETA SHELLY LYNN, SIEGEL STUART BLAIR, ROCKWELL AUTOMATION TECH INC",https://patents.google.com/patent/US20130198248A1,US-6260140-B1,22747798,Operating system multi boot integrator,MICRON ELECTRONICS INC,https://patents.google.com/patent/US6260140B1,PRS,Patent Register Service
US-2013-0262676-A1,49236584,Apparatus and method for managing domain name system server in communication system,"SAMSUNG ELECTRONICS CO LTD, SAMSUNG ELECTRONICS CO LTD",https://patents.google.com/patent/US20130262676A1,US-2007-0112911-A1,37807256,Method and System for Communicating Between Clients In A Computer Network,MCKEETH JAMES A,https://patents.google.com/patent/US20070112911A1,PRS,Patent Register Service
US-2013-0314336-A1,49621217,Methods of rhythm touch unlock and related electronic device,WISTRON CORP,https://patents.google.com/patent/US20130314336A1,US-6766456-B1,32682653,Method and system for authenticating a user of a computer system,MICRON TECHNOLOGY INC,https://patents.google.com/patent/US6766456B1,PRS,Patent Register Service
US-2014-0058999-A1,48979500,Mobile terminal and control method thereof,SEO DONGWOOK,https://patents.google.com/patent/US20140058999A1,US-6763362-B2,25546405,Method and system for updating a search engine,MICRON TECHNOLOGY INC,https://patents.google.com/patent/US6763362B2,PRS,Patent Register Service
US-2014-0067834-A1,50188919,"Experience Analytic Objects, Systems and Methods",TAPTHERE INC,https://patents.google.com/patent/US20140067834A1,US-2003-0105744-A1,25546405,Method and system for updating a search engine,Mckeeth Jim,https://patents.google.com/patent/US20030105744A1,SEA,Search Report
US-2014-0074612-A1,49640887,System and Method for Targeting Information Items Based on Popularities of the Information Items,GOOGLE INC,https://patents.google.com/patent/US20140074612A1,US-2005-0015394-A1,25546405,Method and system for updating a search engine,Mckeeth Jim,https://patents.google.com/patent/US20050015394A1,PRS,Patent Register Service
US-2014-0096210-A1,50386592,Advanced Authentication Techniques,SKY SOCKET LLC,https://patents.google.com/patent/US20140096210A1,US-6766456-B1,32682653,Method and system for authenticating a user of a computer system,MICRON TECHNOLOGY INC,https://patents.google.com/patent/US6766456B1,PRS,Patent Register Service
US-2014-0123228-A1,50548762,Event Reporting and Handling,"BRILL JACOB ANDREW, MURIELLO DANIEL GREGORY, BARTHOLOMEW ANDREW",https://patents.google.com/patent/US20140123228A1,US-2005-0044382-A1,32682653,System and method for user authentication,Mckeeth James,https://patents.google.com/patent/US20050044382A1,PRS,Patent Register Service
US-2014-0156999-A1,39199340,User selectable signature,"ODOM GARY, TIERRA INTELECTUAL BORINQUEN INC",https://patents.google.com/patent/US20140156999A1,US-6766456-B1,32682653,Method and system for authenticating a user of a computer system,MICRON TECHNOLOGY INC,https://patents.google.com/patent/US6766456B1,PRS,Patent Register Service
US-2014-0157018-A1,50826715,Power module and electronic device,"HON HAI PREC IND CO LTD, HONGFUJIN PREC IND SHENZHEN",https://patents.google.com/patent/US20140157018A1,US-8176547-B2,32682653,System and method for controlling user access to an electronic device,"MCKEETH JAMES, MICRON TECHNOLOGY INC",https://patents.google.com/patent/US8176547B2,PRS,Patent Register Service
US-2014-0250292-A1,51421631,Server information handling system configuration from an end state definition file,DELL PRODUCTS LP,https://patents.google.com/patent/US20140250292A1,US-7366985-B1,37831350,Text based markup language resource interface,MICRON TECHNOLOGY INC,https://patents.google.com/patent/US7366985B1,PRS,Patent Register Service
US-2014-0324818-A1,42184367,Scheduler for Search Engine Crawler,GOOGLE INC,https://patents.google.com/patent/US20140324818A1,US-6763362-B2,25546405,Method and system for updating a search engine,MICRON TECHNOLOGY INC,https://patents.google.com/patent/US6763362B2,PRS,Patent Register Service
US-2015-0033306-A1,52391648,Apparatus and method for system user authentication,IBM,https://patents.google.com/patent/US20150033306A1,US-7877612-B2,32682653,System and method for controlling user access to an electronic device,MICRON TECHNOLOGY INC,https://patents.google.com/patent/US7877612B2,PRS,Patent Register Service
US-2015-0106891-A1,51866309,Informed implicit enrollment and identification,MICROSOFT CORP,https://patents.google.com/patent/US20150106891A1,US-2013-0185790-A1,32682653,System and method for controlling user access to an electronic device,"MICRON TECHNOLOGY INC, MICRON TECHNOLOGY INC",https://patents.google.com/patent/US20130185790A1,PRS,Patent Register Service
US-2015-0128257-A1,50802057,Method for unlocking terminal device and terminal device,HUAWEI DEVICE CO LTD,https://patents.google.com/patent/US20150128257A1,US-2005-0044382-A1,32682653,System and method for user authentication,Mckeeth James,https://patents.google.com/patent/US20050044382A1,PRS,Patent Register Service
US-2015-0169858-A1,54203598,Pluggable authentication mechanism for mobile device applications,ALCATEL LUCENT,https://patents.google.com/patent/US20150169858A1,US-2012-0198544-A1,32682653,System and method for controlling user access to an electronic device,"MCKEETH JAMES, MICRON TECHNOLOGY INC",https://patents.google.com/patent/US20120198544A1,PRS,Patent Register Service
US-2015-0209501-A1,37968653,Safety features for medical devices requiring assistance and supervision,NXSTAGE MEDICAL INC,https://patents.google.com/patent/US20150209501A1,US-6766456-B1,32682653,Method and system for authenticating a user of a computer system,MICRON TECHNOLOGY INC,https://patents.google.com/patent/US6766456B1,PRS,Patent Register Service
US-2015-0234890-A1,53798297,Long-term validity of pre-computed request results,AMADEUS SAS,https://patents.google.com/patent/US20150234890A1,US-6763362-B2,25546405,Method and system for updating a search engine,MICRON TECHNOLOGY INC,https://patents.google.com/patent/US6763362B2,PRS,Patent Register Service
US-2016-0145902-A1,55025336,EAC System with Plurality of Different Algorithm/Operand Pairs Having Different Functionality,MASTER LOCK CO,https://patents.google.com/patent/US20160145902A1,US-2005-0022005-A1,32682653,System and method for controlling user access to an electronic device,Mckeeth James,https://patents.google.com/patent/US20050022005A1,"PRS,SEA","PRS,SEA"
US-2016-0173441-A1,56112275,Method and apparatus for allocating ip address by direct communication terminal,KOREA ELECTRONICS TELECOMM,https://patents.google.com/patent/US20160173441A1,US-2007-0112911-A1,37807256,Method and System for Communicating Between Clients In A Computer Network,MCKEETH JAMES A,https://patents.google.com/patent/US20070112911A1,PRS,Patent Register Service
US-2016-0216858-A1,56433330,Method and program product for an interactive e-book,KHAN MANZURUL,https://patents.google.com/patent/US20160216858A1,US-6157392-A,22382884,Animation packager for an on-line book,MICRON TECHNOLOGY INC,https://patents.google.com/patent/US6157392A,PRS,Patent Register Service
US-2016-0224777-A1,53371629,User Authentication For Mobile Devices Using Behavioral Analysis,MCAFEE INC,https://patents.google.com/patent/US20160224777A1,US-2005-0021960-A1,32682653,Method and system for authenticating a user of a computer system,Mckeeth James,https://patents.google.com/patent/US20050021960A1,PRS,Patent Register Service
US-2016-0314304-A1,57147792,Decryption method for use in displaying data,GETAC TECHNOLOGY CORP,https://patents.google.com/patent/US20160314304A1,US-2014-0351928-A1,32682653,System and method for controlling user access to an electronic device,MICRON TECHNOLOGY INC,https://patents.google.com/patent/US20140351928A1,PRS,Patent Register Service
US-2017-0063876-A1,58097073,Systems and methods for protecting messages utilizing a hidden restriction mechanism,CYBERLINK CORP,https://patents.google.com/patent/US20170063876A1,US-6766456-B1,32682653,Method and system for authenticating a user of a computer system,MICRON TECHNOLOGY INC,https://patents.google.com/patent/US6766456B1,SEA,Search Report
US-2017-0063876-A1,58097073,Systems and methods for protecting messages utilizing a hidden restriction mechanism,CYBERLINK CORP,https://patents.google.com/patent/US20170063876A1,US-8176547-B2,32682653,System and method for controlling user access to an electronic device,"MCKEETH JAMES, MICRON TECHNOLOGY INC",https://patents.google.com/patent/US8176547B2,SEA,Search Report
US-2017-0372087-A1,60677778,Method and system for data management,LINE CORP,https://patents.google.com/patent/US20170372087A1,US-8176547-B2,32682653,System and method for controlling user access to an electronic device,"MCKEETH JAMES, MICRON TECHNOLOGY INC",https://patents.google.com/patent/US8176547B2,SEA,Search Report
US-2018-0061010-A1,61243095,"Protecting individuals privacy in public through visual opt-out, signal detection, and marker detection",IBM,https://patents.google.com/patent/US20180061010A1,US-6766456-B1,32682653,Method and system for authenticating a user of a computer system,MICRON TECHNOLOGY INC,https://patents.google.com/patent/US6766456B1,"PRS,SEA","PRS,SEA"
US-2018-0081508-A1,36317777,Dynamic bar oriented user interface,BLACKBERRY LTD,https://patents.google.com/patent/US20180081508A1,US-2007-0055973-A1,37831350,Text based markup language resource interface,MCKEETH JAMES,https://patents.google.com/patent/US20070055973A1,"PRS,SEA","PRS,SEA"
US-2019-0026751-A1,38174312,Method for Acquiring Services on a Multiplicity of Devices,AT & T IP I LP,https://patents.google.com/patent/US20190026751A1,US-7877612-B2,32682653,System and method for controlling user access to an electronic device,MICRON TECHNOLOGY INC,https://patents.google.com/patent/US7877612B2,SEA,Search Report
US-2019-0158290-A1,51529320,Personal digital identity card device for fingerprint bound asymmetric crypto to access a kiosk,TYFONE INC,https://patents.google.com/patent/US20190158290A1,US-2011-0119759-A1,32682653,System and method for controlling user access to an electronic device,MICRON TECHNOLOGY INC,https://patents.google.com/patent/US20110119759A1,SEA,Search Report
US-2019-0171803-A1,59429285,Method and apparatus for user authentication based on touch input including fingerprint information,BAE JAE KWANG,https://patents.google.com/patent/US20190171803A1,US-2011-0119759-A1,32682653,System and method for controlling user access to an electronic device,MICRON TECHNOLOGY INC,https://patents.google.com/patent/US20110119759A1,SEA,Search Report
US-2019-0197069-A1,51535766,Social Media Based Content Selection System,YAHOO INC,https://patents.google.com/patent/US20190197069A1,US-2003-0105744-A1,25546405,Method and system for updating a search engine,Mckeeth Jim,https://patents.google.com/patent/US20030105744A1,SEA,Search Report
US-2020-0195718-A1,71072121,Workflow coordination in coordination namespace,IBM,https://patents.google.com/patent/US20200195718A1,US-6327707-B1,23257519,"Method, programmed medium and system for customizing pre-loaded software",MICRON TECHNOLOGY INC,https://patents.google.com/patent/US6327707B1,SEA,Search Report
US-2022-0375592-A1,37968653,Safety Features for Medical Devices Requiring Assistance and Supervision,NXSTAGE MEDICAL INC,https://patents.google.com/patent/US20220375592A1,US-6766456-B1,32682653,Method and system for authenticating a user of a computer system,MICRON TECHNOLOGY INC,https://patents.google.com/patent/US6766456B1,SEA,Search Report
US-2023-0252476-A1,87521224,Computationally efficient theft detection,CAPITAL ONE SERVICES LLC,https://patents.google.com/patent/US20230252476A1,US-2011-0119759-A1,32682653,System and method for controlling user access to an electronic device,MICRON TECHNOLOGY INC,https://patents.google.com/patent/US20110119759A1,SEA,Search Report
US-2024-0015099-A1,89430902,Network traffic routing in an sd-wan,CHECK POINT SOFTWARE TECH LTD,https://patents.google.com/patent/US20240015099A1,US-7188175-B1,37807256,Method and system for communicating between clients in a computer network,WEB COM INC,https://patents.google.com/patent/US7188175B1,SEA,Search Report
US-6367074-B1,22828223,Operation of a system,INTEL CORP,https://patents.google.com/patent/US6367074B1,US-6260140-B1,22747798,Operating system multi boot integrator,MICRON ELECTRONICS INC,https://patents.google.com/patent/US6260140B1,SEA,Search Report
US-6532538-B1,24013734,Method and system for supporting multiple operating systems on the same disk running on different computers at the same time,IBM,https://patents.google.com/patent/US6532538B1,US-6330669-B1,22744481,OS multi boot integrator,MICRON TECHNOLOGY INC,https://patents.google.com/patent/US6330669B1,SEA,Search Report
US-6570973-B1,24153439,System and method for toll notification when placing a call,BELLSOUTH INTELLECT PTY CORP,https://patents.google.com/patent/US6570973B1,US-6411693-B1,23905838,Long distance modem warning,MICRON TECHNOLGY INC,https://patents.google.com/patent/US6411693B1,SEA,Search Report
US-6661419-B2,22382884,Animation packager for an on-line book,MICRON TECHNOLOGY INC,https://patents.google.com/patent/US6661419B2,US-6157392-A,22382884,Animation packager for an on-line book,MICRON TECHNOLOGY INC,https://patents.google.com/patent/US6157392A,SEA,Search Report
US-6661419-B2,22382884,Animation packager for an on-line book,MICRON TECHNOLOGY INC,https://patents.google.com/patent/US6661419B2,US-6219069-B1,22383812,Method for generating animation in an on-line book,MICRON ELECTRONICS INC,https://patents.google.com/patent/US6219069B1,SEA,Search Report
US-6661419-B2,22382884,Animation packager for an on-line book,MICRON TECHNOLOGY INC,https://patents.google.com/patent/US6661419B2,US-6483512-B1,22382884,Animation packager for an on-line book,MICRON TECHNOLOGY INC,https://patents.google.com/patent/US6483512B1,SEA,Search Report
US-6715016-B1,27663461,Multiple operating system control method,HITACHI LTD,https://patents.google.com/patent/US6715016B1,US-6330669-B1,22744481,OS multi boot integrator,MICRON TECHNOLOGY INC,https://patents.google.com/patent/US6330669B1,SEA,Search Report
US-6718025-B2,24153439,System and method for toll notification when placing a call,BELLSOUTH INTELLECT PTY CORP,https://patents.google.com/patent/US6718025B2,US-6411693-B1,23905838,Long distance modem warning,MICRON TECHNOLGY INC,https://patents.google.com/patent/US6411693B1,SEA,Search Report
US-6754346-B2,31187194,Method for tracing the distribution of physical digital media,"Steven P. Eiserling, Ronald M Eiserling",https://patents.google.com/patent/US6754346B2,US-6327707-B1,23257519,"Method, programmed medium and system for customizing pre-loaded software",MICRON TECHNOLOGY INC,https://patents.google.com/patent/US6327707B1,SEA,Search Report
US-6826592-B1,23508861,Digital ID for selecting web browser and use preferences of a user during use of a web application,LV PARTNERS LP,https://patents.google.com/patent/US6826592B1,US-6330669-B1,22744481,OS multi boot integrator,MICRON TECHNOLOGY INC,https://patents.google.com/patent/US6330669B1,SEA,Search Report
US-6857069-B1,34115218,Modified operating system boot sequence for iSCSI device support,CISCO TECH IND,https://patents.google.com/patent/US6857069B1,US-6330669-B1,22744481,OS multi boot integrator,MICRON TECHNOLOGY INC,https://patents.google.com/patent/US6330669B1,SEA,Search Report
US-6892261-B2,27663461,Multiple operating system control method,HITACHI LTD,https://patents.google.com/patent/US6892261B2,US-6330669-B1,22744481,OS multi boot integrator,MICRON TECHNOLOGY INC,https://patents.google.com/patent/US6330669B1,APP,Applicant
US-6928542-B2,25533416,Method and system for starting a multiple PDA operating system through a menu,INVENTEC CORP,https://patents.google.com/patent/US6928542B2,US-6727920-B1,32106387,Multiple operating system quick boot utility,MICRON TECHNOLOGY INC,https://patents.google.com/patent/US6727920B1,SEA,Search Report
US-6934702-B2,27380154,Method and system of routing messages in a distributed search network,SUN MICROSYSTEMS INC,https://patents.google.com/patent/US6934702B2,US-6763362-B2,25546405,Method and system for updating a search engine,MICRON TECHNOLOGY INC,https://patents.google.com/patent/US6763362B2,APP,Applicant
US-6935559-B2,32511085,Systems and methods for determining an authorization threshold,FIRST DATA CORP,https://patents.google.com/patent/US6935559B2,US-6766456-B1,32682653,Method and system for authenticating a user of a computer system,MICRON TECHNOLOGY INC,https://patents.google.com/patent/US6766456B1,SEA,Search Report
US-6950821-B2,27380153,System and method for resolving distributed network search queries to information providers,SUN MICROSYSTEMS INC,https://patents.google.com/patent/US6950821B2,US-6763362-B2,25546405,Method and system for updating a search engine,MICRON TECHNOLOGY INC,https://patents.google.com/patent/US6763362B2,APP,Applicant
US-6957286-B1,35066294,System and device for switching operating system,HARD GUARD LTD,https://patents.google.com/patent/US6957286B1,US-6727920-B1,32106387,Multiple operating system quick boot utility,MICRON TECHNOLOGY INC,https://patents.google.com/patent/US6727920B1,SEA,Search Report
US-6961723-B2,27380116,System and method for determining relevancy of query responses in a distributed network search mechanism,SUN MICROSYSTEMS INC,https://patents.google.com/patent/US6961723B2,US-6763362-B2,25546405,Method and system for updating a search engine,MICRON TECHNOLOGY INC,https://patents.google.com/patent/US6763362B2,APP,Applicant
US-6963846-B1,34636017,"System and method of managing registration, sale, distribution and use of regulated agricultural products and the licensing/certification of dealers and applicators of agricultural products",KELLY REGISTRATION SYSTEMS INC,https://patents.google.com/patent/US6963846B1,US-6327707-B1,23257519,"Method, programmed medium and system for customizing pre-loaded software",MICRON TECHNOLOGY INC,https://patents.google.com/patent/US6327707B1,APP,Applicant
US-6978363-B2,26077280,System and method to enable a legacy BIOS system to boot from a disk that includes EFI GPT partitions,HEWLETT PACKARD DEVELOPMENT CO,https://patents.google.com/patent/US6978363B2,US-6727920-B1,32106387,Multiple operating system quick boot utility,MICRON TECHNOLOGY INC,https://patents.google.com/patent/US6727920B1,SEA,Search Report
US-6981028-B1,24242017,Method and system of implementing recorded data for automating internet interactions,OBONGO INC,https://patents.google.com/patent/US6981028B1,US-6327707-B1,23257519,"Method, programmed medium and system for customizing pre-loaded software",MICRON TECHNOLOGY INC,https://patents.google.com/patent/US6327707B1,SEA,Search Report
US-7013303-B2,27380179,System and method for multiple data sources to plug into a standardized interface for distributed deep search,SUN MICROSYSTEMS INC,https://patents.google.com/patent/US7013303B2,US-6763362-B2,25546405,Method and system for updating a search engine,MICRON TECHNOLOGY INC,https://patents.google.com/patent/US6763362B2,APP,Applicant
US-7019741-B2,25217958,Methods and systems for simulating animation of web-based data files,GEN ELECTRIC,https://patents.google.com/patent/US7019741B2,US-6483512-B1,22382884,Animation packager for an on-line book,MICRON TECHNOLOGY INC,https://patents.google.com/patent/US6483512B1,SEA,Search Report
US-7039759-B2,20428793,Portable data storage device,TREK TECHNOLOGY SINGAPORE PTE,https://patents.google.com/patent/US7039759B2,US-6766456-B1,32682653,Method and system for authenticating a user of a computer system,MICRON TECHNOLOGY INC,https://patents.google.com/patent/US6766456B1,APP,Applicant
US-7053899-B2,22382884,Animation packager for an on-line book,MICRON TECHNOLOGY INC,https://patents.google.com/patent/US7053899B2,US-6157392-A,22382884,Animation packager for an on-line book,MICRON TECHNOLOGY INC,https://patents.google.com/patent/US6157392A,APP,Applicant
US-7053899-B2,22382884,Animation packager for an on-line book,MICRON TECHNOLOGY INC,https://patents.google.com/patent/US7053899B2,US-6219069-B1,22383812,Method for generating animation in an on-line book,MICRON ELECTRONICS INC,https://patents.google.com/patent/US6219069B1,APP,Applicant
US-7053899-B2,22382884,Animation packager for an on-line book,MICRON TECHNOLOGY INC,https://patents.google.com/patent/US7053899B2,US-6483512-B1,22382884,Animation packager for an on-line book,MICRON TECHNOLOGY INC,https://patents.google.com/patent/US6483512B1,APP,Applicant
US-7053899-B2,22382884,Animation packager for an on-line book,MICRON TECHNOLOGY INC,https://patents.google.com/patent/US7053899B2,US-6661419-B2,22382884,Animation packager for an on-line book,MICRON TECHNOLOGY INC,https://patents.google.com/patent/US6661419B2,SEA,Search Report
US-7082483-B2,29707928,System and apparatus for compressing and decompressing data stored to a portable data storage device,TREK TECHNOLOGY SINGAPORE PTE,https://patents.google.com/patent/US7082483B2,US-6766456-B1,32682653,Method and system for authenticating a user of a computer system,MICRON TECHNOLOGY INC,https://patents.google.com/patent/US6766456B1,APP,Applicant
US-7099871-B2,27380152,System and method for distributed real-time search,SUN MICROSYSTEMS INC,https://patents.google.com/patent/US7099871B2,US-6763362-B2,25546405,Method and system for updating a search engine,MICRON TECHNOLOGY INC,https://patents.google.com/patent/US6763362B2,APP,Applicant
US-7111252-B1,26852399,Enhancing touch and feel on the internet,HARRIS SCOTT C,https://patents.google.com/patent/US7111252B1,US-6661419-B2,22382884,Animation packager for an on-line book,MICRON TECHNOLOGY INC,https://patents.google.com/patent/US6661419B2,SEA,Search Report
US-7171415-B2,26965291,Distributed information discovery through searching selected registered information providers,SUN MICROSYSTEMS INC,https://patents.google.com/patent/US7171415B2,US-6763362-B2,25546405,Method and system for updating a search engine,MICRON TECHNOLOGY INC,https://patents.google.com/patent/US6763362B2,APP,Applicant
US-7182255-B2,32511085,Systems and methods for determining an authorization,FIRST DATA CORP,https://patents.google.com/patent/US7182255B2,US-6766456-B1,32682653,Method and system for authenticating a user of a computer system,MICRON TECHNOLOGY INC,https://patents.google.com/patent/US6766456B1,APP,Applicant
US-7191239-B2,22836567,Method and system to customize and update a network connection application for distribution to multiple end-users,IPASS INC,https://patents.google.com/patent/US7191239B2,US-6327707-B1,23257519,"Method, programmed medium and system for customizing pre-loaded software",MICRON TECHNOLOGY INC,https://patents.google.com/patent/US6327707B1,SEA,Search Report
US-7191941-B1,37863742,Systems and methods for determining a need for authorization,FIRST DATA CORP,https://patents.google.com/patent/US7191941B1,US-6766456-B1,32682653,Method and system for authenticating a user of a computer system,MICRON TECHNOLOGY INC,https://patents.google.com/patent/US6766456B1,APP,Applicant
US-7228301-B2,33540846,Method for normalizing document metadata to improve search results using an alias relationship directory service,MICROSOFT CORP,https://patents.google.com/patent/US7228301B2,US-6763362-B2,25546405,Method and system for updating a search engine,MICRON TECHNOLOGY INC,https://patents.google.com/patent/US6763362B2,SEA,Search Report
US-7234055-B2,35944840,Computer operating booting system making use of multi-buttons,INVENTEC CORP,https://patents.google.com/patent/US7234055B2,US-6727920-B1,32106387,Multiple operating system quick boot utility,MICRON TECHNOLOGY INC,https://patents.google.com/patent/US6727920B1,SEA,Search Report
US-7240112-B2,34923157,Service quality monitoring process,IPASS INC,https://patents.google.com/patent/US7240112B2,US-6327707-B1,23257519,"Method, programmed medium and system for customizing pre-loaded software",MICRON TECHNOLOGY INC,https://patents.google.com/patent/US6327707B1,APP,Applicant
US-7293005-B2,34795343,Pipelined architecture for global analysis and index building,IBM,https://patents.google.com/patent/US7293005B2,US-6763362-B2,25546405,Method and system for updating a search engine,MICRON TECHNOLOGY INC,https://patents.google.com/patent/US6763362B2,APP,Applicant
US-7302698-B1,8241625,Operation of trusted state in computing platform,HEWLETT PACKARD DEVELOPMENT CO,https://patents.google.com/patent/US7302698B1,US-6330669-B1,22744481,OS multi boot integrator,MICRON TECHNOLOGY INC,https://patents.google.com/patent/US6330669B1,SEA,Search Report
US-7302698-B1,8241625,Operation of trusted state in computing platform,HEWLETT PACKARD DEVELOPMENT CO,https://patents.google.com/patent/US7302698B1,US-6727920-B1,32106387,Multiple operating system quick boot utility,MICRON TECHNOLOGY INC,https://patents.google.com/patent/US6727920B1,SEA,Search Report
US-7313827-B2,33564164,Apparatus and method for analysis of conversational patterns to position information and autonomic access control list management,IBM,https://patents.google.com/patent/US7313827B2,US-2005-0022005-A1,32682653,System and method for controlling user access to an electronic device,Mckeeth James,https://patents.google.com/patent/US20050022005A1,SEA,Search Report
US-7321863-B2,34116203,"Systems, methods, and computer program products for storing and retrieving product availability information from a storage cache",TRAVELOCITY COM LP,https://patents.google.com/patent/US7321863B2,US-2003-0105744-A1,25546405,Method and system for updating a search engine,Mckeeth Jim,https://patents.google.com/patent/US20030105744A1,SEA,Search Report
US-7350078-B1,39199340,User selection of computer login,ODOM GARY,https://patents.google.com/patent/US7350078B1,US-6766456-B1,32682653,Method and system for authenticating a user of a computer system,MICRON TECHNOLOGY INC,https://patents.google.com/patent/US6766456B1,SEA,Search Report
US-7353399-B2,31493125,Method and apparatus of storage anti-piracy key encryption (SAKE) device to control data access for networks,TREK 2000 INT LTD,https://patents.google.com/patent/US7353399B2,US-6766456-B1,32682653,Method and system for authenticating a user of a computer system,MICRON TECHNOLOGY INC,https://patents.google.com/patent/US6766456B1,APP,Applicant
US-7359987-B2,25411614,Method and system for providing static addresses for Internet connected devices even if the underlying address is dynamic,ENOM INC,https://patents.google.com/patent/US7359987B2,US-7188175-B1,37807256,Method and system for communicating between clients in a computer network,WEB COM INC,https://patents.google.com/patent/US7188175B1,SEA,Search Report
US-7376974-B2,9926233,Apparatus and method for creating a trusted environment,HEWLETT PACKARD DEVELOPMENT CO,https://patents.google.com/patent/US7376974B2,US-6330669-B1,22744481,OS multi boot integrator,MICRON TECHNOLOGY INC,https://patents.google.com/patent/US6330669B1,APP,Applicant
US-7415460-B1,39687338,System and method to customize search engine results by picking documents,IBM,https://patents.google.com/patent/US7415460B1,US-6763362-B2,25546405,Method and system for updating a search engine,MICRON TECHNOLOGY INC,https://patents.google.com/patent/US6763362B2,SEA,Search Report
US-7424467-B2,34795352,Architecture for an indexer with fixed width sort and variable width sort,IBM,https://patents.google.com/patent/US7424467B2,US-6763362-B2,25546405,Method and system for updating a search engine,MICRON TECHNOLOGY INC,https://patents.google.com/patent/US6763362B2,APP,Applicant
US-7461064-B2,36126873,Method for searching documents for ranges of numeric values,INTERNAT BUINESS MACHINES CORP,https://patents.google.com/patent/US7461064B2,US-6763362-B2,25546405,Method and system for updating a search engine,MICRON TECHNOLOGY INC,https://patents.google.com/patent/US6763362B2,APP,Applicant
US-7467131-B1,40118784,Method and system for query data caching and optimization in a search engine system,GOOGLE INC,https://patents.google.com/patent/US7467131B1,US-6763362-B2,25546405,Method and system for updating a search engine,MICRON TECHNOLOGY INC,https://patents.google.com/patent/US6763362B2,SEA,Search Report
US-7469341-B2,26816282,Method and system for associating a plurality of transaction data records generated in a service access system,IPASS INC,https://patents.google.com/patent/US7469341B2,US-6327707-B1,23257519,"Method, programmed medium and system for customizing pre-loaded software",MICRON TECHNOLOGY INC,https://patents.google.com/patent/US6327707B1,APP,Applicant
US-7480793-B1,40254736,Dynamically configuring the environment of a recovery OS from an installed OS,SYMANTEC CORP,https://patents.google.com/patent/US7480793B1,US-6727920-B1,32106387,Multiple operating system quick boot utility,MICRON TECHNOLOGY INC,https://patents.google.com/patent/US6727920B1,SEA,Search Report
US-7480805-B1,40254738,Method and system for identifying and processing an unauthorized access request,IBM,https://patents.google.com/patent/US7480805B1,US-2005-0022005-A1,32682653,System and method for controlling user access to an electronic device,Mckeeth James,https://patents.google.com/patent/US20050022005A1,SEA,Search Report
US-7489299-B2,34527950,User interface devices and methods employing accelerometers,HILLCREST LAB INC,https://patents.google.com/patent/US7489299B2,US-6766456-B1,32682653,Method and system for authenticating a user of a computer system,MICRON TECHNOLOGY INC,https://patents.google.com/patent/US6766456B1,SEA,Search Report
US-7499913-B2,34795353,Method for handling anchor text,IBM,https://patents.google.com/patent/US7499913B2,US-6763362-B2,25546405,Method and system for updating a search engine,MICRON TECHNOLOGY INC,https://patents.google.com/patent/US6763362B2,APP,Applicant
US-7506265-B1,24474546,System and method for displaying images of virtual machine environments,MICROSOFT CORP,https://patents.google.com/patent/US7506265B1,US-6727920-B1,32106387,Multiple operating system quick boot utility,MICRON TECHNOLOGY INC,https://patents.google.com/patent/US6727920B1,SEA,Search Report
US-7509428-B2,37807256,Method and system for communicating between clients in a computer network,WEB COM INC,https://patents.google.com/patent/US7509428B2,US-7188175-B1,37807256,Method and system for communicating between clients in a computer network,WEB COM INC,https://patents.google.com/patent/US7188175B1,APP,Applicant
US-7519695-B2,38576865,Service quality monitoring process,IPASS INC,https://patents.google.com/patent/US7519695B2,US-6327707-B1,23257519,"Method, programmed medium and system for customizing pre-loaded software",MICRON TECHNOLOGY INC,https://patents.google.com/patent/US6327707B1,APP,Applicant
US-7536478-B2,39477149,Method and apparatus for opening and launching a web browser in response to an audible signal,RPX LV ACQUISITION LLC,https://patents.google.com/patent/US7536478B2,US-6330669-B1,22744481,OS multi boot integrator,MICRON TECHNOLOGY INC,https://patents.google.com/patent/US6330669B1,APP,Applicant
US-7543168-B1,40672531,Specifying an operating system level to use after reboot,UNISYS CORP,https://patents.google.com/patent/US7543168B1,US-2004-0210848-A1,32106387,Multiple operating system quick boot utility,"Vineyard James L., Mckeeth James A.",https://patents.google.com/patent/US20040210848A1,SEA,Search Report
US-7548988-B2,39332466,Software downloading using a television broadcast channel,RPX LV ACQUISITION LLC,https://patents.google.com/patent/US7548988B2,US-6330669-B1,22744481,OS multi boot integrator,MICRON TECHNOLOGY INC,https://patents.google.com/patent/US6330669B1,APP,Applicant
US-7549161-B2,20428962,Portable device having biometrics-based authentication capabilities,TREK 2000 INT LTD,https://patents.google.com/patent/US7549161B2,US-6766456-B1,32682653,Method and system for authenticating a user of a computer system,MICRON TECHNOLOGY INC,https://patents.google.com/patent/US6766456B1,SEA,Search Report
US-7552467-B2,38620975,Security systems for protecting an asset,LINDSAY JEFFREY DEAN,https://patents.google.com/patent/US7552467B2,US-2005-0022005-A1,32682653,System and method for controlling user access to an electronic device,Mckeeth James,https://patents.google.com/patent/US20050022005A1,SEA,Search Report
US-7568090-B2,37568993,Speedy boot for computer systems,HEWLETT PACKARD DEVELOPMENT CO,https://patents.google.com/patent/US7568090B2,US-6727920-B1,32106387,Multiple operating system quick boot utility,MICRON TECHNOLOGY INC,https://patents.google.com/patent/US6727920B1,APP,Applicant
US-7570971-B2,7696800,Arrangement for the wireless connection of terminals to a communication system,SIEMENS AG,https://patents.google.com/patent/US7570971B2,US-7188175-B1,37807256,Method and system for communicating between clients in a computer network,WEB COM INC,https://patents.google.com/patent/US7188175B1,SEA,Search Report
US-7584221-B2,34987567,Field weighting in text searching,MICROSOFT CORP,https://patents.google.com/patent/US7584221B2,US-6763362-B2,25546405,Method and system for updating a search engine,MICRON TECHNOLOGY INC,https://patents.google.com/patent/US6763362B2,APP,Applicant
US-7593015-B2,34573682,System and method for sequencing media objects,KYOCERA WIRELESS CORP,https://patents.google.com/patent/US7593015B2,US-6157392-A,22382884,Animation packager for an on-line book,MICRON TECHNOLOGY INC,https://patents.google.com/patent/US6157392A,SEA,Search Report
US-7593015-B2,34573682,System and method for sequencing media objects,KYOCERA WIRELESS CORP,https://patents.google.com/patent/US7593015B2,US-6219069-B1,22383812,Method for generating animation in an on-line book,MICRON ELECTRONICS INC,https://patents.google.com/patent/US6219069B1,SEA,Search Report
US-7594011-B2,34860848,Network traffic monitoring for search popularity analysis,NARUS INC,https://patents.google.com/patent/US7594011B2,US-2003-0105744-A1,25546405,Method and system for updating a search engine,Mckeeth Jim,https://patents.google.com/patent/US20030105744A1,SEA,Search Report
US-7594011-B2,34860848,Network traffic monitoring for search popularity analysis,NARUS INC,https://patents.google.com/patent/US7594011B2,US-6763362-B2,25546405,Method and system for updating a search engine,MICRON TECHNOLOGY INC,https://patents.google.com/patent/US6763362B2,SEA,Search Report
US-7596786-B2,37592405,Method and apparatus for utilizing an existing product code to issue a match to a predetermined location on a global network,RPX LV ACQUISITION LLC,https://patents.google.com/patent/US7596786B2,US-6330669-B1,22744481,OS multi boot integrator,MICRON TECHNOLOGY INC,https://patents.google.com/patent/US6330669B1,APP,Applicant
US-7599917-B2,37743763,Ranking search results using biased click distance,MICROSOFT CORP,https://patents.google.com/patent/US7599917B2,US-6763362-B2,25546405,Method and system for updating a search engine,MICRON TECHNOLOGY INC,https://patents.google.com/patent/US6763362B2,APP,Applicant
US-7599966-B2,36698129,System and method for improving online search engine results,YAHOO INC,https://patents.google.com/patent/US7599966B2,US-2005-0015394-A1,25546405,Method and system for updating a search engine,Mckeeth Jim,https://patents.google.com/patent/US20050015394A1,SEA,Search Report
US-7603616-B2,23961535,Proxy server using a statistical model,MICROSOFT CORP,https://patents.google.com/patent/US7603616B2,US-6763362-B2,25546405,Method and system for updating a search engine,MICRON TECHNOLOGY INC,https://patents.google.com/patent/US6763362B2,APP,Applicant
US-7614087-B2,31987054,"Apparatus, method and computer program for controlling use of a content",SONY CORP,https://patents.google.com/patent/US7614087B2,US-6327707-B1,23257519,"Method, programmed medium and system for customizing pre-loaded software",MICRON TECHNOLOGY INC,https://patents.google.com/patent/US6327707B1,SEA,Search Report
US-7617135-B2,37036345,Enhancing touch and feel on the internet,ILLINOIS COMP RES LLC,https://patents.google.com/patent/US7617135B2,US-6661419-B2,22382884,Animation packager for an on-line book,MICRON TECHNOLOGY INC,https://patents.google.com/patent/US6661419B2,APP,Applicant
US-7627568-B2,25546405,Method and system for updating a search engine database based on popularity of links,MICRON TECHNOLOGY INC,https://patents.google.com/patent/US7627568B2,US-6763362-B2,25546405,Method and system for updating a search engine,MICRON TECHNOLOGY INC,https://patents.google.com/patent/US6763362B2,SEA,Search Report
US-7631035-B2,26826742,Path-analysis toolbar,DIGITAL RIVER INC,https://patents.google.com/patent/US7631035B2,US-6763362-B2,25546405,Method and system for updating a search engine,MICRON TECHNOLOGY INC,https://patents.google.com/patent/US6763362B2,SEA,Search Report
US-7631121-B2,29707928,System and apparatus for compressing and decompressing data stored to a portable data storage device,TREK 2000 INT LTD,https://patents.google.com/patent/US7631121B2,US-6766456-B1,32682653,Method and system for authenticating a user of a computer system,MICRON TECHNOLOGY INC,https://patents.google.com/patent/US6766456B1,APP,Applicant
US-7636788-B2,38577888,Method and apparatus for matching a user&#39;s use profile in commerce with a broadcast,RPX LV ACQUISITION LLC,https://patents.google.com/patent/US7636788B2,US-6330669-B1,22744481,OS multi boot integrator,MICRON TECHNOLOGY INC,https://patents.google.com/patent/US6330669B1,APP,Applicant
US-7647323-B2,26826738,Web-site performance analysis system and method of providing a web-site performance analysis service,DIGITAL RIVER INC,https://patents.google.com/patent/US7647323B2,US-6763362-B2,25546405,Method and system for updating a search engine,MICRON TECHNOLOGY INC,https://patents.google.com/patent/US6763362B2,APP,Applicant
US-7650470-B2,20428963,Method and devices for data transfer,TREK 2000 INTERNATIONAL LTD,https://patents.google.com/patent/US7650470B2,US-6766456-B1,32682653,Method and system for authenticating a user of a computer system,MICRON TECHNOLOGY INC,https://patents.google.com/patent/US6766456B1,APP,Applicant
US-7652669-B2,22382884,Animation packager for an on-line book,MICRON TECHNOLOGY INC,https://patents.google.com/patent/US7652669B2,US-2003-0052884-A1,22382884,Animation packager for an on-line book,Mckeeth James A.,https://patents.google.com/patent/US20030052884A1,SEA,Search Report
US-7652669-B2,22382884,Animation packager for an on-line book,MICRON TECHNOLOGY INC,https://patents.google.com/patent/US7652669B2,US-2004-0130551-A1,22382884,Animation packager for an on-line book,Mckeeth James A.,https://patents.google.com/patent/US20040130551A1,SEA,Search Report
US-7652669-B2,22382884,Animation packager for an on-line book,MICRON TECHNOLOGY INC,https://patents.google.com/patent/US7652669B2,US-2006-0017736-A1,22382884,Animation packager for an on-line book,MCKEETH JAMES A,https://patents.google.com/patent/US20060017736A1,SEA,Search Report
US-7652669-B2,22382884,Animation packager for an on-line book,MICRON TECHNOLOGY INC,https://patents.google.com/patent/US7652669B2,US-6157392-A,22382884,Animation packager for an on-line book,MICRON TECHNOLOGY INC,https://patents.google.com/patent/US6157392A,SEA,Search Report
US-7652669-B2,22382884,Animation packager for an on-line book,MICRON TECHNOLOGY INC,https://patents.google.com/patent/US7652669B2,US-6219069-B1,22383812,Method for generating animation in an on-line book,MICRON ELECTRONICS INC,https://patents.google.com/patent/US6219069B1,SEA,Search Report
US-7652669-B2,22382884,Animation packager for an on-line book,MICRON TECHNOLOGY INC,https://patents.google.com/patent/US7652669B2,US-6483512-B1,22382884,Animation packager for an on-line book,MICRON TECHNOLOGY INC,https://patents.google.com/patent/US6483512B1,SEA,Search Report
US-7652669-B2,22382884,Animation packager for an on-line book,MICRON TECHNOLOGY INC,https://patents.google.com/patent/US7652669B2,US-6661419-B2,22382884,Animation packager for an on-line book,MICRON TECHNOLOGY INC,https://patents.google.com/patent/US6661419B2,SEA,Search Report
US-7652669-B2,22382884,Animation packager for an on-line book,MICRON TECHNOLOGY INC,https://patents.google.com/patent/US7652669B2,US-7053899-B2,22382884,Animation packager for an on-line book,MICRON TECHNOLOGY INC,https://patents.google.com/patent/US7053899B2,SEA,Search Report
US-7657095-B2,37523704,"Information processing apparatus, method and program",TOSHIBA KK,https://patents.google.com/patent/US7657095B2,US-2005-0021960-A1,32682653,Method and system for authenticating a user of a computer system,Mckeeth James,https://patents.google.com/patent/US20050021960A1,SEA,Search Report
US-7676814-B2,34961961,Four layer architecture for network device drivers,GLOBALFOUNDRIES INC,https://patents.google.com/patent/US7676814B2,US-6260140-B1,22747798,Operating system multi boot integrator,MICRON ELECTRONICS INC,https://patents.google.com/patent/US6260140B1,SEA,Search Report
US-7685200-B2,39733877,Ranking and suggesting candidate objects,MICROSOFT CORP,https://patents.google.com/patent/US7685200B2,US-2005-0015394-A1,25546405,Method and system for updating a search engine,Mckeeth Jim,https://patents.google.com/patent/US20050015394A1,SEA,Search Report
US-7689820-B2,39226416,Rapid-boot computing device with dual operating systems,L3 COMM CORP,https://patents.google.com/patent/US7689820B2,US-2004-0210848-A1,32106387,Multiple operating system quick boot utility,"Vineyard James L., Mckeeth James A.",https://patents.google.com/patent/US20040210848A1,APP,Applicant
US-7689820-B2,39226416,Rapid-boot computing device with dual operating systems,L3 COMM CORP,https://patents.google.com/patent/US7689820B2,US-6330669-B1,22744481,OS multi boot integrator,MICRON TECHNOLOGY INC,https://patents.google.com/patent/US6330669B1,APP,Applicant
US-7689820-B2,39226416,Rapid-boot computing device with dual operating systems,L3 COMM CORP,https://patents.google.com/patent/US7689820B2,US-6727920-B1,32106387,Multiple operating system quick boot utility,MICRON TECHNOLOGY INC,https://patents.google.com/patent/US6727920B1,APP,Applicant
US-7716198-B2,36597373,Ranking search results using feature extraction,MICROSOFT CORP,https://patents.google.com/patent/US7716198B2,US-6763362-B2,25546405,Method and system for updating a search engine,MICRON TECHNOLOGY INC,https://patents.google.com/patent/US6763362B2,APP,Applicant
US-7716474-B2,33435260,Anti-piracy software protection system and method,BYTEBLAZE INC,https://patents.google.com/patent/US7716474B2,US-6327707-B1,23257519,"Method, programmed medium and system for customizing pre-loaded software",MICRON TECHNOLOGY INC,https://patents.google.com/patent/US6327707B1,APP,Applicant
US-7719132-B2,37907255,Ruggedized mobile computing device,L3 COMM CORP,https://patents.google.com/patent/US7719132B2,US-2004-0210848-A1,32106387,Multiple operating system quick boot utility,"Vineyard James L., Mckeeth James A.",https://patents.google.com/patent/US20040210848A1,APP,Applicant
US-7719132-B2,37907255,Ruggedized mobile computing device,L3 COMM CORP,https://patents.google.com/patent/US7719132B2,US-6330669-B1,22744481,OS multi boot integrator,MICRON TECHNOLOGY INC,https://patents.google.com/patent/US6330669B1,APP,Applicant
US-7719132-B2,37907255,Ruggedized mobile computing device,L3 COMM CORP,https://patents.google.com/patent/US7719132B2,US-6727920-B1,32106387,Multiple operating system quick boot utility,MICRON TECHNOLOGY INC,https://patents.google.com/patent/US6727920B1,APP,Applicant
US-7725725-B1,39199340,User-selectable signatures,ODOM GARY,https://patents.google.com/patent/US7725725B1,US-6766456-B1,32682653,Method and system for authenticating a user of a computer system,MICRON TECHNOLOGY INC,https://patents.google.com/patent/US6766456B1,SEA,Search Report
US-7734683-B1,8164019,Method for providing a DNS server address list from a server to a client,NOKIA CORP,https://patents.google.com/patent/US7734683B1,US-7188175-B1,37807256,Method and system for communicating between clients in a computer network,WEB COM INC,https://patents.google.com/patent/US7188175B1,SEA,Search Report
US-7734820-B1,42227031,Adaptive caching for a distributed file sharing system,SYMANTEC OPERATING CORP,https://patents.google.com/patent/US7734820B1,US-6763362-B2,25546405,Method and system for updating a search engine,MICRON TECHNOLOGY INC,https://patents.google.com/patent/US6763362B2,SEA,Search Report
US-7739277-B2,35478739,System and method for incorporating anchor text into ranking search results,MICROSOFT CORP,https://patents.google.com/patent/US7739277B2,US-6763362-B2,25546405,Method and system for updating a search engine,MICRON TECHNOLOGY INC,https://patents.google.com/patent/US6763362B2,APP,Applicant
US-7739353-B2,39484499,Launching a web site using a personal device,RPX LV ACQUISITION LLC,https://patents.google.com/patent/US7739353B2,US-6330669-B1,22744481,OS multi boot integrator,MICRON TECHNOLOGY INC,https://patents.google.com/patent/US6330669B1,APP,Applicant
US-7743060-B2,34795352,Architecture for an indexer,IBM,https://patents.google.com/patent/US7743060B2,US-6763362-B2,25546405,Method and system for updating a search engine,MICRON TECHNOLOGY INC,https://patents.google.com/patent/US6763362B2,APP,Applicant
US-7752200-B2,35908078,Method and system for identifying keywords for use in placing keyword-targeted advertisements,AMAZON TECH INC,https://patents.google.com/patent/US7752200B2,US-6763362-B2,25546405,Method and system for updating a search engine,MICRON TECHNOLOGY INC,https://patents.google.com/patent/US6763362B2,APP,Applicant
US-7761448-B2,35561746,System and method for ranking search results using click distance,MICROSOFT CORP,https://patents.google.com/patent/US7761448B2,US-6763362-B2,25546405,Method and system for updating a search engine,MICRON TECHNOLOGY INC,https://patents.google.com/patent/US6763362B2,APP,Applicant
US-7761606-B2,32867993,Method and system to secure a connection application for distribution to multiple end-users,IPASS INC,https://patents.google.com/patent/US7761606B2,US-6327707-B1,23257519,"Method, programmed medium and system for customizing pre-loaded software",MICRON TECHNOLOGY INC,https://patents.google.com/patent/US6327707B1,APP,Applicant
US-7765592-B2,34743067,"Changed file identification, software conflict resolution and unwanted file removal",MICROSOFT CORP,https://patents.google.com/patent/US7765592B2,US-2003-0105744-A1,25546405,Method and system for updating a search engine,Mckeeth Jim,https://patents.google.com/patent/US20030105744A1,SEA,Search Report
US-7769145-B2,46301166,Telephone calling interface,TECH SYSTEMS INC Q,https://patents.google.com/patent/US7769145B2,US-7188175-B1,37807256,Method and system for communicating between clients in a computer network,WEB COM INC,https://patents.google.com/patent/US7188175B1,SEA,Search Report
US-7769145-B2,46301166,Telephone calling interface,TECH SYSTEMS INC Q,https://patents.google.com/patent/US7769145B2,US-7509428-B2,37807256,Method and system for communicating between clients in a computer network,WEB COM INC,https://patents.google.com/patent/US7509428B2,SEA,Search Report
US-7769638-B1,42358903,Systems and methods for verifying authorization for electronic commerce,FIRST DATA CORP,https://patents.google.com/patent/US7769638B1,US-6766456-B1,32682653,Method and system for authenticating a user of a computer system,MICRON TECHNOLOGY INC,https://patents.google.com/patent/US6766456B1,APP,Applicant
US-7783626-B2,34795343,Pipelined architecture for global analysis and index building,IBM,https://patents.google.com/patent/US7783626B2,US-6763362-B2,25546405,Method and system for updating a search engine,MICRON TECHNOLOGY INC,https://patents.google.com/patent/US6763362B2,APP,Applicant
US-7783780-B2,25411614,Method and system for mapping a domain name with no associated address to an address,DEMAND MEDIA INC,https://patents.google.com/patent/US7783780B2,US-7188175-B1,37807256,Method and system for communicating between clients in a computer network,WEB COM INC,https://patents.google.com/patent/US7188175B1,APP,Applicant
US-7792639-B2,35137554,Host based satellite positioning systems,SIRF TECH INC,https://patents.google.com/patent/US7792639B2,US-6727920-B1,32106387,Multiple operating system quick boot utility,MICRON TECHNOLOGY INC,https://patents.google.com/patent/US6727920B1,SEA,Search Report
US-7792745-B2,26880875,Method and system to facilitate financial settlement of service access transactions between multiple parties,IPASS INC,https://patents.google.com/patent/US7792745B2,US-6327707-B1,23257519,"Method, programmed medium and system for customizing pre-loaded software",MICRON TECHNOLOGY INC,https://patents.google.com/patent/US6327707B1,APP,Applicant
US-7792811-B2,39331568,Intelligent search with guiding info,TRANSAXTIONS LLC,https://patents.google.com/patent/US7792811B2,US-6763362-B2,25546405,Method and system for updating a search engine,MICRON TECHNOLOGY INC,https://patents.google.com/patent/US6763362B2,APP,Applicant
US-7792833-B2,46324355,Ranking search results using language types,MICROSOFT CORP,https://patents.google.com/patent/US7792833B2,US-6763362-B2,25546405,Method and system for updating a search engine,MICRON TECHNOLOGY INC,https://patents.google.com/patent/US6763362B2,APP,Applicant
US-7797316-B2,34426887,Systems and methods for determining document freshness,GOOGLE INC,https://patents.google.com/patent/US7797316B2,US-2003-0105744-A1,25546405,Method and system for updating a search engine,Mckeeth Jim,https://patents.google.com/patent/US20030105744A1,APP,Applicant
US-7801880-B2,36581869,Crawling databases for information,MICROSOFT CORP,https://patents.google.com/patent/US7801880B2,US-6763362-B2,25546405,Method and system for updating a search engine,MICRON TECHNOLOGY INC,https://patents.google.com/patent/US6763362B2,SEA,Search Report
US-7819316-B2,39561794,Portable scanner for enabling automatic commerce transactions,LV PARTNERS L P,https://patents.google.com/patent/US7819316B2,US-6330669-B1,22744481,OS multi boot integrator,MICRON TECHNOLOGY INC,https://patents.google.com/patent/US6330669B1,APP,Applicant
US-7822829-B2,27767427,Method for interfacing scanned product information with a source for the product over a global network,RPX LV ACQUISITION LLC,https://patents.google.com/patent/US7822829B2,US-6330669-B1,22744481,OS multi boot integrator,MICRON TECHNOLOGY INC,https://patents.google.com/patent/US6330669B1,APP,Applicant
US-7822961-B2,25510791,Semi-persistent relocatable ram-based virtual floppy disk method,HEWLETT PACKARD DEVELOPMENT CO,https://patents.google.com/patent/US7822961B2,US-6727920-B1,32106387,Multiple operating system quick boot utility,MICRON TECHNOLOGY INC,https://patents.google.com/patent/US6727920B1,SEA,Search Report
US-7827181-B2,37906488,Click distance determination,MICROSOFT CORP,https://patents.google.com/patent/US7827181B2,US-6763362-B2,25546405,Method and system for updating a search engine,MICRON TECHNOLOGY INC,https://patents.google.com/patent/US6763362B2,APP,Applicant
US-7840569-B2,40564495,Enterprise relevancy ranking using a neural network,MICROSOFT CORP,https://patents.google.com/patent/US7840569B2,US-6763362-B2,25546405,Method and system for updating a search engine,MICRON TECHNOLOGY INC,https://patents.google.com/patent/US6763362B2,APP,Applicant
US-7840572-B2,34381362,Document scoring based on document inception date,GOOGLE INC,https://patents.google.com/patent/US7840572B2,US-2003-0105744-A1,25546405,Method and system for updating a search engine,Mckeeth Jim,https://patents.google.com/patent/US20030105744A1,APP,Applicant
US-7840909-B2,38175118,Portable computing apparatus and processing method using the same,SAMSUNG ELECTRONICS CO LTD,https://patents.google.com/patent/US7840909B2,US-6727920-B1,32106387,Multiple operating system quick boot utility,MICRON TECHNOLOGY INC,https://patents.google.com/patent/US6727920B1,SEA,Search Report
US-7847806-B2,32063522,"Image processing method, image processing apparatus, and printing apparatus",CANON KK,https://patents.google.com/patent/US7847806B2,US-6157392-A,22382884,Animation packager for an on-line book,MICRON TECHNOLOGY INC,https://patents.google.com/patent/US6157392A,SEA,Search Report
US-7865461-B1,43385061,System and method for cleansing enterprise data,AT & T IP II LP,https://patents.google.com/patent/US7865461B1,US-2005-0015394-A1,25546405,Method and system for updating a search engine,Mckeeth Jim,https://patents.google.com/patent/US20050015394A1,SEA,Search Report
US-7865494-B2,33517366,Personalized indexing and searching for information in a distributed data processing system,IBM,https://patents.google.com/patent/US7865494B2,US-2003-0105744-A1,25546405,Method and system for updating a search engine,Mckeeth Jim,https://patents.google.com/patent/US20030105744A1,SEA,Search Report
US-7865876-B2,9916868,Multiple trusted computing environments,HEWLETT PACKARD DEVELOPMENT CO,https://patents.google.com/patent/US7865876B2,US-6330669-B1,22744481,OS multi boot integrator,MICRON TECHNOLOGY INC,https://patents.google.com/patent/US6330669B1,APP,Applicant
US-7870189-B2,23947614,Input device having positional and scanning capabilities,RPX LV ACQUISITION LLC,https://patents.google.com/patent/US7870189B2,US-6330669-B1,22744481,OS multi boot integrator,MICRON TECHNOLOGY INC,https://patents.google.com/patent/US6330669B1,APP,Applicant
US-7877612-B2,32682653,System and method for controlling user access to an electronic device,MICRON TECHNOLOGY INC,https://patents.google.com/patent/US7877612B2,US-2005-0021960-A1,32682653,Method and system for authenticating a user of a computer system,Mckeeth James,https://patents.google.com/patent/US20050021960A1,APP,Applicant
US-7877612-B2,32682653,System and method for controlling user access to an electronic device,MICRON TECHNOLOGY INC,https://patents.google.com/patent/US7877612B2,US-2005-0022005-A1,32682653,System and method for controlling user access to an electronic device,Mckeeth James,https://patents.google.com/patent/US20050022005A1,APP,Applicant
US-7877612-B2,32682653,System and method for controlling user access to an electronic device,MICRON TECHNOLOGY INC,https://patents.google.com/patent/US7877612B2,US-2005-0044382-A1,32682653,System and method for user authentication,Mckeeth James,https://patents.google.com/patent/US20050044382A1,APP,Applicant
US-7877612-B2,32682653,System and method for controlling user access to an electronic device,MICRON TECHNOLOGY INC,https://patents.google.com/patent/US7877612B2,US-6766456-B1,32682653,Method and system for authenticating a user of a computer system,MICRON TECHNOLOGY INC,https://patents.google.com/patent/US6766456B1,APP,Applicant
US-7899446-B2,40137025,Method of controlling a PDA phone and PDA phone using the same,"GIGA BYTE COMM INC, GIGA BYTE TECH CO LTD",https://patents.google.com/patent/US7899446B2,US-6727920-B1,32106387,Multiple operating system quick boot utility,MICRON TECHNOLOGY INC,https://patents.google.com/patent/US6727920B1,APP,Applicant
US-7904344-B2,39426951,Accessing a vendor web site using personal account information retrieved from a credit card company web site,RPX LV ACQUISITION LLC,https://patents.google.com/patent/US7904344B2,US-6330669-B1,22744481,OS multi boot integrator,MICRON TECHNOLOGY INC,https://patents.google.com/patent/US6330669B1,APP,Applicant
US-7908467-B2,23492253,Automatic configuration of equipment software,RPX LV ACQUISTION LLC,https://patents.google.com/patent/US7908467B2,US-6330669-B1,22744481,OS multi boot integrator,MICRON TECHNOLOGY INC,https://patents.google.com/patent/US6330669B1,APP,Applicant
US-7912760-B2,27767427,Method and apparatus for utilizing a unique transaction code to update a magazine subscription over the internet,RPX LV ACQUISITION LLC,https://patents.google.com/patent/US7912760B2,US-6330669-B1,22744481,OS multi boot integrator,MICRON TECHNOLOGY INC,https://patents.google.com/patent/US6330669B1,APP,Applicant
US-7912961-B2,27767427,Input device for allowing input of unique digital code to a user&#39;s computer to control access thereof to a web site,RPX LV ACQUISITION LLC,https://patents.google.com/patent/US7912961B2,US-6330669-B1,22744481,OS multi boot integrator,MICRON TECHNOLOGY INC,https://patents.google.com/patent/US6330669B1,APP,Applicant
US-7921211-B2,32303805,Agile network protocol for secure communications using secure domain names,VIRNETX INC,https://patents.google.com/patent/US7921211B2,US-7188175-B1,37807256,Method and system for communicating between clients in a computer network,WEB COM INC,https://patents.google.com/patent/US7188175B1,APP,Applicant
US-7921290-B2,26815732,Method and system for securely authenticating network access credentials for users,IPASS INC,https://patents.google.com/patent/US7921290B2,US-6327707-B1,23257519,"Method, programmed medium and system for customizing pre-loaded software",MICRON TECHNOLOGY INC,https://patents.google.com/patent/US6327707B1,APP,Applicant
US-7925780-B2,37833499,Method for connecting a wireless device to a remote location on a network,RPX LV ACQUISITION LLC,https://patents.google.com/patent/US7925780B2,US-6330669-B1,22744481,OS multi boot integrator,MICRON TECHNOLOGY INC,https://patents.google.com/patent/US6330669B1,APP,Applicant
US-7933990-B2,24007717,Agile network protocol for secure communications with assured system availability,VIRNETX INC,https://patents.google.com/patent/US7933990B2,US-7188175-B1,37807256,Method and system for communicating between clients in a computer network,WEB COM INC,https://patents.google.com/patent/US7188175B1,APP,Applicant
US-7941669-B2,26711718,Method and apparatus for enabling a user to select an authentication method,AMERICAN EXPRESS TRAVEL RELATE,https://patents.google.com/patent/US7941669B2,US-6766456-B1,32682653,Method and system for authenticating a user of a computer system,MICRON TECHNOLOGY INC,https://patents.google.com/patent/US6766456B1,SEA,Search Report
US-7945654-B2,32303805,Agile network protocol for secure communications using secure domain names,VIRNETX INC,https://patents.google.com/patent/US7945654B2,US-7188175-B1,37807256,Method and system for communicating between clients in a computer network,WEB COM INC,https://patents.google.com/patent/US7188175B1,SEA,Search Report
US-7949714-B1,43535624,System and method for targeting advertisements or other information using user geographical information,GOOGLE INC,https://patents.google.com/patent/US7949714B1,US-2005-0015394-A1,25546405,Method and system for updating a search engine,Mckeeth Jim,https://patents.google.com/patent/US20050015394A1,APP,Applicant
US-7957988-B2,34116203,"Systems, methods, and computer program products for storing and retrieving product availability information from a storage cache",TRAVELOCITY COM LP,https://patents.google.com/patent/US7957988B2,US-2003-0105744-A1,25546405,Method and system for updating a search engine,Mckeeth Jim,https://patents.google.com/patent/US20030105744A1,APP,Applicant
US-7958352-B2,35061829,Method and system for verifying and updating the configuration of an access device during authentication,IPASS INC,https://patents.google.com/patent/US7958352B2,US-6327707-B1,23257519,"Method, programmed medium and system for customizing pre-loaded software",MICRON TECHNOLOGY INC,https://patents.google.com/patent/US6327707B1,APP,Applicant
US-7961884-B2,31714640,Method and system for changing security information in a computer network,IPASS INC,https://patents.google.com/patent/US7961884B2,US-6327707-B1,23257519,"Method, programmed medium and system for customizing pre-loaded software",MICRON TECHNOLOGY INC,https://patents.google.com/patent/US6327707B1,APP,Applicant
US-7970761-B2,39796112,Automatic identification of components for a compound document in a content management system,IBM,https://patents.google.com/patent/US7970761B2,US-2005-0015394-A1,25546405,Method and system for updating a search engine,Mckeeth Jim,https://patents.google.com/patent/US20050015394A1,SEA,Search Report
US-7970761-B2,39796112,Automatic identification of components for a compound document in a content management system,IBM,https://patents.google.com/patent/US7970761B2,US-7627568-B2,25546405,Method and system for updating a search engine database based on popularity of links,MICRON TECHNOLOGY INC,https://patents.google.com/patent/US7627568B2,SEA,Search Report
US-7970867-B2,30443637,Hypermedia management system,MICROSOFT CORP,https://patents.google.com/patent/US7970867B2,US-2003-0105744-A1,25546405,Method and system for updating a search engine,Mckeeth Jim,https://patents.google.com/patent/US20030105744A1,SEA,Search Report
US-7970867-B2,30443637,Hypermedia management system,MICROSOFT CORP,https://patents.google.com/patent/US7970867B2,US-6763362-B2,25546405,Method and system for updating a search engine,MICRON TECHNOLOGY INC,https://patents.google.com/patent/US6763362B2,APP,Applicant
US-7979427-B2,25546405,Method and system for updating a search engine,ROUND ROCK RES LLC,https://patents.google.com/patent/US7979427B2,US-6763362-B2,25546405,Method and system for updating a search engine,MICRON TECHNOLOGY INC,https://patents.google.com/patent/US6763362B2,APP,Applicant
US-7979576-B2,39855699,Method and apparatus for connecting a user location to one of a plurality of destination locations on a network,RPX LV ACQUISITION LLC,https://patents.google.com/patent/US7979576B2,US-6330669-B1,22744481,OS multi boot integrator,MICRON TECHNOLOGY INC,https://patents.google.com/patent/US6330669B1,APP,Applicant
US-7987172-B1,44280187,Minimizing visibility of stale content in web searching including revising web crawl intervals of documents,GOOGLE INC,https://patents.google.com/patent/US7987172B1,US-6763362-B2,25546405,Method and system for updating a search engine,MICRON TECHNOLOGY INC,https://patents.google.com/patent/US6763362B2,APP,Applicant
US-7987274-B2,46300296,Method for establishing secure communication link between computers of virtual private network,VIRNETX INC,https://patents.google.com/patent/US7987274B2,US-7188175-B1,37807256,Method and system for communicating between clients in a computer network,WEB COM INC,https://patents.google.com/patent/US7188175B1,APP,Applicant
US-7991762-B1,40457252,Managing URLs,GOOGLE INC,https://patents.google.com/patent/US7991762B1,US-6763362-B2,25546405,Method and system for updating a search engine,MICRON TECHNOLOGY INC,https://patents.google.com/patent/US6763362B2,APP,Applicant
US-7991991-B2,39717276,"Apparatus operable under an operating system, method of controlling apparatus and computer-readable recording medium",FUJITSU LTD,https://patents.google.com/patent/US7991991B2,US-6727920-B1,32106387,Multiple operating system quick boot utility,MICRON TECHNOLOGY INC,https://patents.google.com/patent/US6727920B1,SEA,Search Report
US-7996397-B2,39967561,Using network traffic logs for search enhancement,YAHOO INC,https://patents.google.com/patent/US7996397B2,US-2003-0105744-A1,25546405,Method and system for updating a search engine,Mckeeth Jim,https://patents.google.com/patent/US20030105744A1,APP,Applicant
US-7996539-B2,26803485,Agile network protocol for secure communications with assured system availability,VIRNETX INC,https://patents.google.com/patent/US7996539B2,US-7188175-B1,37807256,Method and system for communicating between clients in a computer network,WEB COM INC,https://patents.google.com/patent/US7188175B1,APP,Applicant
US-8001462-B1,44358669,Updating search engine document index based on calculated age of changed portions in a document,GOOGLE INC,https://patents.google.com/patent/US8001462B1,US-2003-0105744-A1,25546405,Method and system for updating a search engine,Mckeeth Jim,https://patents.google.com/patent/US20030105744A1,SEA,Search Report
US-8001462-B1,44358669,Updating search engine document index based on calculated age of changed portions in a document,GOOGLE INC,https://patents.google.com/patent/US8001462B1,US-2005-0015394-A1,25546405,Method and system for updating a search engine,Mckeeth Jim,https://patents.google.com/patent/US20050015394A1,SEA,Search Report
US-8005985-B2,46279591,Method and apparatus for utilizing an audibly coded signal to conduct commerce over the internet,RPX & MDASH LV ACQUISITION LLC,https://patents.google.com/patent/US8005985B2,US-6330669-B1,22744481,OS multi boot integrator,MICRON TECHNOLOGY INC,https://patents.google.com/patent/US6330669B1,APP,Applicant
US-8006099-B2,36010916,"Security management method, program, and information device",FUJITSU LTD,https://patents.google.com/patent/US8006099B2,US-2005-0044382-A1,32682653,System and method for user authentication,Mckeeth James,https://patents.google.com/patent/US20050044382A1,SEA,Search Report
US-8010793-B2,36263542,Data communication method and system,HITACHI LTD,https://patents.google.com/patent/US8010793B2,US-7188175-B1,37807256,Method and system for communicating between clients in a computer network,WEB COM INC,https://patents.google.com/patent/US7188175B1,SEA,Search Report
US-8042112-B1,50482029,Scheduler for search engine crawler,GOOGLE INC,https://patents.google.com/patent/US8042112B1,US-6763362-B2,25546405,Method and system for updating a search engine,MICRON TECHNOLOGY INC,https://patents.google.com/patent/US6763362B2,APP,Applicant
US-8051071-B2,34381362,Document scoring based on query analysis,GOOGLE INC,https://patents.google.com/patent/US8051071B2,US-2003-0105744-A1,25546405,Method and system for updating a search engine,Mckeeth Jim,https://patents.google.com/patent/US20030105744A1,APP,Applicant
US-8051181-B2,46300296,Method for establishing secure communication link between computers of virtual private network,VIRNETX INC,https://patents.google.com/patent/US8051181B2,US-7188175-B1,37807256,Method and system for communicating between clients in a computer network,WEB COM INC,https://patents.google.com/patent/US7188175B1,APP,Applicant
US-8069098-B2,27767427,Input device for allowing interface to a web site in association with a unique input code,"PHILYAW JEFFRY JOVAN, MATHEWS DAVID KENT, RPX LV ACQUISITION LLC",https://patents.google.com/patent/US8069098B2,US-6330669-B1,22744481,OS multi boot integrator,MICRON TECHNOLOGY INC,https://patents.google.com/patent/US6330669B1,APP,Applicant
US-8079079-B2,37591239,Multimodal authentication,"ZHANG ZHENGYOU, WILLIAMS DAVID W, KONG YUAN, LIU ZICHENG, KURLANDER DAVID, SINCLAIR MIKE, MICROSOFT CORP",https://patents.google.com/patent/US8079079B2,US-2005-0022005-A1,32682653,System and method for controlling user access to an electronic device,Mckeeth James,https://patents.google.com/patent/US20050022005A1,SEA,Search Report
US-8082244-B2,34426887,Systems and methods for determining document freshness,"HENZINGER MONIKA, GOOGLE INC",https://patents.google.com/patent/US8082244B2,US-2003-0105744-A1,25546405,Method and system for updating a search engine,Mckeeth Jim,https://patents.google.com/patent/US20030105744A1,APP,Applicant
US-8082246-B2,35561746,System and method for ranking search results using click distance,"MEYERZON DMITRIY, ZARAGOZA HUGO, MICROSOFT CORP",https://patents.google.com/patent/US8082246B2,US-6763362-B2,25546405,Method and system for updating a search engine,MICRON TECHNOLOGY INC,https://patents.google.com/patent/US6763362B2,APP,Applicant
US-8083593-B2,39594808,Recording media on gaming consoles,"WHITE JASON, ROSHAK TODD, TURKSTRA CHRIS, SEETHARAMAN LOGANANTH, MILLIGAN TIMOTHY, LAW STACEY, DISCOLO ANTHONY, MICROSOFT CORP",https://patents.google.com/patent/US8083593B2,US-6727920-B1,32106387,Multiple operating system quick boot utility,MICRON TECHNOLOGY INC,https://patents.google.com/patent/US6727920B1,APP,Applicant
US-8086505-B2,26852399,Enhancing touch and feel on the internet,"HARRIS SCOTT C, ILLINOIS COMP RES LLC",https://patents.google.com/patent/US8086505B2,US-6661419-B2,22382884,Animation packager for an on-line book,MICRON TECHNOLOGY INC,https://patents.google.com/patent/US6661419B2,APP,Applicant
US-8095597-B2,25298808,Method and system of automating data capture from electronic correspondence,"RAWAT JAI, DOUNDAKOVA SILVIA, D SA OSWALD DOMINIC, GORDON JULIAN, KULKARNI RENUKA, DHANAPAL VIJAYASANKAR, GUBBALA SRINIVAS, RAMAN SANTHOSH, ANAND RAJIV, AOL INC",https://patents.google.com/patent/US8095597B2,US-6327707-B1,23257519,"Method, programmed medium and system for customizing pre-loaded software",MICRON TECHNOLOGY INC,https://patents.google.com/patent/US6327707B1,APP,Applicant
US-8099660-B1,45445190,Tool for managing online content,"O'SULLIVAN JOSEPH K, GORDON CATHY, GOOGLE INC",https://patents.google.com/patent/US8099660B1,US-6763362-B2,25546405,Method and system for updating a search engine,MICRON TECHNOLOGY INC,https://patents.google.com/patent/US6763362B2,SEA,Search Report
US-8103973-B2,26852399,Enhancing touch and feel on the internet,"HARRIS SCOTT C, ILLINOIS COMP RES LLC",https://patents.google.com/patent/US8103973B2,US-6661419-B2,22382884,Animation packager for an on-line book,MICRON TECHNOLOGY INC,https://patents.google.com/patent/US6661419B2,APP,Applicant
US-8112426-B2,34381362,Document scoring based on document content update,"ACHARYA ANURAG, DEAN JEFFREY, HAAHR PAUL, HENZINGER MONIKA, LAWRENCE STEVE, PFLEGER KARL, TONG SIMON, GOOGLE INC",https://patents.google.com/patent/US8112426B2,US-2003-0105744-A1,25546405,Method and system for updating a search engine,Mckeeth Jim,https://patents.google.com/patent/US20030105744A1,APP,Applicant
US-8140589-B2,39796124,Autonomic updating of templates in a content management system,"PETRI JOHN EDWARD, IBM",https://patents.google.com/patent/US8140589B2,US-2005-0015394-A1,25546405,Method and system for updating a search engine,Mckeeth Jim,https://patents.google.com/patent/US20050015394A1,APP,Applicant
US-8140589-B2,39796124,Autonomic updating of templates in a content management system,"PETRI JOHN EDWARD, IBM",https://patents.google.com/patent/US8140589B2,US-7627568-B2,25546405,Method and system for updating a search engine database based on popularity of links,MICRON TECHNOLOGY INC,https://patents.google.com/patent/US7627568B2,APP,Applicant
US-8145913-B1,45841976,System and method for password protection,"ZAITSEV OLEG V, KASPERSKY LAB ZAO",https://patents.google.com/patent/US8145913B1,US-6766456-B1,32682653,Method and system for authenticating a user of a computer system,MICRON TECHNOLOGY INC,https://patents.google.com/patent/US6766456B1,SEA,Search Report
US-8145913-B1,45841976,System and method for password protection,"ZAITSEV OLEG V, KASPERSKY LAB ZAO",https://patents.google.com/patent/US8145913B1,US-7877612-B2,32682653,System and method for controlling user access to an electronic device,MICRON TECHNOLOGY INC,https://patents.google.com/patent/US7877612B2,APP,Applicant
US-8161033-B2,42184367,Scheduler for search engine crawler,"RANDALL KEITH H, GOOGLE INC",https://patents.google.com/patent/US8161033B2,US-6763362-B2,25546405,Method and system for updating a search engine,MICRON TECHNOLOGY INC,https://patents.google.com/patent/US6763362B2,APP,Applicant
US-8176547-B2,32682653,System and method for controlling user access to an electronic device,"MCKEETH JAMES, MICRON TECHNOLOGY INC",https://patents.google.com/patent/US8176547B2,US-2005-0021960-A1,32682653,Method and system for authenticating a user of a computer system,Mckeeth James,https://patents.google.com/patent/US20050021960A1,APP,Applicant
US-8176547-B2,32682653,System and method for controlling user access to an electronic device,"MCKEETH JAMES, MICRON TECHNOLOGY INC",https://patents.google.com/patent/US8176547B2,US-2005-0022005-A1,32682653,System and method for controlling user access to an electronic device,Mckeeth James,https://patents.google.com/patent/US20050022005A1,APP,Applicant
US-8176547-B2,32682653,System and method for controlling user access to an electronic device,"MCKEETH JAMES, MICRON TECHNOLOGY INC",https://patents.google.com/patent/US8176547B2,US-2005-0044382-A1,32682653,System and method for user authentication,Mckeeth James,https://patents.google.com/patent/US20050044382A1,APP,Applicant
US-8176547-B2,32682653,System and method for controlling user access to an electronic device,"MCKEETH JAMES, MICRON TECHNOLOGY INC",https://patents.google.com/patent/US8176547B2,US-6766456-B1,32682653,Method and system for authenticating a user of a computer system,MICRON TECHNOLOGY INC,https://patents.google.com/patent/US6766456B1,APP,Applicant
US-8176547-B2,32682653,System and method for controlling user access to an electronic device,"MCKEETH JAMES, MICRON TECHNOLOGY INC",https://patents.google.com/patent/US8176547B2,US-7877612-B2,32682653,System and method for controlling user access to an electronic device,MICRON TECHNOLOGY INC,https://patents.google.com/patent/US7877612B2,APP,Applicant
US-8185522-B2,34381362,Document scoring based on query analysis,"DEAN JEFFREY, HAAHR PAUL, HENZINGER MONIKA, LAWRENCE STEVE, PFLEGER KARL, SERCINOGLU OLCAN, TONG SIMON, GOOGLE INC",https://patents.google.com/patent/US8185522B2,US-2003-0105744-A1,25546405,Method and system for updating a search engine,Mckeeth Jim,https://patents.google.com/patent/US20030105744A1,APP,Applicant
US-8203952-B2,39967561,Using network traffic logs for search enhancement,"BORKOVSKY ARKADY, COOK DOUGLAS M, LANGLOIS JEAN-MARC, POUTANEN TOMI, ZHA HONGYUAN, YAHOO INC",https://patents.google.com/patent/US8203952B2,US-2003-0105744-A1,25546405,Method and system for updating a search engine,Mckeeth Jim,https://patents.google.com/patent/US20030105744A1,SEA,Search Report
US-8209462-B2,20428793,Portable data storage device,"CHENG CHONG SENG, POO TENG PIN, TREK 2000 INT LTD",https://patents.google.com/patent/US8209462B2,US-6766456-B1,32682653,Method and system for authenticating a user of a computer system,MICRON TECHNOLOGY INC,https://patents.google.com/patent/US6766456B1,APP,Applicant
US-8214886-B2,26711718,Method and apparatus for enabling a user to select an authentication method,"FOLEY JAMES M, JOHNSON RICK D, NAMBIAR ANANT, AMERICAN EXPRESS TRAVEL RELATE",https://patents.google.com/patent/US8214886B2,US-6766456-B1,32682653,Method and system for authenticating a user of a computer system,MICRON TECHNOLOGY INC,https://patents.google.com/patent/US6766456B1,APP,Applicant
US-8218765-B2,9909412,Information system,"PROUDLER GRAEME JOHN, BALACHEFF BORIS, HEWLETT PACKARD DEVELOPMENT CO",https://patents.google.com/patent/US8218765B2,US-6330669-B1,22744481,OS multi boot integrator,MICRON TECHNOLOGY INC,https://patents.google.com/patent/US6330669B1,APP,Applicant
US-8219496-B2,9909494,Method of and apparatus for ascertaining the status of a data processing environment,"PEARSON SIANI LYNNE, PROUDLER GRAEME JOHN, HEWLETT PACKARD DEVELOPMENT CO",https://patents.google.com/patent/US8219496B2,US-6330669-B1,22744481,OS multi boot integrator,MICRON TECHNOLOGY INC,https://patents.google.com/patent/US6330669B1,APP,Applicant
US-8224827-B2,34381362,Document ranking based on document classification,"DEAN JEFFREY, HAAHR PAUL, HENZINGER MONIKA, LAWRENCE STEVE, PFLEGER KARL, SERCINOGLU OLCAN, TONG SIMON, GOOGLE INC",https://patents.google.com/patent/US8224827B2,US-2003-0105744-A1,25546405,Method and system for updating a search engine,Mckeeth Jim,https://patents.google.com/patent/US20030105744A1,APP,Applicant
US-8234273-B2,34381362,Document scoring based on document content update,"ACHARYA ANURAG, DEAN JEFFREY, HAAHR PAUL, HENZINGER MONIKA, LAWRENCE STEVE, PFLEGER KARL, TONG SIMON, GOOGLE INC",https://patents.google.com/patent/US8234273B2,US-2003-0105744-A1,25546405,Method and system for updating a search engine,Mckeeth Jim,https://patents.google.com/patent/US20030105744A1,APP,Applicant
US-8239378-B2,34381362,Document scoring based on query analysis,"DEAN JEFFREY, HAAHR PAUL, HENZINGER MONIKA, LAWRENCE STEVE, PFLEGER KARL, SERCINOGLU OLCAN, TONG SIMON, GOOGLE INC",https://patents.google.com/patent/US8239378B2,US-2003-0105744-A1,25546405,Method and system for updating a search engine,Mckeeth Jim,https://patents.google.com/patent/US20030105744A1,APP,Applicant
US-8239854-B2,39788890,Bookmark and configuration file for installation sequence,"SONKIN DMITRY, VARTAK UNMESH, GREISEN MARC, MICROSOFT CORP",https://patents.google.com/patent/US8239854B2,US-6330669-B1,22744481,OS multi boot integrator,MICRON TECHNOLOGY INC,https://patents.google.com/patent/US6330669B1,SEA,Search Report
US-8244723-B2,34381362,Document scoring based on query analysis,"DEAN JEFFREY, HAAHR PAUL, HENZINGER MONIKA, LAWRENCE STEVE, PFLEGER KARL, SERCINOGLU OLCAN, TONG SIMON, GOOGLE INC",https://patents.google.com/patent/US8244723B2,US-2003-0105744-A1,25546405,Method and system for updating a search engine,Mckeeth Jim,https://patents.google.com/patent/US20030105744A1,APP,Applicant
US-8250630-B2,42679404,Detecting unauthorized computer access,"MENDONCA EDUARDO, CISCO TECH INC",https://patents.google.com/patent/US8250630B2,US-6327707-B1,23257519,"Method, programmed medium and system for customizing pre-loaded software",MICRON TECHNOLOGY INC,https://patents.google.com/patent/US6327707B1,SEA,Search Report
US-8255982-B2,26711718,Method and apparatus for enabling a user to select an authentication method,"FOLEY JAMES M, JOHNSON RICK D, NAMBIAR ANANT, AMERICAN EXPRESS TRAVEL RELATE",https://patents.google.com/patent/US8255982B2,US-6766456-B1,32682653,Method and system for authenticating a user of a computer system,MICRON TECHNOLOGY INC,https://patents.google.com/patent/US6766456B1,APP,Applicant
US-8266143-B2,34381362,Document scoring based on query analysis,"DEAN JEFFREY, HAAHR PAUL, HENZINGER MONIKA, LAWRENCE STEVE, PFLEGER KARL, SERCINOGLU OLCAN, TONG SIMON, GOOGLE INC",https://patents.google.com/patent/US8266143B2,US-2003-0105744-A1,25546405,Method and system for updating a search engine,Mckeeth Jim,https://patents.google.com/patent/US20030105744A1,APP,Applicant
US-8271498-B2,36126873,Searching documents for ranges of numeric values,"FONTOURA MARCUS FELIPE, LEMPEL RONNY, QI RUNPING, ZIEN JASON YEONG, IBM",https://patents.google.com/patent/US8271498B2,US-6763362-B2,25546405,Method and system for updating a search engine,MICRON TECHNOLOGY INC,https://patents.google.com/patent/US6763362B2,APP,Applicant
US-8271642-B1,46800826,"System, method, and computer program product for isolating a device associated with at least potential data leakage activity, based on user input","SANKARARAMAN SRINIVASAN, KOLINGIVADI DEEPAKESWARAN, MCAFEE INC",https://patents.google.com/patent/US8271642B1,US-2005-0022005-A1,32682653,System and method for controlling user access to an electronic device,Mckeeth James,https://patents.google.com/patent/US20050022005A1,SEA,Search Report
US-8285724-B2,34795353,System and program for handling anchor text,"KRAFT REINER, NEUMANN ANDREAS, IBM",https://patents.google.com/patent/US8285724B2,US-6763362-B2,25546405,Method and system for updating a search engine,MICRON TECHNOLOGY INC,https://patents.google.com/patent/US6763362B2,APP,Applicant
US-8285842-B1,46964333,Method and apparatus for dynamically specifying location collection and computation logic,"CHEN TSUWEI, JI ZHENGRONG, GOOGLE INC",https://patents.google.com/patent/US8285842B1,US-6763362-B2,25546405,Method and system for updating a search engine,MICRON TECHNOLOGY INC,https://patents.google.com/patent/US6763362B2,SEA,Search Report
US-8285978-B2,41342951,"Storage medium storing master boot record, computer system having the same and booting method of the computer system","KIM DEOK-RAE, CHO KEON-YOUNG, KIM KYUNG-YOUNG, NAM SEUNG-LEE, SAMSUNG ELECTRONICS CO LTD",https://patents.google.com/patent/US8285978B2,US-2004-0210848-A1,32106387,Multiple operating system quick boot utility,"Vineyard James L., Mckeeth James A.",https://patents.google.com/patent/US20040210848A1,SEA,Search Report
US-8290929-B2,40584182,Media enhancement mechanism using embed code,"FISHER ROBERTO WARREN, KALABOUKIS CHRIS, MARTINEZ RONALD, ROGERS IAN C, YAHOO INC",https://patents.google.com/patent/US8290929B2,US-6157392-A,22382884,Animation packager for an on-line book,MICRON TECHNOLOGY INC,https://patents.google.com/patent/US6157392A,SEA,Search Report
US-8290929-B2,40584182,Media enhancement mechanism using embed code,"FISHER ROBERTO WARREN, KALABOUKIS CHRIS, MARTINEZ RONALD, ROGERS IAN C, YAHOO INC",https://patents.google.com/patent/US8290929B2,US-6219069-B1,22383812,Method for generating animation in an on-line book,MICRON ELECTRONICS INC,https://patents.google.com/patent/US6219069B1,SEA,Search Report
US-8290986-B2,40161830,Determining quality measures for web objects based on searcher behavior,"POPESCUL ALEXANDRIN, BRUNK CLIFFORD A, ZIMAK NADAV A, TSIOUTSIOULIKLIS KOSTAS, YAHOO INC",https://patents.google.com/patent/US8290986B2,US-2003-0105744-A1,25546405,Method and system for updating a search engine,Mckeeth Jim,https://patents.google.com/patent/US20030105744A1,APP,Applicant
US-8291012-B2,41258727,Address updating scheme for wireless communication,"GUPTA RAJARSHI, SUBRAMANIAN RAMACHANDRAN, QUALCOMM INC",https://patents.google.com/patent/US8291012B2,US-7509428-B2,37807256,Method and system for communicating between clients in a computer network,WEB COM INC,https://patents.google.com/patent/US7509428B2,SEA,Search Report
US-8291209-B2,40339271,Integration model for instant-on environment,"CHONG BENEDICT T, SHEU PHILIP, DENG THOMAS, CHIN VICTOR, FANG XUN, SHIU JIAN-JUNG, WANG HONG-SHENG, TSAI WEN-PIN, LIN WEI-NAN, SPLASHTOP INC",https://patents.google.com/patent/US8291209B2,US-6727920-B1,32106387,Multiple operating system quick boot utility,MICRON TECHNOLOGY INC,https://patents.google.com/patent/US6727920B1,APP,Applicant
US-8296304-B2,34795342,"Method, system, and program for handling redirects in a search engine","FONTOURA MARCUS F, NEUMANN ANDREAS, QI RUNPING, SHEKITA EUGENE J, IBM",https://patents.google.com/patent/US8296304B2,US-6763362-B2,25546405,Method and system for updating a search engine,MICRON TECHNOLOGY INC,https://patents.google.com/patent/US6763362B2,SEA,Search Report
US-8296440-B2,33437286,Method and apparatus for accessing a remote location with an optical reader having a programmable memory system,"PHILYAW JEFFRY JOVAN, DAVIS DOUGLAS L, RPX CORP",https://patents.google.com/patent/US8296440B2,US-6330669-B1,22744481,OS multi boot integrator,MICRON TECHNOLOGY INC,https://patents.google.com/patent/US6330669B1,APP,Applicant
US-8296831-B2,26711718,Method and apparatus for enabling a user to select an authentication method,"FOLEY JAMES M, JOHNSON RICK D, NAMBIAR ANANT, AMERICAN EXPRESS TRAVEL RELATE",https://patents.google.com/patent/US8296831B2,US-6766456-B1,32682653,Method and system for authenticating a user of a computer system,MICRON TECHNOLOGY INC,https://patents.google.com/patent/US6766456B1,APP,Applicant
US-8316029-B2,34381362,Document scoring based on traffic associated with a document,"LAWRENCE STEVE, GOOGLE INC",https://patents.google.com/patent/US8316029B2,US-2003-0105744-A1,25546405,Method and system for updating a search engine,Mckeeth Jim,https://patents.google.com/patent/US20030105744A1,APP,Applicant
US-8332408-B1,47289229,Date-based web page annotation,"RUDARY MATTHEW R, GOOGLE INC",https://patents.google.com/patent/US8332408B1,US-2003-0105744-A1,25546405,Method and system for updating a search engine,Mckeeth Jim,https://patents.google.com/patent/US20030105744A1,APP,Applicant
US-8332408-B1,47289229,Date-based web page annotation,"RUDARY MATTHEW R, GOOGLE INC",https://patents.google.com/patent/US8332408B1,US-2005-0015394-A1,25546405,Method and system for updating a search engine,Mckeeth Jim,https://patents.google.com/patent/US20050015394A1,APP,Applicant
US-8335986-B2,43626657,Previewing different types of documents,"CARLEN CONRAD, COFFMAN PATRICK, STAAKE RYAN, SARNOFF MATTHEW, APPLE INC",https://patents.google.com/patent/US8335986B2,US-2006-0017736-A1,22382884,Animation packager for an on-line book,MCKEETH JAMES A,https://patents.google.com/patent/US20060017736A1,SEA,Search Report
US-8335986-B2,43626657,Previewing different types of documents,"CARLEN CONRAD, COFFMAN PATRICK, STAAKE RYAN, SARNOFF MATTHEW, APPLE INC",https://patents.google.com/patent/US8335986B2,US-6219069-B1,22383812,Method for generating animation in an on-line book,MICRON ELECTRONICS INC,https://patents.google.com/patent/US6219069B1,SEA,Search Report
US-8346759-B2,36126873,Searching documents for ranges of numeric values,"IBM, FONTOURA MARCUS FELIPE, LEMPEL RONNY, QI RUNPING, ZIEN JASON YEONG",https://patents.google.com/patent/US8346759B2,US-6763362-B2,25546405,Method and system for updating a search engine,MICRON TECHNOLOGY INC,https://patents.google.com/patent/US6763362B2,APP,Applicant
US-8352745-B2,32682653,System and method for controlling user access to an electronic device,"MICRON TECHNOLOGY INC, MCKEETH JAMES",https://patents.google.com/patent/US8352745B2,US-2005-0021960-A1,32682653,Method and system for authenticating a user of a computer system,Mckeeth James,https://patents.google.com/patent/US20050021960A1,APP,Applicant
US-8352745-B2,32682653,System and method for controlling user access to an electronic device,"MICRON TECHNOLOGY INC, MCKEETH JAMES",https://patents.google.com/patent/US8352745B2,US-2005-0022005-A1,32682653,System and method for controlling user access to an electronic device,Mckeeth James,https://patents.google.com/patent/US20050022005A1,APP,Applicant
US-8352745-B2,32682653,System and method for controlling user access to an electronic device,"MICRON TECHNOLOGY INC, MCKEETH JAMES",https://patents.google.com/patent/US8352745B2,US-2005-0044382-A1,32682653,System and method for user authentication,Mckeeth James,https://patents.google.com/patent/US20050044382A1,APP,Applicant
US-8352745-B2,32682653,System and method for controlling user access to an electronic device,"MICRON TECHNOLOGY INC, MCKEETH JAMES",https://patents.google.com/patent/US8352745B2,US-2011-0119759-A1,32682653,System and method for controlling user access to an electronic device,MICRON TECHNOLOGY INC,https://patents.google.com/patent/US20110119759A1,APP,Applicant
US-8352745-B2,32682653,System and method for controlling user access to an electronic device,"MICRON TECHNOLOGY INC, MCKEETH JAMES",https://patents.google.com/patent/US8352745B2,US-6766456-B1,32682653,Method and system for authenticating a user of a computer system,MICRON TECHNOLOGY INC,https://patents.google.com/patent/US6766456B1,APP,Applicant
US-8352745-B2,32682653,System and method for controlling user access to an electronic device,"MICRON TECHNOLOGY INC, MCKEETH JAMES",https://patents.google.com/patent/US8352745B2,US-7877612-B2,32682653,System and method for controlling user access to an electronic device,MICRON TECHNOLOGY INC,https://patents.google.com/patent/US7877612B2,APP,Applicant
US-8359317-B2,41118619,Method and device for indexing resource content in computer networks,"IBM, ZHANG LING, YU SHEN",https://patents.google.com/patent/US8359317B2,US-2010-0057802-A1,25546405,Method and system for updating a search engine,MICRON TECHNOLOGY INC,https://patents.google.com/patent/US20100057802A1,SEA,Search Report
US-8359659-B2,37569171,Method and apparatus for protecting private information on a user apparatus,"CREATIVE TECH LTD, SIM WONG HOO, LEE TECK CHEE, TAN AIK TAT, CHOO GUAN CHUAN",https://patents.google.com/patent/US8359659B2,US-6766456-B1,32682653,Method and system for authenticating a user of a computer system,MICRON TECHNOLOGY INC,https://patents.google.com/patent/US6766456B1,SEA,Search Report
US-8375286-B2,31992561,Systems and methods for displaying statistical information on a web page,"ANCESTRY COM OPERATIONS INC, ALLEN PAUL, IVIE JAMES, PARKINSON GREG, THAYNE DAREN, WOLFGRAMM MICHAEL",https://patents.google.com/patent/US8375286B2,US-2003-0105744-A1,25546405,Method and system for updating a search engine,Mckeeth Jim,https://patents.google.com/patent/US20030105744A1,SEA,Search Report
US-8375286-B2,31992561,Systems and methods for displaying statistical information on a web page,"ANCESTRY COM OPERATIONS INC, ALLEN PAUL, IVIE JAMES, PARKINSON GREG, THAYNE DAREN, WOLFGRAMM MICHAEL",https://patents.google.com/patent/US8375286B2,US-2005-0015394-A1,25546405,Method and system for updating a search engine,Mckeeth Jim,https://patents.google.com/patent/US20050015394A1,SEA,Search Report
US-8375286-B2,31992561,Systems and methods for displaying statistical information on a web page,"ANCESTRY COM OPERATIONS INC, ALLEN PAUL, IVIE JAMES, PARKINSON GREG, THAYNE DAREN, WOLFGRAMM MICHAEL",https://patents.google.com/patent/US8375286B2,US-6763362-B2,25546405,Method and system for updating a search engine,MICRON TECHNOLOGY INC,https://patents.google.com/patent/US6763362B2,SEA,Search Report
US-8382481-B2,41380994,Problem shooting process intelligently adapted to fit user&#39;s skills,"IBM, BECKER SHERILYN M, HU WEI, POKORNY BRAD W, YIN JUN C",https://patents.google.com/patent/US8382481B2,US-7366985-B1,37831350,Text based markup language resource interface,MICRON TECHNOLOGY INC,https://patents.google.com/patent/US7366985B1,SEA,Search Report
US-8385915-B2,37662231,Service provider identifier,"AT & T IP I LP, PETRONELLI ANTHONY PAUL",https://patents.google.com/patent/US8385915B2,US-6411693-B1,23905838,Long distance modem warning,MICRON TECHNOLGY INC,https://patents.google.com/patent/US6411693B1,SEA,Search Report
US-8386459-B1,47721323,Scheduling a recrawl,"GOOGLE INC, AUERBACH DAVID B, ALPERT JESSE L",https://patents.google.com/patent/US8386459B1,US-6763362-B2,25546405,Method and system for updating a search engine,MICRON TECHNOLOGY INC,https://patents.google.com/patent/US6763362B2,APP,Applicant
US-8386460-B1,40457252,Managing URLs,"GOOGLE INC, ALPERT JESSE L, TAMMANA PRAVEEN K, KURZION YAIR",https://patents.google.com/patent/US8386460B1,US-6763362-B2,25546405,Method and system for updating a search engine,MICRON TECHNOLOGY INC,https://patents.google.com/patent/US6763362B2,APP,Applicant
US-8392966-B2,42312562,Limiting the availability of computational resources to a device to stimulate a user of the device to apply necessary updates,"FIFER NICHOLAS DUANE, GAYDA ILAN, GOLDBERG ITZHACK, MIZRACHI BOAZ, SILBERSHTEIN URI, IBM",https://patents.google.com/patent/US8392966B2,US-7366985-B1,37831350,Text based markup language resource interface,MICRON TECHNOLOGY INC,https://patents.google.com/patent/US7366985B1,APP,Applicant
US-8407204-B2,44280187,Minimizing visibility of stale content in web searching including revising web crawl intervals of documents,"CARVER ANTON P T, GOOGLE INC",https://patents.google.com/patent/US8407204B2,US-6763362-B2,25546405,Method and system for updating a search engine,MICRON TECHNOLOGY INC,https://patents.google.com/patent/US6763362B2,APP,Applicant
US-8407231-B2,34381362,Document scoring based on link-based criteria,"ACHARYA ANURAG, CUTTS MATT, DEAN JEFFREY, HAAHR PAUL, HENZINGER MONIKA, LAWRENCE STEVE, PFLEGER KARL, TONG SIMON, GOOGLE INC",https://patents.google.com/patent/US8407231B2,US-2003-0105744-A1,25546405,Method and system for updating a search engine,Mckeeth Jim,https://patents.google.com/patent/US20030105744A1,SEA,Search Report
US-8417693-B2,37075862,Enforcing native access control to indexed documents,"LEMPEL RONNY, LEYBA TODD, MCPHERSON JR JOHN A, PEREZ JUSTO LUIS, IBM",https://patents.google.com/patent/US8417693B2,US-6763362-B2,25546405,Method and system for updating a search engine,MICRON TECHNOLOGY INC,https://patents.google.com/patent/US6763362B2,APP,Applicant
US-8423885-B1,44358669,Updating search engine document index based on calculated age of changed portions in a document,"KUPKE JOACHIM, COX JEFF, GOOGLE INC",https://patents.google.com/patent/US8423885B1,US-2003-0105744-A1,25546405,Method and system for updating a search engine,Mckeeth Jim,https://patents.google.com/patent/US20030105744A1,APP,Applicant
US-8423885-B1,44358669,Updating search engine document index based on calculated age of changed portions in a document,"KUPKE JOACHIM, COX JEFF, GOOGLE INC",https://patents.google.com/patent/US8423885B1,US-2005-0015394-A1,25546405,Method and system for updating a search engine,Mckeeth Jim,https://patents.google.com/patent/US20050015394A1,APP,Applicant
US-8429415-B1,39199340,User-selectable signatures,"ODOM GARY, Tierra Intelectual Borinquen",https://patents.google.com/patent/US8429415B1,US-6766456-B1,32682653,Method and system for authenticating a user of a computer system,MICRON TECHNOLOGY INC,https://patents.google.com/patent/US6766456B1,APP,Applicant
US-8429416-B2,31493125,Method and apparatus of storage anti-piracy key encryption (SAKE) device to control data access for networks,"OOI CHIN SHYAN RAYMOND, LIM LAY CHUAN, POO TENG PIN, TAN HENRY, TREK 2000 INT LTD",https://patents.google.com/patent/US8429416B2,US-6766456-B1,32682653,Method and system for authenticating a user of a computer system,MICRON TECHNOLOGY INC,https://patents.google.com/patent/US6766456B1,APP,Applicant
US-8433307-B2,40137025,Method of controlling a PDA phone and PDA phone using the same,"CHEN WEI-TING, GIGA BYTE COMM INC, GIGA BYTE TECH CO LTD",https://patents.google.com/patent/US8433307B2,US-6727920-B1,32106387,Multiple operating system quick boot utility,MICRON TECHNOLOGY INC,https://patents.google.com/patent/US6727920B1,APP,Applicant
US-8443455-B2,31987054,"Apparatus, method, and computer program for controlling use of a content","NAKANO TAKEHIKO, SONY CORP",https://patents.google.com/patent/US8443455B2,US-6327707-B1,23257519,"Method, programmed medium and system for customizing pre-loaded software",MICRON TECHNOLOGY INC,https://patents.google.com/patent/US6327707B1,APP,Applicant
US-8458341-B2,32303805,System and method employing an agile network protocol for secure communications using secure domain names,"LARSON VICTOR, SHORT III ROBERT DUNHAM, MUNGER EDMOND COLBY, WILLIAMSON MICHAEL, VIRNETX INC",https://patents.google.com/patent/US8458341B2,US-7188175-B1,37807256,Method and system for communicating between clients in a computer network,WEB COM INC,https://patents.google.com/patent/US7188175B1,APP,Applicant
US-8463821-B2,41164845,Automatic generation and publication of online documentation,"LUBBERS JEDIDJA, KUMAR VIVEK, SIDHU RAVINDER PAL SINGH, BANDY THERESA M ROBERTSON, CREWS ROBERT, GILCHRIST EDGAR S, PALANI ARUMUGAM THIRAVALLUR, REDDY PHANEENDRA, ROMERO ANTONIO, ORACLE INT CORP",https://patents.google.com/patent/US8463821B2,US-6157392-A,22382884,Animation packager for an on-line book,MICRON TECHNOLOGY INC,https://patents.google.com/patent/US6157392A,SEA,Search Report
US-8473351-B1,42358903,Systems and methods for verifying authorization,"MOLLETT CASSANDRA, BETHSCHEIDER ALAN JAY, BRAUCKMAN SUSAN DIANE, WALKER DAVID A, SMITH DAVID WAYNE, FIRST DATA CORP",https://patents.google.com/patent/US8473351B1,US-6766456-B1,32682653,Method and system for authenticating a user of a computer system,MICRON TECHNOLOGY INC,https://patents.google.com/patent/US6766456B1,APP,Applicant
US-8504696-B2,32303805,System and method employing an agile network protocol for secure communications using secure domain names,"LARSON VICTOR, SHORT III ROBERT DUNHAM, MUNGER EDMOND COLBY, WILLIAMSON MICHAEL, VIRNETX INC",https://patents.google.com/patent/US8504696B2,US-7188175-B1,37807256,Method and system for communicating between clients in a computer network,WEB COM INC,https://patents.google.com/patent/US7188175B1,APP,Applicant
US-8504697-B2,32303805,System and method employing an agile network protocol for secure communications using secure domain names,"LARSON VICTOR, SHORT III ROBERT DUNHAM, MUNGER EDMOND COLBY, WILLIAMSON MICHAEL, VIRNETX INC",https://patents.google.com/patent/US8504697B2,US-7188175-B1,37807256,Method and system for communicating between clients in a computer network,WEB COM INC,https://patents.google.com/patent/US7188175B1,APP,Applicant
US-8509266-B2,39967561,Using network traffic logs for search engine index updates,"BORKOVSKY ARKADY, COOK DOUGLAS M, LANGLOIS JEAN-MARC, POUTANEN TOMI, ZHA HONGYUAN, YAHOO INC",https://patents.google.com/patent/US8509266B2,US-2003-0105744-A1,25546405,Method and system for updating a search engine,Mckeeth Jim,https://patents.google.com/patent/US20030105744A1,SEA,Search Report
US-8510861-B2,33435260,Anti-piracy software protection system and method,"ERIKSSON THOMAS, WENZEL JURGEN, KARLSSON TOBIAS, RESOURCE CONSORTIUM LTD",https://patents.google.com/patent/US8510861B2,US-6327707-B1,23257519,"Method, programmed medium and system for customizing pre-loaded software",MICRON TECHNOLOGY INC,https://patents.google.com/patent/US6327707B1,APP,Applicant
US-8515952-B2,34426887,Systems and methods for determining document freshness,"HENZINGER MONIKA, GOOGLE INC",https://patents.google.com/patent/US8515952B2,US-2003-0105744-A1,25546405,Method and system for updating a search engine,Mckeeth Jim,https://patents.google.com/patent/US20030105744A1,APP,Applicant
US-8516117-B2,24007717,Agile network protocol for secure communications with assured system availability,"MUNGER EDMUND, SCHMIDT DOUGLAS, SHORT III ROBERT, LARSON VICTOR, WILLIAMSON MICHAEL, VIRNETX INC",https://patents.google.com/patent/US8516117B2,US-7188175-B1,37807256,Method and system for communicating between clients in a computer network,WEB COM INC,https://patents.google.com/patent/US7188175B1,APP,Applicant
US-8516131-B2,32303805,System and method employing an agile network protocol for secure communications using secure domain names,"LARSON VICTOR, SHORT III ROBERT DUNHAM, MUNGER EDMOND COLBY, WILLIAMSON MICHAEL, VIRNETX INC",https://patents.google.com/patent/US8516131B2,US-7188175-B1,37807256,Method and system for communicating between clients in a computer network,WEB COM INC,https://patents.google.com/patent/US7188175B1,APP,Applicant
US-8516233-B2,46163374,Method for setting a boot list to disks with multiple boot logical volumes,"SMITH MARK DOUGLAS, IBM",https://patents.google.com/patent/US8516233B2,US-6727920-B1,32106387,Multiple operating system quick boot utility,MICRON TECHNOLOGY INC,https://patents.google.com/patent/US6727920B1,SEA,Search Report
US-8521749-B2,34381362,Document scoring based on document inception date,"CUTTS MATT, DEAN JEFFREY, HAAHR PAUL, HENZINGER MONIKA, LAWRENCE STEVE, PFLEGER KARL, TONG SIMON, GOOGLE INC",https://patents.google.com/patent/US8521749B2,US-2003-0105744-A1,25546405,Method and system for updating a search engine,Mckeeth Jim,https://patents.google.com/patent/US20030105744A1,APP,Applicant
US-8521888-B2,32303805,System and method employing an agile network protocol for secure communications using secure domain names,"LARSON VICTOR, SHORT III ROBERT DUNHAM, MUNGER EDMOND COLBY, WILLIAMSON MICHAEL, VIRNETX INC",https://patents.google.com/patent/US8521888B2,US-7188175-B1,37807256,Method and system for communicating between clients in a computer network,WEB COM INC,https://patents.google.com/patent/US7188175B1,APP,Applicant
US-8527524-B2,34381362,Document scoring based on document content update,"ACHARYA ANURAG, DEAN JEFFREY, HAAHR PAUL, HENZINGER MONIKA, LAWRENCE STEVE, PFLEGER KARL, TONG SIMON, GOOGLE INC",https://patents.google.com/patent/US8527524B2,US-2003-0105744-A1,25546405,Method and system for updating a search engine,Mckeeth Jim,https://patents.google.com/patent/US20030105744A1,APP,Applicant
US-8527903-B2,38008079,Unlocking a device by performing gestures on an unlock image,APPLE INC,https://patents.google.com/patent/US8527903B2,US-8352745-B2,32682653,System and method for controlling user access to an electronic device,"MICRON TECHNOLOGY INC, MCKEETH JAMES",https://patents.google.com/patent/US8352745B2,APP,Applicant
US-8528072-B2,45494647,"Method, apparatus and system for access mode control of a device","SHI JIANXIONG JASON, APPLE INC",https://patents.google.com/patent/US8528072B2,US-8352745-B2,32682653,System and method for controlling user access to an electronic device,"MICRON TECHNOLOGY INC, MCKEETH JAMES",https://patents.google.com/patent/US8352745B2,APP,Applicant
US-8533707-B2,41054943,Linux matrix compilation system and method,"MUKKER ATUL, BAGALKOTE SREENIVAS, LSI CORP",https://patents.google.com/patent/US8533707B2,US-7533350-B2,32106387,Multiple operating system quick boot utility,MICRON TECHNOLOGY INC,https://patents.google.com/patent/US7533350B2,SEA,Search Report
US-8539587-B2,36540193,"Methods, devices and data structures for trusted data","PROUDLER GRAEME JOHN, BURTON WILLIAM, KUHLMANN DIRK, PLAQUIN DAVID, HEWLETT PACKARD DEVELOPMENT CO",https://patents.google.com/patent/US8539587B2,US-6330669-B1,22744481,OS multi boot integrator,MICRON TECHNOLOGY INC,https://patents.google.com/patent/US6330669B1,APP,Applicant
US-8549014-B2,34381362,Document scoring based on document content update,"ACHARYA ANURAG, DEAN JEFFREY, HAAHR PAUL, HENZINGER MONIKA, LAWRENCE STEVE, PFLEGER KARL, TONG SIMON, GOOGLE INC",https://patents.google.com/patent/US8549014B2,US-2003-0105744-A1,25546405,Method and system for updating a search engine,Mckeeth Jim,https://patents.google.com/patent/US20030105744A1,APP,Applicant
US-8554852-B2,43535624,System and method for targeting advertisements or other information using user geographical information,"BURNIM JACOB SAMUELS, GOOGLE INC",https://patents.google.com/patent/US8554852B2,US-2005-0015394-A1,25546405,Method and system for updating a search engine,Mckeeth Jim,https://patents.google.com/patent/US20050015394A1,APP,Applicant
US-8554899-B2,32303805,Agile network protocol for secure communications using secure domain names,"LARSON VICTOR, SHORT III ROBERT, MUNGER EDMUND, WILLIAMSON MICHAEL, VIRNETX INC",https://patents.google.com/patent/US8554899B2,US-7188175-B1,37807256,Method and system for communicating between clients in a computer network,WEB COM INC,https://patents.google.com/patent/US7188175B1,APP,Applicant
US-8560621-B2,25298808,Method and system of automating data capture from electronic correspondence,"RAWAT JAI, DOUNDAKOVA SILVIA, D SA OSWALD DOMINIC, GORDON JULIAN, KULKARNI RENUKA, DHANAPAL VIJAYASANKAR, GUBBALA SRINIVAS, RAMAN SANTHOSH, ANAND RAJIV, MERCURY KINGDOM ASSETS LTD",https://patents.google.com/patent/US8560621B2,US-6327707-B1,23257519,"Method, programmed medium and system for customizing pre-loaded software",MICRON TECHNOLOGY INC,https://patents.google.com/patent/US6327707B1,APP,Applicant
US-8560705-B2,32303805,System and method employing an agile network protocol for secure communications using secure domain names,"LARSON VICTOR, SHORT III ROBERT DUNHAM, MUNGER EDMOND COLBY, WILLIAMSON MICHAEL, VIRNETX INC",https://patents.google.com/patent/US8560705B2,US-7188175-B1,37807256,Method and system for communicating between clients in a computer network,WEB COM INC,https://patents.google.com/patent/US7188175B1,APP,Applicant
US-8572247-B2,32303805,Agile network protocol for secure communications using secure domain names,"LARSON VICTOR, SHORT III ROBERT DUNHAM, MUNGER EDMUND COLBY, WILLIAMSON MICHAEL, VIRNETX INC",https://patents.google.com/patent/US8572247B2,US-7188175-B1,37807256,Method and system for communicating between clients in a computer network,WEB COM INC,https://patents.google.com/patent/US7188175B1,APP,Applicant
US-8577901-B2,34381362,Document scoring based on query analysis,"DEAN JEFFREY, HAAHR PAUL, HENZINGER MONIKA, LAWRENCE STEVE, PFLEGER KARL, SERCINOGLU OLCAN, TONG SIMON, GOOGLE INC",https://patents.google.com/patent/US8577901B2,US-2003-0105744-A1,25546405,Method and system for updating a search engine,Mckeeth Jim,https://patents.google.com/patent/US20030105744A1,APP,Applicant
US-8601004-B1,49640887,System and method for targeting information items based on popularities of the information items,"MAHADEVAN UMA, BURNIM JACOB SAMUELS, GOOGLE INC",https://patents.google.com/patent/US8601004B1,US-2005-0015394-A1,25546405,Method and system for updating a search engine,Mckeeth Jim,https://patents.google.com/patent/US20050015394A1,SEA,Search Report
US-8605959-B2,42266180,"Apparatus, system, and method for sequenced biometric authentication","KANGAS DAN, KANGAS REGINA DAWN, IBM",https://patents.google.com/patent/US8605959B2,US-6766456-B1,32682653,Method and system for authenticating a user of a computer system,MICRON TECHNOLOGY INC,https://patents.google.com/patent/US6766456B1,APP,Applicant
US-8606885-B2,34078997,Method and system of providing access point data associated with a network access point,"SUNDER SINGAM, EDGETT JEFF STEVEN, ALBERT ROY DAVID, IPASS INC",https://patents.google.com/patent/US8606885B2,US-6327707-B1,23257519,"Method, programmed medium and system for customizing pre-loaded software",MICRON TECHNOLOGY INC,https://patents.google.com/patent/US6327707B1,APP,Applicant
US-8621633-B2,41350670,Mobile terminal to prevent virus infection and method of controlling operation of the mobile terminal,"KIM TAE YONG, LG ELECTRONICS INC",https://patents.google.com/patent/US8621633B2,US-6411693-B1,23905838,Long distance modem warning,MICRON TECHNOLGY INC,https://patents.google.com/patent/US6411693B1,SEA,Search Report
US-8627237-B2,38008079,Unlocking a device by performing gestures on an unlock image,APPLE INC,https://patents.google.com/patent/US8627237B2,US-8352745-B2,32682653,System and method for controlling user access to an electronic device,"MICRON TECHNOLOGY INC, MCKEETH JAMES",https://patents.google.com/patent/US8352745B2,APP,Applicant
US-8639690-B2,34381362,Document scoring based on query analysis,"DEAN JEFFREY, HAAHR PAUL, HENZINGER MONIKA, LAWRENCE STEVE, PFLEGER KARL, SERCINOGLU OLCAN, TONG SIMON, GOOGLE INC",https://patents.google.com/patent/US8639690B2,US-2003-0105744-A1,25546405,Method and system for updating a search engine,Mckeeth Jim,https://patents.google.com/patent/US20030105744A1,APP,Applicant
US-8640057-B2,38008079,Unlocking a device by performing gestures on an unlock image,"CHAUDHRI IMRAN, ORDING BAS, ANZURES FREDDY ALLEN, VAN OS MARCEL, FORSTALL SCOTT, CHRISTIE GREG, APPLE INC",https://patents.google.com/patent/US8640057B2,US-8352745-B2,32682653,System and method for controlling user access to an electronic device,"MICRON TECHNOLOGY INC, MCKEETH JAMES",https://patents.google.com/patent/US8352745B2,APP,Applicant
US-8645477-B2,42398699,Progressive messaging apparatus and method capable of supporting near real-time communication,"KATIS THOMAS E, PANTTAJA JAMES T, PANTTAJA MARY G, RANNEY MATTHEW J, VOXER IP LLC",https://patents.google.com/patent/US8645477B2,US-7509428-B2,37807256,Method and system for communicating between clients in a computer network,WEB COM INC,https://patents.google.com/patent/US7509428B2,APP,Applicant
US-8655727-B2,34710980,Method and system for generating and placing keyword-targeted advertisements,"SCHOLL NATHANIEL BLAKE, POWER JOANNA, DENEUI ALEXANDER, AMAZON TECH INC",https://patents.google.com/patent/US8655727B2,US-6763362-B2,25546405,Method and system for updating a search engine,MICRON TECHNOLOGY INC,https://patents.google.com/patent/US6763362B2,APP,Applicant
US-8655888-B2,36126873,Searching documents for ranges of numeric values,"FONTOURA MARCUS F, LEMPEL RONNY, QI RUNPING, ZIEN JASON Y, IBM",https://patents.google.com/patent/US8655888B2,US-6763362-B2,25546405,Method and system for updating a search engine,MICRON TECHNOLOGY INC,https://patents.google.com/patent/US6763362B2,APP,Applicant
US-8666964-B1,50158883,Managing items in crawl schedule,"ALPERT JESSE L, GOOGLE INC",https://patents.google.com/patent/US8666964B1,US-6763362-B2,25546405,Method and system for updating a search engine,MICRON TECHNOLOGY INC,https://patents.google.com/patent/US6763362B2,SEA,Search Report
US-8671078-B2,47745150,Sharing parts of a document using search framework,"ZIMMERMAN JOSH C, GUSTAFSON DAVID SCOTT, ZIEGLER KURT LEONARD, MICROSOFT CORP",https://patents.google.com/patent/US8671078B2,US-2010-0057802-A1,25546405,Method and system for updating a search engine,MICRON TECHNOLOGY INC,https://patents.google.com/patent/US20100057802A1,SEA,Search Report
US-8676783-B1,50240464,Method and apparatus for managing a backlog of pending URL crawls,"FEDORYNSKI PAWEL ALEKSANDER, SAMADDAR SUMITRO, GOOGLE INC",https://patents.google.com/patent/US8676783B1,US-2010-0057802-A1,25546405,Method and system for updating a search engine,MICRON TECHNOLOGY INC,https://patents.google.com/patent/US20100057802A1,SEA,Search Report
US-8688789-B2,42398593,Progressive messaging apparatus and method capable of supporting near real-time communication,"KATIS THOMAS E, PANTTAJA JAMES T, PANTTAJA MARY G, RANNEY MATTHEW R, VOXER IP LLC",https://patents.google.com/patent/US8688789B2,US-7509428-B2,37807256,Method and system for communicating between clients in a computer network,WEB COM INC,https://patents.google.com/patent/US7509428B2,APP,Applicant
US-8694923-B2,38008079,Unlocking a device by performing gestures on an unlock image,APPLE INC,https://patents.google.com/patent/US8694923B2,US-8352745-B2,32682653,System and method for controlling user access to an electronic device,"MICRON TECHNOLOGY INC, MCKEETH JAMES",https://patents.google.com/patent/US8352745B2,APP,Applicant
US-8700493-B2,39827794,Methods and apparatus for freshness and completeness of information,"CAO YU, NAMUL APPLIC LLC",https://patents.google.com/patent/US8700493B2,US-6763362-B2,25546405,Method and system for updating a search engine,MICRON TECHNOLOGY INC,https://patents.google.com/patent/US6763362B2,APP,Applicant
US-8706717-B2,44012089,Method and system for enterprise search navigation,"RAJASEKHAR CHITTA, ORACLE INT CORP",https://patents.google.com/patent/US8706717B2,US-2010-0057802-A1,25546405,Method and system for updating a search engine,MICRON TECHNOLOGY INC,https://patents.google.com/patent/US20100057802A1,SEA,Search Report
US-8706717-B2,44012089,Method and system for enterprise search navigation,"RAJASEKHAR CHITTA, ORACLE INT CORP",https://patents.google.com/patent/US8706717B2,US-7979427-B2,25546405,Method and system for updating a search engine,ROUND ROCK RES LLC,https://patents.google.com/patent/US7979427B2,SEA,Search Report
US-8707312-B1,50482029,Document reuse in a search engine crawler,"ZHU HUICAN, IBEL MAXIMILIAN, ACHARYA ANURAG, GOBIOFF HOWARD BRADLEY, GOOGLE INC",https://patents.google.com/patent/US8707312B1,US-6763362-B2,25546405,Method and system for updating a search engine,MICRON TECHNOLOGY INC,https://patents.google.com/patent/US6763362B2,APP,Applicant
US-8707313-B1,50482029,Scheduler for search engine crawler,"ZHU HUICAN, IBEL MAXIMILIAN, ACHARYA ANURAG, GOBIOFF HOWARD BRADLEY, GOOGLE INC",https://patents.google.com/patent/US8707313B1,US-6763362-B2,25546405,Method and system for updating a search engine,MICRON TECHNOLOGY INC,https://patents.google.com/patent/US6763362B2,APP,Applicant
US-8737988-B2,37662231,Service provider identifier,AT & T IP I LP,https://patents.google.com/patent/US8737988B2,US-6411693-B1,23905838,Long distance modem warning,MICRON TECHNOLGY INC,https://patents.google.com/patent/US6411693B1,APP,Applicant
US-8738471-B2,40383060,Enhancing touch and feel on the internet,HARRIS SCOTT C,https://patents.google.com/patent/US8738471B2,US-6661419-B2,22382884,Animation packager for an on-line book,MICRON TECHNOLOGY INC,https://patents.google.com/patent/US6661419B2,APP,Applicant
US-8738635-B2,45022943,Detection of junk in search result ranking,"TANKOVICH VLADIMIR, MEYERZON DMITRIY, POZNANSKI VICTOR, MICROSOFT CORP",https://patents.google.com/patent/US8738635B2,US-6763362-B2,25546405,Method and system for updating a search engine,MICRON TECHNOLOGY INC,https://patents.google.com/patent/US6763362B2,APP,Applicant
US-8745477-B1,45445190,Tool for managing online content,"O'SULLIVAN JOSEPH K, GORDON CATHY, GOOGLE INC",https://patents.google.com/patent/US8745477B1,US-6763362-B2,25546405,Method and system for updating a search engine,MICRON TECHNOLOGY INC,https://patents.google.com/patent/US6763362B2,APP,Applicant
US-8745544-B2,38008079,Unlocking a device by performing gestures on an unlock image,APPLE INC,https://patents.google.com/patent/US8745544B2,US-8352745-B2,32682653,System and method for controlling user access to an electronic device,"MICRON TECHNOLOGY INC, MCKEETH JAMES",https://patents.google.com/patent/US8352745B2,APP,Applicant
US-8751783-B2,46545044,Booting computing devices with EFI aware operating systems,"PIWONKA MARK, WIGINTON SCOTTY, HEWLETT PACKARD DEVELOPMENT CO",https://patents.google.com/patent/US8751783B2,US-2004-0210848-A1,32106387,Multiple operating system quick boot utility,"Vineyard James L., Mckeeth James A.",https://patents.google.com/patent/US20040210848A1,SEA,Search Report
US-8762699-B1,50944232,"System, apparatus, and method for initiating a reboot of a personal computer system by pressing a button on an attached storage device and causing the operating system on the attached storage device to be booted","STREUTER GARY, DEETZ RANDALL, BURKE KENNETH, CMS PRODUCTS INC",https://patents.google.com/patent/US8762699B1,US-6260140-B1,22747798,Operating system multi boot integrator,MICRON ELECTRONICS INC,https://patents.google.com/patent/US6260140B1,APP,Applicant
US-8762699-B1,50944232,"System, apparatus, and method for initiating a reboot of a personal computer system by pressing a button on an attached storage device and causing the operating system on the attached storage device to be booted","STREUTER GARY, DEETZ RANDALL, BURKE KENNETH, CMS PRODUCTS INC",https://patents.google.com/patent/US8762699B1,US-6330669-B1,22744481,OS multi boot integrator,MICRON TECHNOLOGY INC,https://patents.google.com/patent/US6330669B1,APP,Applicant
US-8775403-B2,42184367,Scheduler for search engine crawler,"RANDALL KEITH H, GOOGLE INC",https://patents.google.com/patent/US8775403B2,US-6763362-B2,25546405,Method and system for updating a search engine,MICRON TECHNOLOGY INC,https://patents.google.com/patent/US6763362B2,APP,Applicant
US-8776046-B2,40651367,"Recording medium, computer program and method for software installation with divided install execution files","GOTOU HIROTSUGU, YOKOGAWA ELECTRIC CORP",https://patents.google.com/patent/US8776046B2,US-2007-0055973-A1,37831350,Text based markup language resource interface,MCKEETH JAMES,https://patents.google.com/patent/US20070055973A1,SEA,Search Report
US-8781888-B1,51135765,Release advertisement system,"SNYDER LUKE ARON, BETZ STEPHAN G, AMAZON TECH INC",https://patents.google.com/patent/US8781888B1,US-6763362-B2,25546405,Method and system for updating a search engine,MICRON TECHNOLOGY INC,https://patents.google.com/patent/US6763362B2,APP,Applicant
US-8782032-B2,44280187,Minimizing visibility of stale content in web searching including revising web crawl intervals of documents,GOOGLE INC,https://patents.google.com/patent/US8782032B2,US-6763362-B2,25546405,Method and system for updating a search engine,MICRON TECHNOLOGY INC,https://patents.google.com/patent/US6763362B2,APP,Applicant
US-8782775-B2,40429680,Embedded authentication systems in an electronic device,"FADELL ANTHONY, HODGE ANDREW, SCHELL STEPHAN, CABALLERO RUBEN, DOROGUSKER JESSE LEE, ZADESKY STEPHEN, SANFORD EMERY, APPLE INC",https://patents.google.com/patent/US8782775B2,US-8352745-B2,32682653,System and method for controlling user access to an electronic device,"MICRON TECHNOLOGY INC, MCKEETH JAMES",https://patents.google.com/patent/US8352745B2,APP,Applicant
US-8788320-B1,51135765,Release advertisement system,"SNYDER LUKE ARON, BETZ STEPHAN G, AMAZON TECH INC",https://patents.google.com/patent/US8788320B1,US-6763362-B2,25546405,Method and system for updating a search engine,MICRON TECHNOLOGY INC,https://patents.google.com/patent/US6763362B2,APP,Applicant
US-8812493-B2,41162189,Search results ranking using editing distance and document information,"TANKOVICH VLADIMIR, LI HANG, MEYERZON DMITRIY, XU JUN, MICROSOFT CORP",https://patents.google.com/patent/US8812493B2,US-6763362-B2,25546405,Method and system for updating a search engine,MICRON TECHNOLOGY INC,https://patents.google.com/patent/US6763362B2,APP,Applicant
US-8819321-B2,45065373,Systems and methods for providing instant-on functionality on an embedded controller,"BUTCHER WADE, MADDUKURI AKKIAH, JREIJ ELIE, DELL PRODUCTS LP",https://patents.google.com/patent/US8819321B2,US-6727920-B1,32106387,Multiple operating system quick boot utility,MICRON TECHNOLOGY INC,https://patents.google.com/patent/US6727920B1,SEA,Search Report
US-8819483-B2,39226510,"Computing device with redundant, dissimilar operating systems","PIERCE JAMES R, WALKER ERIC H, WAHL JOHN A, L 3 COMM CORP",https://patents.google.com/patent/US8819483B2,US-2004-0210848-A1,32106387,Multiple operating system quick boot utility,"Vineyard James L., Mckeeth James A.",https://patents.google.com/patent/US20040210848A1,APP,Applicant
US-8819483-B2,39226510,"Computing device with redundant, dissimilar operating systems","PIERCE JAMES R, WALKER ERIC H, WAHL JOHN A, L 3 COMM CORP",https://patents.google.com/patent/US8819483B2,US-6330669-B1,22744481,OS multi boot integrator,MICRON TECHNOLOGY INC,https://patents.google.com/patent/US6330669B1,APP,Applicant
US-8819483-B2,39226510,"Computing device with redundant, dissimilar operating systems","PIERCE JAMES R, WALKER ERIC H, WAHL JOHN A, L 3 COMM CORP",https://patents.google.com/patent/US8819483B2,US-6727920-B1,32106387,Multiple operating system quick boot utility,MICRON TECHNOLOGY INC,https://patents.google.com/patent/US6727920B1,APP,Applicant
US-8825671-B1,51400129,Referent determination from selected content,GOOGLE INC,https://patents.google.com/patent/US8825671B1,US-6766456-B1,32682653,Method and system for authenticating a user of a computer system,MICRON TECHNOLOGY INC,https://patents.google.com/patent/US6766456B1,APP,Applicant
US-8832085-B2,25546405,Method and system for updating a search engine,"MCKEETH JIM, ROUND ROCK RES LLC",https://patents.google.com/patent/US8832085B2,US-6763362-B2,25546405,Method and system for updating a search engine,MICRON TECHNOLOGY INC,https://patents.google.com/patent/US6763362B2,APP,Applicant
US-8839416-B2,32682653,System and method for controlling user access to an electronic device,MICRON TECHNOLOGY INC,https://patents.google.com/patent/US8839416B2,US-2005-0021960-A1,32682653,Method and system for authenticating a user of a computer system,Mckeeth James,https://patents.google.com/patent/US20050021960A1,APP,Applicant
US-8839416-B2,32682653,System and method for controlling user access to an electronic device,MICRON TECHNOLOGY INC,https://patents.google.com/patent/US8839416B2,US-2005-0022005-A1,32682653,System and method for controlling user access to an electronic device,Mckeeth James,https://patents.google.com/patent/US20050022005A1,APP,Applicant
US-8839416-B2,32682653,System and method for controlling user access to an electronic device,MICRON TECHNOLOGY INC,https://patents.google.com/patent/US8839416B2,US-2005-0044382-A1,32682653,System and method for user authentication,Mckeeth James,https://patents.google.com/patent/US20050044382A1,APP,Applicant
US-8839416-B2,32682653,System and method for controlling user access to an electronic device,MICRON TECHNOLOGY INC,https://patents.google.com/patent/US8839416B2,US-6766456-B1,32682653,Method and system for authenticating a user of a computer system,MICRON TECHNOLOGY INC,https://patents.google.com/patent/US6766456B1,APP,Applicant
US-8839416-B2,32682653,System and method for controlling user access to an electronic device,MICRON TECHNOLOGY INC,https://patents.google.com/patent/US8839416B2,US-7877612-B2,32682653,System and method for controlling user access to an electronic device,MICRON TECHNOLOGY INC,https://patents.google.com/patent/US7877612B2,APP,Applicant
US-8839416-B2,32682653,System and method for controlling user access to an electronic device,MICRON TECHNOLOGY INC,https://patents.google.com/patent/US8839416B2,US-8176547-B2,32682653,System and method for controlling user access to an electronic device,"MCKEETH JAMES, MICRON TECHNOLOGY INC",https://patents.google.com/patent/US8176547B2,APP,Applicant
US-8843486-B2,34940142,System and method for scoping searches using index keys,"MERRIGAN CHADD CREIGHTON, PELTONEN KYLE G, MEYERZON DMITRIY, LEE DAVID J, MICROSOFT CORP",https://patents.google.com/patent/US8843486B2,US-6763362-B2,25546405,Method and system for updating a search engine,MICRON TECHNOLOGY INC,https://patents.google.com/patent/US6763362B2,APP,Applicant
US-8843643-B2,32303805,System and method employing an agile network protocol for secure communications using secure domain names,VIRNETX INC,https://patents.google.com/patent/US8843643B2,US-7188175-B1,37807256,Method and system for communicating between clients in a computer network,WEB COM INC,https://patents.google.com/patent/US7188175B1,APP,Applicant
US-8850009-B2,32303805,System and method employing an agile network protocol for secure communications using secure domain names,VIRNETX INC,https://patents.google.com/patent/US8850009B2,US-7188175-B1,37807256,Method and system for communicating between clients in a computer network,WEB COM INC,https://patents.google.com/patent/US7188175B1,APP,Applicant
US-8850361-B2,26852399,Enhancing touch and feel on the internet,HARRIS SCOTT C,https://patents.google.com/patent/US8850361B2,US-6661419-B2,22382884,Animation packager for an on-line book,MICRON TECHNOLOGY INC,https://patents.google.com/patent/US6661419B2,APP,Applicant
US-8856897-B2,26711718,Method and apparatus for enabling a user to select an authentication method,SORA APPLIC LLC,https://patents.google.com/patent/US8856897B2,US-6766456-B1,32682653,Method and system for authenticating a user of a computer system,MICRON TECHNOLOGY INC,https://patents.google.com/patent/US6766456B1,APP,Applicant
US-8868705-B2,32303805,Agile network protocol for secure communications using secure domain names,"LARSON VICTOR, SHORT III ROBERT DUNHAM, MUNGER EDMUND COLBY, WILLIAMSON MICHAEL, VIRNETX INC",https://patents.google.com/patent/US8868705B2,US-7188175-B1,37807256,Method and system for communicating between clients in a computer network,WEB COM INC,https://patents.google.com/patent/US7188175B1,APP,Applicant
US-8873814-B2,48426995,System and method for using fingerprint sequences for secured identity verification,"GOEL AMIT, CA INC",https://patents.google.com/patent/US8873814B2,US-7877612-B2,32682653,System and method for controlling user access to an electronic device,MICRON TECHNOLOGY INC,https://patents.google.com/patent/US7877612B2,SEA,Search Report
US-8874771-B2,26803485,Agile network protocol for secure communications with assured system availability,"MUNGER EDMUND COLBY, SABIO VINCENT J, SHORT III ROBERT DUNHAM, GLIGOR VIRGIL D, VIRNETX INC",https://patents.google.com/patent/US8874771B2,US-7188175-B1,37807256,Method and system for communicating between clients in a computer network,WEB COM INC,https://patents.google.com/patent/US7188175B1,APP,Applicant
US-8878785-B1,51798205,Intent determination using geometric shape input,GOOGLE INC,https://patents.google.com/patent/US8878785B1,US-6766456-B1,32682653,Method and system for authenticating a user of a computer system,MICRON TECHNOLOGY INC,https://patents.google.com/patent/US6766456B1,SEA,Search Report
US-8890827-B1,51870149,Selected content refinement mechanisms,GOOGLE INC,https://patents.google.com/patent/US8890827B1,US-6766456-B1,32682653,Method and system for authenticating a user of a computer system,MICRON TECHNOLOGY INC,https://patents.google.com/patent/US6766456B1,APP,Applicant
US-8904185-B2,36317726,Presence sensing information security,"DANIELS FONDA, KUMHYR DAVID B, LYLE RUTHIE D, IBM",https://patents.google.com/patent/US8904185B2,US-2005-0044382-A1,32682653,System and method for user authentication,Mckeeth James,https://patents.google.com/patent/US20050044382A1,SEA,Search Report
US-8904185-B2,36317726,Presence sensing information security,"DANIELS FONDA, KUMHYR DAVID B, LYLE RUTHIE D, IBM",https://patents.google.com/patent/US8904185B2,US-6766456-B1,32682653,Method and system for authenticating a user of a computer system,MICRON TECHNOLOGY INC,https://patents.google.com/patent/US6766456B1,SEA,Search Report
US-8904516-B2,32303805,System and method employing an agile network protocol for secure communications using secure domain names,VIRNETX INC,https://patents.google.com/patent/US8904516B2,US-7188175-B1,37807256,Method and system for communicating between clients in a computer network,WEB COM INC,https://patents.google.com/patent/US7188175B1,APP,Applicant
US-8904548-B2,41119226,Information terminal apparatus for information leak monitoring,"OHGUSHI NOBUO, FUJITSU LTD",https://patents.google.com/patent/US8904548B2,US-2005-0022005-A1,32682653,System and method for controlling user access to an electronic device,Mckeeth James,https://patents.google.com/patent/US20050022005A1,SEA,Search Report
US-8909889-B1,52001810,Method and apparatus for servicing host commands by a disk drive,"ONG CHOO-BHIN, GUDA CHANDRA M, WESTERN DIGITAL TECH INC",https://patents.google.com/patent/US8909889B1,US-2004-0210848-A1,32106387,Multiple operating system quick boot utility,"Vineyard James L., Mckeeth James A.",https://patents.google.com/patent/US20040210848A1,APP,Applicant
US-8943201-B2,46300296,Method for establishing encrypted channel,"LARSON VICTOR, SHORT ROBERT DUNHAM, MUNGER EDMUND COLBY, WILLIAMSON MICHAEL, VIRNETX INC",https://patents.google.com/patent/US8943201B2,US-7188175-B1,37807256,Method and system for communicating between clients in a computer network,WEB COM INC,https://patents.google.com/patent/US7188175B1,APP,Applicant
US-8943395-B2,43626657,Previewing different types of documents,APPLE INC,https://patents.google.com/patent/US8943395B2,US-2006-0017736-A1,22382884,Animation packager for an on-line book,MCKEETH JAMES A,https://patents.google.com/patent/US20060017736A1,APP,Applicant
US-8943395-B2,43626657,Previewing different types of documents,APPLE INC,https://patents.google.com/patent/US8943395B2,US-6219069-B1,22383812,Method for generating animation in an on-line book,MICRON ELECTRONICS INC,https://patents.google.com/patent/US6219069B1,APP,Applicant
US-8943580-B2,40429680,Embedded authentication systems in an electronic device,"FADELL ANTHONY, HODGE ANDREW, SCHELL STEPHAN, CABALLERO RUBEN, DOROGUSKER JESSE LEE, ZADESKY STEPHEN, SANFORD EMERY, APPLE INC",https://patents.google.com/patent/US8943580B2,US-8352745-B2,32682653,System and method for controlling user access to an electronic device,"MICRON TECHNOLOGY INC, MCKEETH JAMES",https://patents.google.com/patent/US8352745B2,APP,Applicant
US-8954269-B2,35137554,Host based satellite positioning systems,"YAMAMOTO CLIFFORD, NONIS SEBASTIAN, PANDE ASHUTOSH, BULATOVIC NIKOLA, WITANIS STEFAN, CSR TECHNOLOGY INC",https://patents.google.com/patent/US8954269B2,US-6727920-B1,32106387,Multiple operating system quick boot utility,MICRON TECHNOLOGY INC,https://patents.google.com/patent/US6727920B1,APP,Applicant
US-9002725-B1,52745238,System and method for targeting information based on message content,"CAROBUS ALEXANDER PAUL, WANG NINIANE, JACOBS JARED, COLEMAN KEITH, MAHADEVAN UMA, GOOGLE INC",https://patents.google.com/patent/US9002725B1,US-2005-0015394-A1,25546405,Method and system for updating a search engine,Mckeeth Jim,https://patents.google.com/patent/US20050015394A1,APP,Applicant
US-9015622-B2,44278476,Profile-based performance tuning of computing systems,"WÖRNER THOMAS K, SNOOK CHRISTOPHER HAUGHEY, RED HAT INC",https://patents.google.com/patent/US9015622B2,US-6727920-B1,32106387,Multiple operating system quick boot utility,MICRON TECHNOLOGY INC,https://patents.google.com/patent/US6727920B1,SEA,Search Report
US-9024746-B2,37968653,Safety features for medical devices requiring assistance and supervision,"BURBANK JEFFREY H, TREU DENNIS M, BRUGGER JAMES M, NXSTAGE MEDICAL INC",https://patents.google.com/patent/US9024746B2,US-6766456-B1,32682653,Method and system for authenticating a user of a computer system,MICRON TECHNOLOGY INC,https://patents.google.com/patent/US6766456B1,SEA,Search Report
US-9026798-B2,39199340,User selectable signature,TIERRA INTELECTUAL BORINQUEN INC,https://patents.google.com/patent/US9026798B2,US-6766456-B1,32682653,Method and system for authenticating a user of a computer system,MICRON TECHNOLOGY INC,https://patents.google.com/patent/US6766456B1,SEA,Search Report
US-9027115-B2,32303805,System and method for using a registered name to connect network devices with a link that uses encryption,VIRNETX INC,https://patents.google.com/patent/US9027115B2,US-7188175-B1,37807256,Method and system for communicating between clients in a computer network,WEB COM INC,https://patents.google.com/patent/US7188175B1,APP,Applicant
US-9032316-B1,53038345,Value-based presentation of user-selectable computing actions,GOOGLE INC,https://patents.google.com/patent/US9032316B1,US-6766456-B1,32682653,Method and system for authenticating a user of a computer system,MICRON TECHNOLOGY INC,https://patents.google.com/patent/US6766456B1,APP,Applicant
US-9037713-B2,32303805,Agile network protocol for secure communications using secure domain names,"LARSON VICTOR, SHORT III ROBERT DUNHAM, MUNGER EDMUND COLBY, WILLIAMSON MICHAEL, VIRNETX INC",https://patents.google.com/patent/US9037713B2,US-7188175-B1,37807256,Method and system for communicating between clients in a computer network,WEB COM INC,https://patents.google.com/patent/US7188175B1,SEA,Search Report
US-9038163-B2,32303805,Systems and methods for connecting network devices over communication network,VIRNETX INC,https://patents.google.com/patent/US9038163B2,US-7188175-B1,37807256,Method and system for communicating between clients in a computer network,WEB COM INC,https://patents.google.com/patent/US7188175B1,APP,Applicant
US-9038167-B2,40429680,Embedded authentication systems in an electronic device,APPLE INC,https://patents.google.com/patent/US9038167B2,US-8352745-B2,32682653,System and method for controlling user access to an electronic device,"MICRON TECHNOLOGY INC, MCKEETH JAMES",https://patents.google.com/patent/US8352745B2,APP,Applicant
US-9047453-B2,47142807,"Unlocking method, computer readable storage medium for storing thereof and handheld electrical device applying thereof","HUANG CHUN-HSIANG, LU TAI-LING, WANG CHIH-KUANG, HTC CORP",https://patents.google.com/patent/US9047453B2,US-2005-0022005-A1,32682653,System and method for controlling user access to an electronic device,Mckeeth James,https://patents.google.com/patent/US20050022005A1,SEA,Search Report
US-9069475-B1,53441742,Hybrid drive selectively spinning up disk when powered on,"WILKINS VIRGIL V, WESTERN DIGITAL TECH INC",https://patents.google.com/patent/US9069475B1,US-2004-0210848-A1,32106387,Multiple operating system quick boot utility,"Vineyard James L., Mckeeth James A.",https://patents.google.com/patent/US20040210848A1,SEA,Search Report
US-9077694-B2,32303805,Agile network protocol for secure communications using secure domain names,"LARSON VICTOR, SHORT III ROBERT DUNHAM, MUNGER EDMUND COLBY, WILLIAMSON MICHAEL, VIRNETX INC",https://patents.google.com/patent/US9077694B2,US-7188175-B1,37807256,Method and system for communicating between clients in a computer network,WEB COM INC,https://patents.google.com/patent/US7188175B1,APP,Applicant
US-9077695-B2,32303805,System and method for establishing an encrypted communication link based on IP address lookup requests,VIRNETX INC,https://patents.google.com/patent/US9077695B2,US-7188175-B1,37807256,Method and system for communicating between clients in a computer network,WEB COM INC,https://patents.google.com/patent/US7188175B1,APP,Applicant
US-9092132-B2,46545080,"Device, method, and graphical user interface with a dynamic gesture disambiguation threshold","MIGOS CHARLES J, MIURA BRITT S, LEFFERT AKIVA D, APPLE INC",https://patents.google.com/patent/US9092132B2,US-8352745-B2,32682653,System and method for controlling user access to an electronic device,"MICRON TECHNOLOGY INC, MCKEETH JAMES",https://patents.google.com/patent/US8352745B2,APP,Applicant
US-9094399-B2,46300296,Method for establishing secure communication link between computers of virtual private network,"LARSON VICTOR, SHORT III ROBERT DUNHAM, MUNGER EDMUND COLBY, WILLIAMSON MICHAEL, VIRNETX INC",https://patents.google.com/patent/US9094399B2,US-7188175-B1,37807256,Method and system for communicating between clients in a computer network,WEB COM INC,https://patents.google.com/patent/US7188175B1,APP,Applicant
US-9098600-B2,47830774,Deriving dynamic consumer defined product attributes from input queries,"CHETUPARAMBIL MADHU K, JACOB SUSHIL GEORGE T, KANNAN KALAPRIYA, IBM",https://patents.google.com/patent/US9098600B2,US-2010-0057802-A1,25546405,Method and system for updating a search engine,MICRON TECHNOLOGY INC,https://patents.google.com/patent/US20100057802A1,SEA,Search Report
US-9100375-B2,32303805,System and method employing an agile network protocol for secure communications using secure domain names,"LARSON VICTOR, SHORT III ROBERT DUNHAM, MUNGER EDMOND COLBY, WILLIAMSON MICHAEL, VIRNETX INC",https://patents.google.com/patent/US9100375B2,US-7188175-B1,37807256,Method and system for communicating between clients in a computer network,WEB COM INC,https://patents.google.com/patent/US7188175B1,APP,Applicant
US-9128601-B2,40429680,Embedded authentication systems in an electronic device,APPLE INC,https://patents.google.com/patent/US9128601B2,US-8352745-B2,32682653,System and method for controlling user access to an electronic device,"MICRON TECHNOLOGY INC, MCKEETH JAMES",https://patents.google.com/patent/US8352745B2,APP,Applicant
US-9128614-B2,46025100,"Device, method, and graphical user interface for manipulating soft keyboards",APPLE INC,https://patents.google.com/patent/US9128614B2,US-8352745-B2,32682653,System and method for controlling user access to an electronic device,"MICRON TECHNOLOGY INC, MCKEETH JAMES",https://patents.google.com/patent/US8352745B2,APP,Applicant
US-9134896-B2,40429680,Embedded authentication systems in an electronic device,APPLE INC,https://patents.google.com/patent/US9134896B2,US-8352745-B2,32682653,System and method for controlling user access to an electronic device,"MICRON TECHNOLOGY INC, MCKEETH JAMES",https://patents.google.com/patent/US8352745B2,APP,Applicant
US-9146673-B2,45561055,"Device, method, and graphical user interface for manipulating soft keyboards","KOCH JONATHAN, VICTOR B MICHAEL, CIEPLINSKI AVI E, MISSIG JULIAN, APPLE INC",https://patents.google.com/patent/US9146673B2,US-8352745-B2,32682653,System and method for controlling user access to an electronic device,"MICRON TECHNOLOGY INC, MCKEETH JAMES",https://patents.google.com/patent/US8352745B2,APP,Applicant
US-9183207-B2,38326968,Method for consistent storage of data in an industrial controller,ROCKWELL AUTOMATION TECH INC,https://patents.google.com/patent/US9183207B2,US-6260140-B1,22747798,Operating system multi boot integrator,MICRON ELECTRONICS INC,https://patents.google.com/patent/US6260140B1,SEA,Search Report
US-9183207-B2,38326968,Method for consistent storage of data in an industrial controller,ROCKWELL AUTOMATION TECH INC,https://patents.google.com/patent/US9183207B2,US-6727920-B1,32106387,Multiple operating system quick boot utility,MICRON TECHNOLOGY INC,https://patents.google.com/patent/US6727920B1,APP,Applicant
US-9197525-B2,31992561,Systems and methods for displaying statistical information on a web page,ANCESTRY COM OPERATIONS INC,https://patents.google.com/patent/US9197525B2,US-2003-0105744-A1,25546405,Method and system for updating a search engine,Mckeeth Jim,https://patents.google.com/patent/US20030105744A1,APP,Applicant
US-9197525-B2,31992561,Systems and methods for displaying statistical information on a web page,ANCESTRY COM OPERATIONS INC,https://patents.google.com/patent/US9197525B2,US-2005-0015394-A1,25546405,Method and system for updating a search engine,Mckeeth Jim,https://patents.google.com/patent/US20050015394A1,APP,Applicant
US-9197525-B2,31992561,Systems and methods for displaying statistical information on a web page,ANCESTRY COM OPERATIONS INC,https://patents.google.com/patent/US9197525B2,US-6763362-B2,25546405,Method and system for updating a search engine,MICRON TECHNOLOGY INC,https://patents.google.com/patent/US6763362B2,APP,Applicant
US-9201914-B2,40137661,"Method, system and service for structured data filtering, aggregation, and dissemination","BOU-DIAB BASHAR SAID, RABINOVITCH PETER, ALCATEL LUCENT",https://patents.google.com/patent/US9201914B2,US-6766456-B1,32682653,Method and system for authenticating a user of a computer system,MICRON TECHNOLOGY INC,https://patents.google.com/patent/US6766456B1,SEA,Search Report
US-9213822-B2,48798364,"Device, method, and graphical user interface for accessing an application in a locked device",APPLE INC,https://patents.google.com/patent/US9213822B2,US-8352745-B2,32682653,System and method for controlling user access to an electronic device,"MICRON TECHNOLOGY INC, MCKEETH JAMES",https://patents.google.com/patent/US8352745B2,APP,Applicant
US-9250795-B2,40429680,Embedded authentication systems in an electronic device,APPLE INC,https://patents.google.com/patent/US9250795B2,US-8352745-B2,32682653,System and method for controlling user access to an electronic device,"MICRON TECHNOLOGY INC, MCKEETH JAMES",https://patents.google.com/patent/US8352745B2,APP,Applicant
US-9258301-B2,50386592,Advanced authentication techniques,"SKY SOCKET LLC, AIRWATCH LLC",https://patents.google.com/patent/US9258301B2,US-6766456-B1,32682653,Method and system for authenticating a user of a computer system,MICRON TECHNOLOGY INC,https://patents.google.com/patent/US6766456B1,SEA,Search Report
US-9262630-B2,46800826,"System, method, and computer program product for isolating a device associated with at least potential data leakage activity, based on user support","SANKARARAMAN SRINIVASAN, KOLINGIVADI DEEPAKESWARAN, MCAFEE INC",https://patents.google.com/patent/US9262630B2,US-2005-0022005-A1,32682653,System and method for controlling user access to an electronic device,Mckeeth James,https://patents.google.com/patent/US20050022005A1,APP,Applicant
US-9274647-B2,40429680,Embedded authentication systems in an electronic device,APPLE INC,https://patents.google.com/patent/US9274647B2,US-8352745-B2,32682653,System and method for controlling user access to an electronic device,"MICRON TECHNOLOGY INC, MCKEETH JAMES",https://patents.google.com/patent/US8352745B2,APP,Applicant
US-9280763-B2,25298808,Method and system of automating data capture from electronic correspondence,MERCURY KINGDOM ASSETS LTD,https://patents.google.com/patent/US9280763B2,US-6327707-B1,23257519,"Method, programmed medium and system for customizing pre-loaded software",MICRON TECHNOLOGY INC,https://patents.google.com/patent/US6327707B1,APP,Applicant
US-9300838-B2,33027892,Image transmission apparatus,"YOSHIURA SYOUICHIROU, OKAMOTO YUJI, FUJIWARA KATSUYOSHI, UEDA NAOFUMI, SHARP KK",https://patents.google.com/patent/US9300838B2,US-6411693-B1,23905838,Long distance modem warning,MICRON TECHNOLGY INC,https://patents.google.com/patent/US6411693B1,SEA,Search Report
US-9304624-B2,40429680,Embedded authentication systems in an electronic device,APPLE INC,https://patents.google.com/patent/US9304624B2,US-8352745-B2,32682653,System and method for controlling user access to an electronic device,"MICRON TECHNOLOGY INC, MCKEETH JAMES",https://patents.google.com/patent/US8352745B2,APP,Applicant
US-9305108-B2,47074900,Semantic selection and purpose facilitation,GOOGLE INC,https://patents.google.com/patent/US9305108B2,US-6766456-B1,32682653,Method and system for authenticating a user of a computer system,MICRON TECHNOLOGY INC,https://patents.google.com/patent/US6766456B1,APP,Applicant
US-9311472-B2,49918837,Methods and apparatus for authenticating user login,"NGUYEN DAN DUE, PFEFFER JON DAVID, LEVAR ADAM, ABBOTT LAB",https://patents.google.com/patent/US9311472B2,US-2012-0198544-A1,32682653,System and method for controlling user access to an electronic device,"MCKEETH JAMES, MICRON TECHNOLOGY INC",https://patents.google.com/patent/US20120198544A1,APP,Applicant
US-9311472-B2,49918837,Methods and apparatus for authenticating user login,"NGUYEN DAN DUE, PFEFFER JON DAVID, LEVAR ADAM, ABBOTT LAB",https://patents.google.com/patent/US9311472B2,US-8352745-B2,32682653,System and method for controlling user access to an electronic device,"MICRON TECHNOLOGY INC, MCKEETH JAMES",https://patents.google.com/patent/US8352745B2,APP,Applicant
US-9329771-B2,40429680,Embedded authentication systems in an electronic device,"APPLE INC, APPLE INC",https://patents.google.com/patent/US9329771B2,US-8352745-B2,32682653,System and method for controlling user access to an electronic device,"MICRON TECHNOLOGY INC, MCKEETH JAMES",https://patents.google.com/patent/US8352745B2,APP,Applicant
US-9330243-B2,43037812,Method for biometrically controlling device access and device therefor,"KLINGHULT GUNNAR, SONY CORP",https://patents.google.com/patent/US9330243B2,US-2011-0119759-A1,32682653,System and method for controlling user access to an electronic device,MICRON TECHNOLOGY INC,https://patents.google.com/patent/US20110119759A1,SEA,Search Report
US-9342674-B2,33511627,Man-machine interface for controlling access to electronic devices,APPLE INC,https://patents.google.com/patent/US9342674B2,US-8352745-B2,32682653,System and method for controlling user access to an electronic device,"MICRON TECHNOLOGY INC, MCKEETH JAMES",https://patents.google.com/patent/US8352745B2,APP,Applicant
US-9348912-B2,42005833,Document length as a static relevance feature for ranking search results,"TANKOVICH VLADIMIR, MEYERZON DMITRIY, TAYLOR MICHAEL JAMES, MICROSOFT TECHNOLOGY LICENSING LLC",https://patents.google.com/patent/US9348912B2,US-6763362-B2,25546405,Method and system for updating a search engine,MICRON TECHNOLOGY INC,https://patents.google.com/patent/US6763362B2,APP,Applicant
US-9358470-B2,39594805,Television viewing on gaming consoles,MICROSOFT TECHNOLOGY LICENSING LLC,https://patents.google.com/patent/US9358470B2,US-6727920-B1,32106387,Multiple operating system quick boot utility,MICRON TECHNOLOGY INC,https://patents.google.com/patent/US6727920B1,APP,Applicant
US-9372978-B2,48798364,"Device, method, and graphical user interface for accessing an application in a locked device",APPLE INC,https://patents.google.com/patent/US9372978B2,US-8352745-B2,32682653,System and method for controlling user access to an electronic device,"MICRON TECHNOLOGY INC, MCKEETH JAMES",https://patents.google.com/patent/US8352745B2,APP,Applicant
US-9374346-B2,32303805,Agile network protocol for secure communications using secure domain names,"LARSON VICTOR, SHORT III ROBERT DUNHAM, MUNGER EDMUND COLBY, WILLIAMSON MICHAEL, VIRNETX INC",https://patents.google.com/patent/US9374346B2,US-7188175-B1,37807256,Method and system for communicating between clients in a computer network,WEB COM INC,https://patents.google.com/patent/US7188175B1,APP,Applicant
US-9375527-B2,37968653,Safety features for medical devices requiring assistance and supervision,NXSTAGE MEDICAL INC,https://patents.google.com/patent/US9375527B2,US-6766456-B1,32682653,Method and system for authenticating a user of a computer system,MICRON TECHNOLOGY INC,https://patents.google.com/patent/US6766456B1,SEA,Search Report
US-9386000-B2,32303805,System and method for establishing a communication link,"LARSON VICTOR, SHORT III ROBERT DUNHAM, MUNGER EDMUND COLBY, WILLIAMSON MICHAEL, VIRNETX INC",https://patents.google.com/patent/US9386000B2,US-7188175-B1,37807256,Method and system for communicating between clients in a computer network,WEB COM INC,https://patents.google.com/patent/US7188175B1,APP,Applicant
US-9391808-B2,39325365,Phonecasting systems and methods,"KAUFMAN MATTHEW, SHARP MICHAEL, COLEMAN CHRISTOPHER",https://patents.google.com/patent/US9391808B2,US-6411693-B1,23905838,Long distance modem warning,MICRON TECHNOLGY INC,https://patents.google.com/patent/US6411693B1,SEA,Search Report
US-9413766-B2,46300296,Method for establishing connection between devices,VIRNETX INC,https://patents.google.com/patent/US9413766B2,US-7188175-B1,37807256,Method and system for communicating between clients in a computer network,WEB COM INC,https://patents.google.com/patent/US7188175B1,APP,Applicant
US-9465929-B2,32682653,System and method for controlling user access to an electronic device,MICRON TECHNOLOGY INC,https://patents.google.com/patent/US9465929B2,US-2005-0021960-A1,32682653,Method and system for authenticating a user of a computer system,Mckeeth James,https://patents.google.com/patent/US20050021960A1,APP,Applicant
US-9465929-B2,32682653,System and method for controlling user access to an electronic device,MICRON TECHNOLOGY INC,https://patents.google.com/patent/US9465929B2,US-2005-0022005-A1,32682653,System and method for controlling user access to an electronic device,Mckeeth James,https://patents.google.com/patent/US20050022005A1,APP,Applicant
US-9465929-B2,32682653,System and method for controlling user access to an electronic device,MICRON TECHNOLOGY INC,https://patents.google.com/patent/US9465929B2,US-2005-0044382-A1,32682653,System and method for user authentication,Mckeeth James,https://patents.google.com/patent/US20050044382A1,APP,Applicant
US-9465929-B2,32682653,System and method for controlling user access to an electronic device,MICRON TECHNOLOGY INC,https://patents.google.com/patent/US9465929B2,US-2011-0119759-A1,32682653,System and method for controlling user access to an electronic device,MICRON TECHNOLOGY INC,https://patents.google.com/patent/US20110119759A1,APP,Applicant
US-9465929-B2,32682653,System and method for controlling user access to an electronic device,MICRON TECHNOLOGY INC,https://patents.google.com/patent/US9465929B2,US-2012-0198544-A1,32682653,System and method for controlling user access to an electronic device,"MCKEETH JAMES, MICRON TECHNOLOGY INC",https://patents.google.com/patent/US20120198544A1,APP,Applicant
US-9465929-B2,32682653,System and method for controlling user access to an electronic device,MICRON TECHNOLOGY INC,https://patents.google.com/patent/US9465929B2,US-2013-0185790-A1,32682653,System and method for controlling user access to an electronic device,"MICRON TECHNOLOGY INC, MICRON TECHNOLOGY INC",https://patents.google.com/patent/US20130185790A1,APP,Applicant
US-9465929-B2,32682653,System and method for controlling user access to an electronic device,MICRON TECHNOLOGY INC,https://patents.google.com/patent/US9465929B2,US-6766456-B1,32682653,Method and system for authenticating a user of a computer system,MICRON TECHNOLOGY INC,https://patents.google.com/patent/US6766456B1,APP,Applicant
US-9465929-B2,32682653,System and method for controlling user access to an electronic device,MICRON TECHNOLOGY INC,https://patents.google.com/patent/US9465929B2,US-7877612-B2,32682653,System and method for controlling user access to an electronic device,MICRON TECHNOLOGY INC,https://patents.google.com/patent/US7877612B2,APP,Applicant
US-9465929-B2,32682653,System and method for controlling user access to an electronic device,MICRON TECHNOLOGY INC,https://patents.google.com/patent/US9465929B2,US-8176547-B2,32682653,System and method for controlling user access to an electronic device,"MCKEETH JAMES, MICRON TECHNOLOGY INC",https://patents.google.com/patent/US8176547B2,APP,Applicant
US-9465929-B2,32682653,System and method for controlling user access to an electronic device,MICRON TECHNOLOGY INC,https://patents.google.com/patent/US9465929B2,US-8352745-B2,32682653,System and method for controlling user access to an electronic device,"MICRON TECHNOLOGY INC, MCKEETH JAMES",https://patents.google.com/patent/US8352745B2,APP,Applicant
US-9471761-B2,54367879,Unlocking electronic devices using touchscreen input gestures,IBM,https://patents.google.com/patent/US9471761B2,US-8176547-B2,32682653,System and method for controlling user access to an electronic device,"MCKEETH JAMES, MICRON TECHNOLOGY INC",https://patents.google.com/patent/US8176547B2,APP,Applicant
US-9479426-B2,26803485,Agile network protocol for secure communications with assured system availability,"MUNGER EDMUND COLBY, SABIO VINCENT J, SHORT III ROBERT DUNHAM, GLIGOR VIRGIL D, SCHMIDT DOUGLAS CHARLES, VIRNETZ INC",https://patents.google.com/patent/US9479426B2,US-7188175-B1,37807256,Method and system for communicating between clients in a computer network,WEB COM INC,https://patents.google.com/patent/US7188175B1,APP,Applicant
US-9489449-B1,35908078,Method and system for identifying keywords for use in placing keyword-targeted advertisements,"SCHOLL NATHANIEL B, DENEUI ALEXANDER W, AMAZON TECH INC",https://patents.google.com/patent/US9489449B1,US-6763362-B2,25546405,Method and system for updating a search engine,MICRON TECHNOLOGY INC,https://patents.google.com/patent/US6763362B2,APP,Applicant
US-9495368-B2,38326968,Method for consistent storage of data in an industrial controller,"KAY JAMES J, JOHNSTON DAVID ALLEN, URDANETA SHELLY LYNN, SIEGEL STUART BLAIR, ROCKWELL AUTOMATION TECH INC",https://patents.google.com/patent/US9495368B2,US-6260140-B1,22747798,Operating system multi boot integrator,MICRON ELECTRONICS INC,https://patents.google.com/patent/US6260140B1,SEA,Search Report
US-9495368-B2,38326968,Method for consistent storage of data in an industrial controller,"KAY JAMES J, JOHNSTON DAVID ALLEN, URDANETA SHELLY LYNN, SIEGEL STUART BLAIR, ROCKWELL AUTOMATION TECH INC",https://patents.google.com/patent/US9495368B2,US-6727920-B1,32106387,Multiple operating system quick boot utility,MICRON TECHNOLOGY INC,https://patents.google.com/patent/US6727920B1,APP,Applicant
US-9495462-B2,48871191,Re-ranking search results,"POZNANSKI VICTOR, WANG OIVIND, HOLM FREDRIK, BODD NICOLAI, TANKOVICH VLADIMIR, MEYERZON DMITRIY, MICROSOFT TECHNOLOGY LICENSING LLC",https://patents.google.com/patent/US9495462B2,US-6763362-B2,25546405,Method and system for updating a search engine,MICRON TECHNOLOGY INC,https://patents.google.com/patent/US6763362B2,APP,Applicant
US-9495531-B2,40429680,Embedded authentication systems in an electronic device,APPLE INC,https://patents.google.com/patent/US9495531B2,US-8352745-B2,32682653,System and method for controlling user access to an electronic device,"MICRON TECHNOLOGY INC, MCKEETH JAMES",https://patents.google.com/patent/US8352745B2,APP,Applicant
US-9501583-B2,52117407,Referent based search suggestions,GOOGLE INC,https://patents.google.com/patent/US9501583B2,US-6766456-B1,32682653,Method and system for authenticating a user of a computer system,MICRON TECHNOLOGY INC,https://patents.google.com/patent/US6766456B1,APP,Applicant
US-9519771-B2,40429680,Embedded authentication systems in an electronic device,APPLE INC,https://patents.google.com/patent/US9519771B2,US-8352745-B2,32682653,System and method for controlling user access to an electronic device,"MICRON TECHNOLOGY INC, MCKEETH JAMES",https://patents.google.com/patent/US8352745B2,APP,Applicant
US-9529984-B2,49998897,System and method for verification of user identification based on multimedia content elements,CORTICA LTD,https://patents.google.com/patent/US9529984B2,US-8352745-B2,32682653,System and method for controlling user access to an electronic device,"MICRON TECHNOLOGY INC, MCKEETH JAMES",https://patents.google.com/patent/US8352745B2,APP,Applicant
US-9537843-B2,48914447,"Method, client, server and system of login verification",ALIBABA GROUP HOLDING LTD,https://patents.google.com/patent/US9537843B2,US-2012-0198544-A1,32682653,System and method for controlling user access to an electronic device,"MCKEETH JAMES, MICRON TECHNOLOGY INC",https://patents.google.com/patent/US20120198544A1,APP,Applicant
US-9544306-B2,50101048,Attempted security breach remediation,"SKY SOCKET LLC, AIRWATCH LLC",https://patents.google.com/patent/US9544306B2,US-6766456-B1,32682653,Method and system for authenticating a user of a computer system,MICRON TECHNOLOGY INC,https://patents.google.com/patent/US6766456B1,APP,Applicant
US-9547428-B2,45809644,System and method for touchscreen knob control,"LENGELING GERHARD, JUNGHANNS MARKO, APPLE INC",https://patents.google.com/patent/US9547428B2,US-8352745-B2,32682653,System and method for controlling user access to an electronic device,"MICRON TECHNOLOGY INC, MCKEETH JAMES",https://patents.google.com/patent/US8352745B2,APP,Applicant
US-9553969-B2,37662223,Password methods and systems for use on a mobile device,"MUNJE ARUN, PLESTID TREVOR, BLACKBERRY LTD",https://patents.google.com/patent/US9553969B2,US-2011-0119759-A1,32682653,System and method for controlling user access to an electronic device,MICRON TECHNOLOGY INC,https://patents.google.com/patent/US20110119759A1,SEA,Search Report
US-9563705-B2,50391013,Re-ranking results in a search,WAL MART STORES INC,https://patents.google.com/patent/US9563705B2,US-7979427-B2,25546405,Method and system for updating a search engine,ROUND ROCK RES LLC,https://patents.google.com/patent/US7979427B2,APP,Applicant
US-9569089-B2,38222368,Portable electronic device with multi-touch input,"ORDING BAS, FORSTALL SCOTT, CHRISTIE GREG, LEMAY STEPHEN O, CHAUDHRI IMRAN, APPLE INC",https://patents.google.com/patent/US9569089B2,US-8352745-B2,32682653,System and method for controlling user access to an electronic device,"MICRON TECHNOLOGY INC, MCKEETH JAMES",https://patents.google.com/patent/US8352745B2,APP,Applicant
US-9582536-B2,53798297,Long-term validity of pre-computed request results,AMADEUS SAS,https://patents.google.com/patent/US9582536B2,US-6763362-B2,25546405,Method and system for updating a search engine,MICRON TECHNOLOGY INC,https://patents.google.com/patent/US6763362B2,SEA,Search Report
US-9582824-B2,26852399,Enhancing touch and feel on the Internet,HARRIS SCOTT C,https://patents.google.com/patent/US9582824B2,US-6661419-B2,22382884,Animation packager for an on-line book,MICRON TECHNOLOGY INC,https://patents.google.com/patent/US6661419B2,APP,Applicant
US-9594474-B2,47074900,Semantic selection and purpose facilitation,GOOGLE INC,https://patents.google.com/patent/US9594474B2,US-6766456-B1,32682653,Method and system for authenticating a user of a computer system,MICRON TECHNOLOGY INC,https://patents.google.com/patent/US6766456B1,APP,Applicant
US-9633206-B2,9916862,Demonstrating integrity of a compartment of a compartmented operating system,"DALTON CHRISTOPHER I, HEWLETT PACKARD DEVELOPMENT CO LP",https://patents.google.com/patent/US9633206B2,US-6330669-B1,22744481,OS multi boot integrator,MICRON TECHNOLOGY INC,https://patents.google.com/patent/US6330669B1,APP,Applicant
US-9652215-B2,56164254,Application installation/uninstallation across multiple systems,MICROSOFT TECHNOLOGY LICENSING LLC,https://patents.google.com/patent/US9652215B2,US-6330669-B1,22744481,OS multi boot integrator,MICRON TECHNOLOGY INC,https://patents.google.com/patent/US6330669B1,APP,Applicant
US-9652556-B2,52117407,Search suggestions based on viewport content,GOOGLE INC,https://patents.google.com/patent/US9652556B2,US-6766456-B1,32682653,Method and system for authenticating a user of a computer system,MICRON TECHNOLOGY INC,https://patents.google.com/patent/US6766456B1,APP,Applicant
US-9660993-B2,50548762,Event reporting and handling,"BRILL JACOB ANDREW, MURIELLO DANIEL GREGORY, BARTHOLOMEW ANDREW, FACEBOOK INC",https://patents.google.com/patent/US9660993B2,US-2005-0044382-A1,32682653,System and method for user authentication,Mckeeth James,https://patents.google.com/patent/US20050044382A1,SEA,Search Report
US-9671953-B2,51421723,Systems and methods using drawings which incorporate biometric data as security information,"U S ARMY RES LABORATORY ATTN: RDRL-LOC-I, US ARMY",https://patents.google.com/patent/US9671953B2,US-8352745-B2,32682653,System and method for controlling user access to an electronic device,"MICRON TECHNOLOGY INC, MCKEETH JAMES",https://patents.google.com/patent/US8352745B2,APP,Applicant
US-9679056-B2,50482029,Document reuse in a search engine crawler,GOOGLE INC,https://patents.google.com/patent/US9679056B2,US-6763362-B2,25546405,Method and system for updating a search engine,MICRON TECHNOLOGY INC,https://patents.google.com/patent/US6763362B2,APP,Applicant
US-9679121-B2,54367879,Unlocking electronic devices using touchscreen input gestures,IBM,https://patents.google.com/patent/US9679121B2,US-8176547-B2,32682653,System and method for controlling user access to an electronic device,"MCKEETH JAMES, MICRON TECHNOLOGY INC",https://patents.google.com/patent/US8176547B2,APP,Applicant
US-9686274-B2,51866309,Informed implicit enrollment and identification,"MICROSOFT CORP, MICROSOFT TECHNOLOGY LICENSING LLC",https://patents.google.com/patent/US9686274B2,US-2013-0185790-A1,32682653,System and method for controlling user access to an electronic device,"MICRON TECHNOLOGY INC, MICRON TECHNOLOGY INC",https://patents.google.com/patent/US20130185790A1,SEA,Search Report
US-9690593-B2,51421631,Server information handling system configuration from an end state definition file,DELL PRODUCTS LP,https://patents.google.com/patent/US9690593B2,US-7366985-B1,37831350,Text based markup language resource interface,MICRON TECHNOLOGY INC,https://patents.google.com/patent/US7366985B1,SEA,Search Report
US-9697010-B2,52815307,User selectable operating systems,"MICROSOFT CORP, MICROSOFT TECHNOLOGY LICENSING LLC",https://patents.google.com/patent/US9697010B2,US-7533350-B2,32106387,Multiple operating system quick boot utility,MICRON TECHNOLOGY INC,https://patents.google.com/patent/US7533350B2,APP,Applicant
US-9736212-B2,54931851,Optimized browser rendering process,GOOGLE INC,https://patents.google.com/patent/US9736212B2,US-2010-0057802-A1,25546405,Method and system for updating a search engine,MICRON TECHNOLOGY INC,https://patents.google.com/patent/US20100057802A1,APP,Applicant
US-9740832-B2,45494647,"Method, apparatus and system for access mode control of a device",APPLE INC,https://patents.google.com/patent/US9740832B2,US-8352745-B2,32682653,System and method for controlling user access to an electronic device,"MICRON TECHNOLOGY INC, MCKEETH JAMES",https://patents.google.com/patent/US8352745B2,APP,Applicant
US-9754095-B2,54367879,Unlocking electronic devices using touchscreen input gestures,IBM,https://patents.google.com/patent/US9754095B2,US-8176547-B2,32682653,System and method for controlling user access to an electronic device,"MCKEETH JAMES, MICRON TECHNOLOGY INC",https://patents.google.com/patent/US8176547B2,APP,Applicant
US-9760707-B2,54367879,Unlocking electronic devices using touchscreen input gestures,IBM,https://patents.google.com/patent/US9760707B2,US-8176547-B2,32682653,System and method for controlling user access to an electronic device,"MCKEETH JAMES, MICRON TECHNOLOGY INC",https://patents.google.com/patent/US8176547B2,APP,Applicant
US-9766944-B2,54190512,Dynamic partition dual boot mobile phone device,MICROSOFT TECHNOLOGY LICENSING LLC,https://patents.google.com/patent/US9766944B2,US-7533350-B2,32106387,Multiple operating system quick boot utility,MICRON TECHNOLOGY INC,https://patents.google.com/patent/US7533350B2,APP,Applicant
US-9767478-B2,34381362,Document scoring based on traffic associated with a document,"LAWRENCE STEVE, GOOGLE INC",https://patents.google.com/patent/US9767478B2,US-2003-0105744-A1,25546405,Method and system for updating a search engine,Mckeeth Jim,https://patents.google.com/patent/US20030105744A1,APP,Applicant
US-9779124-B2,48979500,Mobile terminal and control method thereof,LG ELECTRONICS INC,https://patents.google.com/patent/US9779124B2,US-6763362-B2,25546405,Method and system for updating a search engine,MICRON TECHNOLOGY INC,https://patents.google.com/patent/US6763362B2,SEA,Search Report
US-9779179-B2,52117407,Referent based search suggestions,GOOGLE INC,https://patents.google.com/patent/US9779179B2,US-6766456-B1,32682653,Method and system for authenticating a user of a computer system,MICRON TECHNOLOGY INC,https://patents.google.com/patent/US6766456B1,APP,Applicant
US-9785720-B2,54930789,Script optimized browser rendering process,GOOGLE INC,https://patents.google.com/patent/US9785720B2,US-2010-0057802-A1,25546405,Method and system for updating a search engine,MICRON TECHNOLOGY INC,https://patents.google.com/patent/US20100057802A1,APP,Applicant
US-9811651-B2,32682653,System and method for controlling user access to an electronic device,MICRON TECHNOLOGY INC,https://patents.google.com/patent/US9811651B2,US-2005-0021960-A1,32682653,Method and system for authenticating a user of a computer system,Mckeeth James,https://patents.google.com/patent/US20050021960A1,APP,Applicant
US-9811651-B2,32682653,System and method for controlling user access to an electronic device,MICRON TECHNOLOGY INC,https://patents.google.com/patent/US9811651B2,US-2005-0022005-A1,32682653,System and method for controlling user access to an electronic device,Mckeeth James,https://patents.google.com/patent/US20050022005A1,APP,Applicant
US-9811651-B2,32682653,System and method for controlling user access to an electronic device,MICRON TECHNOLOGY INC,https://patents.google.com/patent/US9811651B2,US-2005-0044382-A1,32682653,System and method for user authentication,Mckeeth James,https://patents.google.com/patent/US20050044382A1,APP,Applicant
US-9811651-B2,32682653,System and method for controlling user access to an electronic device,MICRON TECHNOLOGY INC,https://patents.google.com/patent/US9811651B2,US-2011-0119759-A1,32682653,System and method for controlling user access to an electronic device,MICRON TECHNOLOGY INC,https://patents.google.com/patent/US20110119759A1,APP,Applicant
US-9811651-B2,32682653,System and method for controlling user access to an electronic device,MICRON TECHNOLOGY INC,https://patents.google.com/patent/US9811651B2,US-2012-0198544-A1,32682653,System and method for controlling user access to an electronic device,"MCKEETH JAMES, MICRON TECHNOLOGY INC",https://patents.google.com/patent/US20120198544A1,APP,Applicant
US-9811651-B2,32682653,System and method for controlling user access to an electronic device,MICRON TECHNOLOGY INC,https://patents.google.com/patent/US9811651B2,US-2013-0185790-A1,32682653,System and method for controlling user access to an electronic device,"MICRON TECHNOLOGY INC, MICRON TECHNOLOGY INC",https://patents.google.com/patent/US20130185790A1,APP,Applicant
US-9811651-B2,32682653,System and method for controlling user access to an electronic device,MICRON TECHNOLOGY INC,https://patents.google.com/patent/US9811651B2,US-2014-0351928-A1,32682653,System and method for controlling user access to an electronic device,MICRON TECHNOLOGY INC,https://patents.google.com/patent/US20140351928A1,APP,Applicant
US-9811651-B2,32682653,System and method for controlling user access to an electronic device,MICRON TECHNOLOGY INC,https://patents.google.com/patent/US9811651B2,US-6766456-B1,32682653,Method and system for authenticating a user of a computer system,MICRON TECHNOLOGY INC,https://patents.google.com/patent/US6766456B1,APP,Applicant
US-9811651-B2,32682653,System and method for controlling user access to an electronic device,MICRON TECHNOLOGY INC,https://patents.google.com/patent/US9811651B2,US-7877612-B2,32682653,System and method for controlling user access to an electronic device,MICRON TECHNOLOGY INC,https://patents.google.com/patent/US7877612B2,APP,Applicant
US-9811651-B2,32682653,System and method for controlling user access to an electronic device,MICRON TECHNOLOGY INC,https://patents.google.com/patent/US9811651B2,US-8176547-B2,32682653,System and method for controlling user access to an electronic device,"MCKEETH JAMES, MICRON TECHNOLOGY INC",https://patents.google.com/patent/US8176547B2,APP,Applicant
US-9811651-B2,32682653,System and method for controlling user access to an electronic device,MICRON TECHNOLOGY INC,https://patents.google.com/patent/US9811651B2,US-8352745-B2,32682653,System and method for controlling user access to an electronic device,"MICRON TECHNOLOGY INC, MCKEETH JAMES",https://patents.google.com/patent/US8352745B2,APP,Applicant
US-9811651-B2,32682653,System and method for controlling user access to an electronic device,MICRON TECHNOLOGY INC,https://patents.google.com/patent/US9811651B2,US-8839416-B2,32682653,System and method for controlling user access to an electronic device,MICRON TECHNOLOGY INC,https://patents.google.com/patent/US8839416B2,APP,Applicant
US-9817896-B2,41215996,Search query scoring and popularity monitoring and systems and methods therefor,"CHANNELL BRIAN PAUL, EXCALIBUR IP LLC",https://patents.google.com/patent/US9817896B2,US-2012-0011116-A1,25546405,Method and system for updating a search engine,MCKEETH JIM,https://patents.google.com/patent/US20120011116A1,SEA,Search Report
US-9819649-B2,32303805,System and method employing an agile network protocol for secure communications using secure domain names,VIRNETX INC,https://patents.google.com/patent/US9819649B2,US-7188175-B1,37807256,Method and system for communicating between clients in a computer network,WEB COM INC,https://patents.google.com/patent/US7188175B1,APP,Applicant
US-9830633-B2,47830774,Deriving dynamic consumer defined product attributes from input queries,IBM,https://patents.google.com/patent/US9830633B2,US-2010-0057802-A1,25546405,Method and system for updating a search engine,MICRON TECHNOLOGY INC,https://patents.google.com/patent/US20100057802A1,APP,Applicant
US-9852152-B2,38326968,Method for consistent storage of data in an industrial controller,ROCKWELL AUTOMATION TECH INC,https://patents.google.com/patent/US9852152B2,US-6260140-B1,22747798,Operating system multi boot integrator,MICRON ELECTRONICS INC,https://patents.google.com/patent/US6260140B1,APP,Applicant
US-9852152-B2,38326968,Method for consistent storage of data in an industrial controller,ROCKWELL AUTOMATION TECH INC,https://patents.google.com/patent/US9852152B2,US-6727920-B1,32106387,Multiple operating system quick boot utility,MICRON TECHNOLOGY INC,https://patents.google.com/patent/US6727920B1,APP,Applicant
US-9860283-B2,24007717,Agile network protocol for secure video communications with assured system availability,VIRNETX INC,https://patents.google.com/patent/US9860283B2,US-7188175-B1,37807256,Method and system for communicating between clients in a computer network,WEB COM INC,https://patents.google.com/patent/US7188175B1,APP,Applicant
US-9870534-B1,60935001,Predicting network activities associated with a given site,NOMINUM INC,https://patents.google.com/patent/US9870534B1,US-7188175-B1,37807256,Method and system for communicating between clients in a computer network,WEB COM INC,https://patents.google.com/patent/US7188175B1,APP,Applicant
US-9910974-B2,32682653,Method for controlling user access to an electronic device,MICRON TECHNOLOGY INC,https://patents.google.com/patent/US9910974B2,US-2005-0021960-A1,32682653,Method and system for authenticating a user of a computer system,Mckeeth James,https://patents.google.com/patent/US20050021960A1,APP,Applicant
US-9910974-B2,32682653,Method for controlling user access to an electronic device,MICRON TECHNOLOGY INC,https://patents.google.com/patent/US9910974B2,US-2005-0022005-A1,32682653,System and method for controlling user access to an electronic device,Mckeeth James,https://patents.google.com/patent/US20050022005A1,APP,Applicant
US-9910974-B2,32682653,Method for controlling user access to an electronic device,MICRON TECHNOLOGY INC,https://patents.google.com/patent/US9910974B2,US-2005-0044382-A1,32682653,System and method for user authentication,Mckeeth James,https://patents.google.com/patent/US20050044382A1,APP,Applicant
US-9910974-B2,32682653,Method for controlling user access to an electronic device,MICRON TECHNOLOGY INC,https://patents.google.com/patent/US9910974B2,US-2011-0119759-A1,32682653,System and method for controlling user access to an electronic device,MICRON TECHNOLOGY INC,https://patents.google.com/patent/US20110119759A1,APP,Applicant
US-9910974-B2,32682653,Method for controlling user access to an electronic device,MICRON TECHNOLOGY INC,https://patents.google.com/patent/US9910974B2,US-2012-0198544-A1,32682653,System and method for controlling user access to an electronic device,"MCKEETH JAMES, MICRON TECHNOLOGY INC",https://patents.google.com/patent/US20120198544A1,APP,Applicant
US-9910974-B2,32682653,Method for controlling user access to an electronic device,MICRON TECHNOLOGY INC,https://patents.google.com/patent/US9910974B2,US-2013-0185790-A1,32682653,System and method for controlling user access to an electronic device,"MICRON TECHNOLOGY INC, MICRON TECHNOLOGY INC",https://patents.google.com/patent/US20130185790A1,APP,Applicant
US-9910974-B2,32682653,Method for controlling user access to an electronic device,MICRON TECHNOLOGY INC,https://patents.google.com/patent/US9910974B2,US-2014-0351928-A1,32682653,System and method for controlling user access to an electronic device,MICRON TECHNOLOGY INC,https://patents.google.com/patent/US20140351928A1,APP,Applicant
US-9910974-B2,32682653,Method for controlling user access to an electronic device,MICRON TECHNOLOGY INC,https://patents.google.com/patent/US9910974B2,US-6766456-B1,32682653,Method and system for authenticating a user of a computer system,MICRON TECHNOLOGY INC,https://patents.google.com/patent/US6766456B1,APP,Applicant
US-9910974-B2,32682653,Method for controlling user access to an electronic device,MICRON TECHNOLOGY INC,https://patents.google.com/patent/US9910974B2,US-7877612-B2,32682653,System and method for controlling user access to an electronic device,MICRON TECHNOLOGY INC,https://patents.google.com/patent/US7877612B2,APP,Applicant
US-9910974-B2,32682653,Method for controlling user access to an electronic device,MICRON TECHNOLOGY INC,https://patents.google.com/patent/US9910974B2,US-8176547-B2,32682653,System and method for controlling user access to an electronic device,"MCKEETH JAMES, MICRON TECHNOLOGY INC",https://patents.google.com/patent/US8176547B2,APP,Applicant
US-9910974-B2,32682653,Method for controlling user access to an electronic device,MICRON TECHNOLOGY INC,https://patents.google.com/patent/US9910974B2,US-8352745-B2,32682653,System and method for controlling user access to an electronic device,"MICRON TECHNOLOGY INC, MCKEETH JAMES",https://patents.google.com/patent/US8352745B2,APP,Applicant
US-9910974-B2,32682653,Method for controlling user access to an electronic device,MICRON TECHNOLOGY INC,https://patents.google.com/patent/US9910974B2,US-8839416-B2,32682653,System and method for controlling user access to an electronic device,MICRON TECHNOLOGY INC,https://patents.google.com/patent/US8839416B2,APP,Applicant
US-9910974-B2,32682653,Method for controlling user access to an electronic device,MICRON TECHNOLOGY INC,https://patents.google.com/patent/US9910974B2,US-9465929-B2,32682653,System and method for controlling user access to an electronic device,MICRON TECHNOLOGY INC,https://patents.google.com/patent/US9465929B2,APP,Applicant
US-9936085-B2,33027892,Image transmission apparatus,SHARP KK,https://patents.google.com/patent/US9936085B2,US-6411693-B1,23905838,Long distance modem warning,MICRON TECHNOLGY INC,https://patents.google.com/patent/US6411693B1,APP,Applicant
US-9946356-B2,38660774,3D pointing devices with orientation compensation and improved usability,"IDHL HOLDINGS INC, INTERDIGITAL PATENT HOLDINGS INC",https://patents.google.com/patent/US9946356B2,US-6766456-B1,32682653,Method and system for authenticating a user of a computer system,MICRON TECHNOLOGY INC,https://patents.google.com/patent/US6766456B1,APP,Applicant
US-9953143-B2,41257711,Software identifier based correlation,"YEE JOHN LEONG, ALONZO JASON ARON, APTE UMESH MADHAV, ORACLE INT CORP",https://patents.google.com/patent/US9953143B2,US-9652303-B2,44070991,Command line output redirection,MICRON TECHNOLOGY INC,https://patents.google.com/patent/US9652303B2,SEA,Search Report
US-9953152-B2,40429680,Embedded authentication systems in an electronic device,APPLE INC,https://patents.google.com/patent/US9953152B2,US-8352745-B2,32682653,System and method for controlling user access to an electronic device,"MICRON TECHNOLOGY INC, MCKEETH JAMES",https://patents.google.com/patent/US8352745B2,APP,Applicant
US-9954842-B2,48914447,"Method, client, server and system of login verification",ALIBABA GROUP HOLDING LTD,https://patents.google.com/patent/US9954842B2,US-2012-0198544-A1,32682653,System and method for controlling user access to an electronic device,"MCKEETH JAMES, MICRON TECHNOLOGY INC",https://patents.google.com/patent/US20120198544A1,APP,Applicant
US-9959694-B2,38620975,Security systems for protecting an asset,LINDSAY JEFFREY DEAN,https://patents.google.com/patent/US9959694B2,US-2005-0022005-A1,32682653,System and method for controlling user access to an electronic device,Mckeeth James,https://patents.google.com/patent/US20050022005A1,SEA,Search Report
US-9967240-B2,32303805,Agile network protocol for secure communications using secure domain names,VIRNETX INC,https://patents.google.com/patent/US9967240B2,US-7188175-B1,37807256,Method and system for communicating between clients in a computer network,WEB COM INC,https://patents.google.com/patent/US7188175B1,APP,Applicant
US-9973373-B2,49236584,Apparatus and method for managing domain name system server in communication system,"SAMSUNG ELECTRONICS CO LTD, SAMSUNG ELECTRONICS CO LTD",https://patents.google.com/patent/US9973373B2,US-2007-0112911-A1,37807256,Method and System for Communicating Between Clients In A Computer Network,MCKEETH JAMES A,https://patents.google.com/patent/US20070112911A1,SEA,Search Report
US-9984130-B2,54930717,Batch-optimized render and fetch architecture utilizing a virtual clock,"GOOGLE INC, GOOGLE LLC",https://patents.google.com/patent/US9984130B2,US-2010-0057802-A1,25546405,Method and system for updating a search engine,MICRON TECHNOLOGY INC,https://patents.google.com/patent/US20100057802A1,APP,Applicant
US-9984165-B2,53775116,Increasing search result validity,AMADEUS SAS,https://patents.google.com/patent/US9984165B2,US-6763362-B2,25546405,Method and system for updating a search engine,MICRON TECHNOLOGY INC,https://patents.google.com/patent/US6763362B2,APP,Applicant
US-D673176-S,47360083,Display screen with icon,"PHELAN KIERAN, MICROSOFT CORP",https://patents.google.com/patent/USD673176S,US-7533350-B2,32106387,Multiple operating system quick boot utility,MICRON TECHNOLOGY INC,https://patents.google.com/patent/US7533350B2,SEA,Search Report
WO-2005017801-A3,34116203,"Systems, methods, and computer program products for storing and retrieving product availability information from a storage cache","TRAVELOCITY COM LP, HARTMANN JOSHUA, CLINTON DEWITT, PALLAMREDDY KISHORE, SHTARKMAN DANIEL",https://patents.google.com/patent/WO2005017801A3,US-2003-0105744-A1,25546405,Method and system for updating a search engine,Mckeeth Jim,https://patents.google.com/patent/US20030105744A1,ISR,Intl Search Report
WO-2005065400-A3,34753190,Method and system for placing advertisements based on selection of links that are not prominently displayed,"AMAZON TECH INC, SCHOLL NATHANIEL BLAKE, POWER JOANNA, DENEUI ALEXANDER W",https://patents.google.com/patent/WO2005065400A3,US-6763362-B2,25546405,Method and system for updating a search engine,MICRON TECHNOLOGY INC,https://patents.google.com/patent/US6763362B2,ISR,Intl Search Report
WO-2005077009-A3,34860848,Network traffic monitoring for search popularity analysis,"NARUS INC, CHANDRA ROHIT",https://patents.google.com/patent/WO2005077009A3,US-2003-0105744-A1,25546405,Method and system for updating a search engine,Mckeeth Jim,https://patents.google.com/patent/US20030105744A1,ISR,Intl Search Report
WO-2008103778-A3,39638890,Password protection system and method,"INVICTA NETWORKS INC, SHEYMOV VICTOR I",https://patents.google.com/patent/WO2008103778A3,US-6766456-B1,32682653,Method and system for authenticating a user of a computer system,MICRON TECHNOLOGY INC,https://patents.google.com/patent/US6766456B1,ISR,Intl Search Report
WO-2009032445-A1,40339271,Integration model for instant-on environment,"DEVICEVM INC, TSAI WEN-PIN, CHONG BENEDICT T, SHEU PHILIP, DENG THOMAS, CHIN VICTOR, FANG XUN, SHIU JIAN-JUNG, WANG HONG-SHENG, LIN WEI-NAN",https://patents.google.com/patent/WO2009032445A1,US-6727920-B1,32106387,Multiple operating system quick boot utility,MICRON TECHNOLOGY INC,https://patents.google.com/patent/US6727920B1,ISR,Intl Search Report
WO-2016109610-A1,56164254,Application installation/uninstallation across multiple systems,MICROSOFT TECHNOLOGY LICENSING LLC,https://patents.google.com/patent/WO2016109610A1,US-6330669-B1,22744481,OS multi boot integrator,MICRON TECHNOLOGY INC,https://patents.google.com/patent/US6330669B1,ISR,Intl Search Report
WO-2016134601-A1,52669425,"Multi-operating system device, notification device and methods thereof",HUAWEI TECH CO LTD,https://patents.google.com/patent/WO2016134601A1,US-6330669-B1,22744481,OS multi boot integrator,MICRON TECHNOLOGY INC,https://patents.google.com/patent/US6330669B1,ISR,Intl Search Report
WO-2017012216-A1,57833748,"Login processing method and apparatus, and terminal",ZTE CORP,https://patents.google.com/patent/WO2017012216A1,US-2014-0351928-A1,32682653,System and method for controlling user access to an electronic device,MICRON TECHNOLOGY INC,https://patents.google.com/patent/US20140351928A1,ISR,Intl Search Report
WO-2020081449-A1,70162325,"Search mining method, apparatus, storage medium, and electronic device",ALIBABA GROUP HOLDING LTD,https://patents.google.com/patent/WO2020081449A1,US-2005-0015394-A1,25546405,Method and system for updating a search engine,Mckeeth Jim,https://patents.google.com/patent/US20050015394A1,ISR,Intl Search Report
WO-2020190316-A1,72423218,Utilizing voice biometrics to address coercion of an authorized user of a secure device by a nefarious actor,HOYOS INTEGRITY CORP,https://patents.google.com/patent/WO2020190316A1,US-2014-0351928-A1,32682653,System and method for controlling user access to an electronic device,MICRON TECHNOLOGY INC,https://patents.google.com/patent/US20140351928A1,ISR,Intl Search Report
WO-2021260314-A1,72644402,Device and method for authenticating a user of a first electronic device connected to a second electronic device,ORANGE,https://patents.google.com/patent/WO2021260314A1,US-6766456-B1,32682653,Method and system for authenticating a user of a computer system,MICRON TECHNOLOGY INC,https://patents.google.com/patent/US6766456B1,ISR,Intl Search Report
WO-2024129237-A1,91381219,Raiseable profile-based access for media content,WESTERN DIGITAL TECH INC,https://patents.google.com/patent/WO2024129237A1,US-2017-0124310-A1,32682653,System and method for controlling user access to an electronic device,MICRON TECHNOLOGY INC,https://patents.google.com/patent/US20170124310A1,ISR,Intl Search Report
